run,drone,t_s,explored_m2,frontier_regions_n
gps_denied/20260928-165916,1,-3.18,3.39,
gps_denied/20260928-165916,1,-1.18,3.39,
gps_denied/20260928-165916,1,-0.18,3.39,
gps_denied/20260928-165916,1,0.82,3.39,
gps_denied/20260928-165916,1,2.82,3.39,
gps_denied/20260928-165916,1,3.82,3.39,
gps_denied/20260928-165916,1,4.82,3.39,
gps_denied/20260928-165916,1,5.82,3.39,
gps_denied/20260928-165916,1,6.82,3.39,
gps_denied/20260928-165916,1,7.82,3.39,
gps_denied/20260928-165916,1,8.82,3.39,
gps_denied/20260928-165916,1,10.82,3.39,
gps_denied/20260928-165916,1,12.82,3.39,
gps_denied/20260928-165916,1,14.82,3.39,
gps_denied/20260928-165916,1,15.82,3.39,
gps_denied/20260928-165916,1,16.82,3.39,
gps_denied/20260928-165916,1,18.82,3.39,
gps_denied/20260928-165916,1,19.82,3.39,
gps_denied/20260928-165916,1,21.82,3.39,2
gps_denied/20260928-165916,1,23.82,10.67,4
gps_denied/20260928-165916,1,25.82,12.62,4
gps_denied/20260928-165916,1,27.82,14.13,4
gps_denied/20260928-165916,1,29.82,16.08,4
gps_denied/20260928-165916,1,30.82,16.79,4
gps_denied/20260928-165916,1,32.82,18.48,4
gps_denied/20260928-165916,1,33.82,19.55,4
gps_denied/20260928-165916,1,34.82,20.03,4
gps_denied/20260928-165916,1,36.82,21.48,12
gps_denied/20260928-165916,1,38.82,22.8,12
gps_denied/20260928-165916,1,39.82,23.98,12
gps_denied/20260928-165916,1,40.83,25.39,12
gps_denied/20260928-165916,1,42.83,30.3,12
gps_denied/20260928-165916,1,43.83,32.95,12
gps_denied/20260928-165916,1,44.83,37.23,12
gps_denied/20260928-165916,1,46.83,41.06,24
gps_denied/20260928-165916,1,48.83,42.07,24
gps_denied/20260928-165916,1,50.83,44.06,24
gps_denied/20260928-165916,1,52.83,45.18,24
gps_denied/20260928-165916,1,54.83,45.98,24
gps_denied/20260928-165916,1,55.83,46.98,24
gps_denied/20260928-165916,1,56.83,47.68,24
gps_denied/20260928-165916,1,57.83,48.15,24
gps_denied/20260928-165916,1,59.83,48.91,24
gps_denied/20260928-165916,1,60.83,49.32,24
gps_denied/20260928-165916,1,61.83,49.58,24
gps_denied/20260928-165916,1,62.83,50.64,24
gps_denied/20260928-165916,1,64.83,57.1,24
gps_denied/20260928-165916,1,65.83,61.28,8
gps_denied/20260928-165916,1,66.83,62.83,8
gps_denied/20260928-165916,1,67.83,65.31,8
gps_denied/20260928-165916,1,68.83,66.23,8
gps_denied/20260928-165916,1,70.83,68.01,8
gps_denied/20260928-165916,1,72.83,69.68,8
gps_denied/20260928-165916,1,73.83,69.99,8
gps_denied/20260928-165916,1,74.83,70.4,8
gps_denied/20260928-165916,1,76.83,70.77,12
gps_denied/20260928-165916,1,77.83,70.97,12
gps_denied/20260928-165916,1,79.83,71.03,12
gps_denied/20260928-165916,1,81.83,71.08,12
gps_denied/20260928-165916,1,83.83,71.12,12
gps_denied/20260928-165916,1,84.83,71.12,12
gps_denied/20260928-165916,1,85.83,71.16,12
gps_denied/20260928-165916,1,87.83,71.22,12
gps_denied/20260928-165916,1,88.83,71.3,12
gps_denied/20260928-165916,1,89.83,71.4,12
gps_denied/20260928-165916,1,91.83,71.52,12
gps_denied/20260928-165916,1,92.83,71.57,12
gps_denied/20260928-165916,1,94.83,71.62,12
gps_denied/20260928-165916,1,95.83,71.64,12
gps_denied/20260928-165916,1,96.83,71.64,8
gps_denied/20260928-165916,1,98.83,71.66,8
gps_denied/20260928-165916,1,99.83,71.68,8
gps_denied/20260928-165916,1,101.83,71.71,8
gps_denied/20260928-165916,1,103.83,71.73,8
gps_denied/20260928-165916,1,105.83,71.73,8
gps_denied/20260928-165916,1,106.83,71.73,8
gps_denied/20260928-165916,1,107.83,71.73,8
gps_denied/20260928-165916,1,109.84,71.73,8
gps_denied/20260928-165916,1,111.84,72.69,8
gps_denied/20260928-165916,1,112.84,72.96,8
gps_denied/20260928-165916,1,114.83,73.1,8
gps_denied/20260928-165916,1,115.84,73.1,11
gps_denied/20260928-165916,1,117.84,73.17,11
gps_denied/20260928-165916,1,118.84,73.31,11
gps_denied/20260928-165916,1,120.84,73.46,11
gps_denied/20260928-165916,1,121.84,73.61,11
gps_denied/20260928-165916,1,123.84,74.12,11
gps_denied/20260928-165916,1,124.84,74.3,11
gps_denied/20260928-165916,1,126.83,75.48,11
gps_denied/20260928-165916,1,127.84,78.24,11
gps_denied/20260928-165916,1,129.83,82.12,11
gps_denied/20260928-165916,1,130.84,83.73,11
gps_denied/20260928-165916,1,131.84,84.32,11
gps_denied/20260928-165916,1,133.84,86.19,11
gps_denied/20260928-165916,1,135.83,86.98,17
gps_denied/20260928-165916,1,136.84,87.58,17
gps_denied/20260928-165916,1,137.84,87.71,17
gps_denied/20260928-165916,1,138.84,87.91,17
gps_denied/20260928-165916,1,140.84,88.17,17
gps_denied/20260928-165916,1,141.84,88.28,17
gps_denied/20260928-165916,1,142.84,88.43,17
gps_denied/20260928-165916,1,143.84,88.99,17
gps_denied/20260928-165916,1,144.84,89.41,17
gps_denied/20260928-165916,1,146.84,91.36,17
gps_denied/20260928-165916,1,148.84,93.11,17
gps_denied/20260928-165916,1,150.84,96.45,8
gps_denied/20260928-165916,1,151.84,97.46,8
gps_denied/20260928-165916,1,152.84,98.39,8
gps_denied/20260928-165916,1,154.84,100.8,8
gps_denied/20260928-165916,1,155.84,102.32,8
gps_denied/20260928-165916,1,156.84,102.99,8
gps_denied/20260928-165916,1,158.84,105.17,17
gps_denied/20260928-165916,1,160.84,107.0,17
gps_denied/20260928-165916,1,161.84,107.0,17
gps_denied/20260928-165916,1,163.84,107.0,17
gps_denied/20260928-165916,1,165.84,107.0,17
gps_denied/20260928-165916,1,166.84,107.0,17
gps_denied/20260928-165916,1,167.84,107.0,17
gps_denied/20260928-165916,1,168.84,107.0,17
gps_denied/20260928-165916,1,170.84,107.0,17
gps_denied/20260928-165916,1,171.84,107.0,17
gps_denied/20260928-165916,1,173.84,107.0,17
gps_denied/20260928-165916,1,174.84,107.0,17
gps_denied/20260928-165916,1,176.85,107.0,17
gps_denied/20260928-165916,1,178.84,107.0,17
gps_denied/20260928-165916,1,179.84,107.0,17
gps_denied/20260928-165916,1,181.84,107.0,17
gps_denied/20260928-165916,1,183.84,107.0,17
gps_denied/20260928-165916,1,184.84,107.0,17
gps_denied/20260928-165916,1,185.84,107.0,17
gps_denied/20260928-165916,1,186.84,107.0,17
gps_denied/20260928-165916,1,188.84,107.0,17
gps_denied/20260928-165916,1,190.84,107.0,17
gps_denied/20260928-165916,1,192.84,107.0,17
gps_denied/20260928-165916,1,194.85,107.0,17
gps_denied/20260928-165916,1,196.85,107.0,17
gps_denied/20260928-165916,1,198.84,107.0,17
gps_denied/20260928-165916,1,200.84,107.0,17
gps_denied/20260928-165916,1,201.84,107.0,17
gps_denied/20260928-165916,1,202.85,107.0,17
gps_denied/20260928-165916,1,204.84,107.0,17
gps_denied/20260928-165916,1,206.84,107.0,17
gps_denied/20260928-165916,1,208.84,107.0,17
gps_denied/20260928-165916,1,210.84,107.0,17
gps_denied/20260928-165916,1,211.84,107.0,17
gps_denied/20260928-165916,1,212.85,107.0,17
gps_denied/20260928-165916,1,214.84,107.0,17
gps_denied/20260928-165916,1,215.85,107.0,17
gps_denied/20260928-165916,1,217.84,107.0,17
gps_denied/20260928-165916,1,219.84,107.0,17
gps_denied/20260928-165916,1,221.84,107.0,17
gps_denied/20260928-165916,1,223.84,107.0,17
gps_denied/20260928-165916,1,225.84,107.0,17
gps_denied/20260928-165916,1,226.84,107.0,17
gps_denied/20260928-165916,1,228.84,107.0,17
gps_denied/20260928-165916,1,230.84,107.0,17
gps_denied/20260928-165916,1,231.84,107.0,17
gps_denied/20260928-165916,1,232.84,107.0,17
gps_denied/20260928-165916,1,234.84,107.0,17
gps_denied/20260928-165916,1,236.84,107.0,17
gps_denied/20260928-165916,1,237.84,107.0,17
gps_denied/20260928-165916,1,239.84,107.0,17
gps_denied/20260928-165916,1,241.84,107.0,17
gps_denied/20260928-165916,1,242.84,107.0,17
gps_denied/20260928-165916,1,243.84,107.0,17
gps_denied/20260928-165916,1,245.84,107.0,17
gps_denied/20260928-165916,1,247.84,107.0,17
gps_denied/20260928-165916,1,249.84,107.0,17
gps_denied/20260928-165916,1,251.84,107.0,17
gps_denied/20260928-165916,1,253.84,107.0,17
gps_denied/20260928-165916,1,254.84,107.0,17
gps_denied/20260928-165916,1,256.84,107.0,17
gps_denied/20260928-165916,1,257.84,107.0,17
gps_denied/20260928-165916,1,259.84,107.0,17
gps_denied/20260928-165916,1,261.84,107.0,17
gps_denied/20260928-165916,1,262.84,107.0,17
gps_denied/20260928-165916,1,264.84,107.0,17
gps_denied/20260928-165916,1,266.84,107.0,17
gps_denied/20260928-165916,1,267.84,107.0,17
gps_denied/20260928-165916,1,269.84,107.0,17
gps_denied/20260928-165916,1,271.84,107.0,17
gps_denied/20260928-165916,1,272.84,107.0,17
gps_denied/20260928-165916,1,274.84,107.0,17
gps_denied/20260928-165916,1,275.84,107.0,17
gps_denied/20260928-165916,1,276.84,107.0,17
gps_denied/20260928-165916,1,278.84,107.0,17
gps_denied/20260928-165916,1,279.84,107.0,17
gps_denied/20260928-165916,1,281.84,107.0,17
gps_denied/20260928-165916,1,282.84,107.0,17
gps_denied/20260928-165916,1,283.84,107.0,17
gps_denied/20260928-165916,1,285.84,107.0,17
gps_denied/20260928-165916,1,286.85,107.0,17
gps_denied/20260928-165916,1,288.84,107.0,17
gps_denied/20260928-165916,1,290.84,107.0,17
gps_denied/20260928-165916,1,292.84,107.0,17
gps_denied/20260928-165916,1,293.84,107.0,17
gps_denied/20260928-165916,1,295.84,107.0,17
gps_denied/20260928-165916,1,297.84,107.0,17
gps_denied/20260928-165916,1,298.84,107.0,17
gps_denied/20260928-165916,1,299.84,107.0,17
gps_denied/20260928-165916,1,301.84,107.0,17
gps_denied/20260928-165916,1,303.84,107.0,17
gps_denied/20260928-165916,1,305.84,107.0,17
gps_denied/20260928-165916,1,306.84,107.0,17
gps_denied/20260928-165916,1,308.84,107.0,17
gps_denied/20260928-165916,1,309.84,107.0,17
gps_denied/20260928-165916,1,311.84,107.0,17
gps_denied/20260928-165916,1,313.84,107.0,17
gps_denied/20260928-165916,1,315.84,107.0,17
gps_denied/20260928-165916,1,316.84,107.0,17
gps_denied/20260928-165916,1,317.84,107.0,17
gps_denied/20260928-165916,1,319.84,107.0,17
gps_denied/20260928-165916,1,321.84,107.0,17
gps_denied/20260928-165916,1,323.84,107.0,17
gps_denied/20260928-165916,1,324.84,107.0,17
gps_denied/20260928-165916,1,326.84,107.0,17
gps_denied/20260928-165916,1,327.84,107.0,17
gps_denied/20260928-165916,1,329.84,107.0,17
gps_denied/20260928-165916,1,331.84,107.0,17
gps_denied/20260928-165916,1,333.84,107.0,17
gps_denied/20260928-165916,1,334.84,107.0,17
gps_denied/20260928-165916,1,336.84,107.0,17
gps_denied/20260928-165916,1,337.84,107.0,17
gps_denied/20260928-165916,1,338.84,107.0,17
gps_denied/20260928-165916,1,340.84,107.0,17
gps_denied/20260928-165916,1,341.84,107.0,17
gps_denied/20260928-165916,1,343.84,107.0,17
gps_denied/20260928-165916,1,344.84,107.0,17
gps_denied/20260928-165916,1,346.84,107.0,17
gps_denied/20260928-165916,1,347.84,107.0,17
gps_denied/20260928-165916,1,348.84,107.0,17
gps_denied/20260928-165916,1,350.84,107.0,17
gps_denied/20260928-165916,1,352.84,107.0,17
gps_denied/20260928-165916,1,354.84,107.0,17
gps_denied/20260928-165916,1,355.84,107.0,17
gps_denied/20260928-165916,1,357.84,107.0,17
gps_denied/20260928-165916,1,358.84,107.0,17
gps_denied/20260928-165916,1,360.84,107.0,17
gps_denied/20260928-165916,1,361.84,107.0,17
gps_denied/20260928-165916,1,363.84,107.0,17
gps_denied/20260928-165916,1,364.84,107.0,17
gps_denied/20260928-165916,1,366.84,107.0,17
gps_denied/20260928-165916,1,368.84,107.0,17
gps_denied/20260928-165916,1,369.84,107.0,17
gps_denied/20260928-165916,1,371.84,107.0,17
gps_denied/20260928-165916,1,372.84,107.0,17
gps_denied/20260928-165916,1,373.84,107.0,17
gps_denied/20260928-165916,1,375.84,107.0,17
gps_denied/20260928-165916,1,376.84,107.0,17
gps_denied/20260928-165916,1,378.84,107.0,17
gps_denied/20260928-165916,1,379.85,107.0,17
gps_denied/20260928-165916,1,381.84,107.0,17
gps_denied/20260928-165916,1,382.84,107.0,17
gps_denied/20260928-165916,1,383.84,107.0,17
gps_denied/20260928-165916,1,384.84,107.0,17
gps_denied/20260928-165916,1,385.84,107.0,17
gps_denied/20260928-165916,1,387.84,107.0,17
gps_denied/20260928-165916,1,389.84,107.0,17
gps_denied/20260928-165916,1,390.84,107.0,17
gps_denied/20260928-165916,1,392.84,107.0,17
gps_denied/20260928-165916,1,394.84,107.0,17
gps_denied/20260928-165916,1,396.84,107.0,17
gps_denied/20260928-165916,1,397.84,107.0,17
gps_denied/20260928-165916,1,399.84,107.0,17
gps_denied/20260928-165916,1,400.84,107.0,17
gps_denied/20260928-165916,1,402.84,107.0,17
gps_denied/20260928-165916,1,404.84,107.0,17
gps_denied/20260928-165916,1,405.84,107.0,17
gps_denied/20260928-165916,1,407.84,107.0,17
gps_denied/20260928-165916,1,409.84,107.0,17
gps_denied/20260928-165916,1,411.84,107.0,17
gps_denied/20260928-165916,1,412.84,107.0,17
gps_denied/20260928-165916,1,413.85,107.0,17
gps_denied/20260928-165916,1,415.84,107.0,17
gps_denied/20260928-165916,1,417.84,107.0,17
gps_denied/20260928-165916,1,418.84,107.0,17
gps_denied/20260928-165916,1,420.84,107.0,17
gps_denied/20260928-165916,1,421.85,107.0,17
gps_denied/20260928-165916,1,423.84,107.0,17
gps_denied/20260928-165916,1,424.84,107.0,17
gps_denied/20260928-165916,1,425.84,107.0,17
gps_denied/20260928-165916,1,427.84,107.0,17
gps_denied/20260928-165916,1,429.84,107.0,17
gps_denied/20260928-165916,1,430.84,107.0,17
gps_denied/20260928-165916,1,432.84,107.0,17
gps_denied/20260928-165916,1,433.84,107.0,17
gps_denied/20260928-165916,1,434.84,107.0,17
gps_denied/20260928-165916,1,436.84,107.0,17
gps_denied/20260928-165916,1,437.84,107.0,17
gps_denied/20260928-165916,1,439.84,108.66,17
gps_denied/20260928-165916,1,440.84,108.66,17
gps_denied/20260928-165916,1,441.84,108.66,17
gps_denied/20260928-165916,1,443.84,108.66,17
gps_denied/20260928-165916,1,445.84,108.66,17
gps_denied/20260928-165916,1,446.84,108.66,17
gps_denied/20260928-165916,1,448.84,108.66,17
gps_denied/20260928-165916,1,449.84,108.66,17
gps_denied/20260928-165916,1,450.84,108.66,17
gps_denied/20260928-165916,1,452.84,108.66,17
gps_denied/20260928-165916,1,454.84,108.66,17
gps_denied/20260928-165916,1,456.84,108.66,17
gps_denied/20260928-165916,1,458.84,108.66,17
gps_denied/20260928-165916,1,460.84,108.66,17
gps_denied/20260928-165916,1,462.84,108.66,17
gps_denied/20260928-165916,1,463.85,108.66,17
gps_denied/20260928-165916,1,465.84,108.66,17
gps_denied/20260928-165916,1,466.85,108.66,17
gps_denied/20260928-165916,1,468.85,108.66,17
gps_denied/20260928-165916,1,470.84,108.66,17
gps_denied/20260928-165916,1,471.84,108.66,17
gps_denied/20260928-165916,1,473.84,108.66,17
gps_denied/20260928-165916,1,474.84,108.66,17
gps_denied/20260928-165916,1,476.84,108.66,17
gps_denied/20260928-165916,1,477.84,108.66,17
gps_denied/20260928-165916,1,478.85,108.66,17
gps_denied/20260928-165916,1,480.85,108.66,17
gps_denied/20260928-165916,1,482.84,108.66,17
gps_denied/20260928-165916,1,484.84,108.66,17
gps_denied/20260928-165916,1,486.84,108.66,17
gps_denied/20260928-165916,1,487.84,108.66,17
gps_denied/20260928-165916,1,488.84,108.66,17
gps_denied/20260928-165916,1,490.84,108.66,17
gps_denied/20260928-165916,1,491.84,108.66,17
gps_denied/20260928-165916,1,492.84,108.66,17
gps_denied/20260928-165916,1,494.84,108.66,17
gps_denied/20260928-165916,1,496.84,108.66,17
gps_denied/20260928-165916,1,497.84,108.66,17
gps_denied/20260928-165916,1,498.85,108.66,17
gps_denied/20260928-165916,1,500.85,108.66,17
gps_denied/20260928-165916,1,502.85,108.66,17
gps_denied/20260928-165916,1,504.84,108.66,17
gps_denied/20260928-165916,1,505.84,108.66,17
gps_denied/20260928-165916,1,506.85,108.66,17
gps_denied/20260928-165916,1,508.84,108.66,17
gps_denied/20260928-165916,1,509.85,108.66,17
gps_denied/20260928-165916,1,511.84,108.66,17
gps_denied/20260928-165916,1,513.84,108.66,17
gps_denied/20260928-165916,1,514.84,108.66,17
gps_denied/20260928-165916,1,516.84,108.66,17
gps_denied/20260928-165916,1,517.84,108.66,17
gps_denied/20260928-165916,1,519.84,108.66,17
gps_denied/20260928-165916,1,520.84,108.66,17
gps_denied/20260928-165916,1,522.84,108.66,17
gps_denied/20260928-165916,1,523.85,108.66,17
gps_denied/20260928-165916,1,525.84,108.66,17
gps_denied/20260928-165916,1,526.84,108.66,17
gps_denied/20260928-165916,1,527.85,108.66,17
gps_denied/20260928-165916,1,529.84,108.66,17
gps_denied/20260928-165916,1,530.84,108.66,17
gps_denied/20260928-165916,1,531.84,108.66,17
gps_denied/20260928-165916,1,533.84,108.66,17
gps_denied/20260928-165916,1,534.84,108.66,17
gps_denied/20260928-165916,1,536.84,108.66,17
gps_denied/20260928-165916,1,537.84,108.66,17
gps_denied/20260928-165916,1,539.84,108.66,17
gps_denied/20260928-165916,1,540.85,108.66,17
gps_denied/20260928-165916,1,542.84,108.66,17
gps_denied/20260928-165916,1,543.84,108.66,17
gps_denied/20260928-165916,1,545.84,108.66,17
gps_denied/20260928-165916,1,546.85,108.66,17
gps_denied/20260928-165916,1,548.84,108.66,17
gps_denied/20260928-165916,1,549.84,108.66,17
gps_denied/20260928-165916,1,551.84,108.66,17
gps_denied/20260928-165916,1,553.84,108.66,17
gps_denied/20260928-165916,1,554.84,108.66,17
gps_denied/20260928-165916,1,556.84,108.66,17
gps_denied/20260928-165916,1,557.84,108.66,17
gps_denied/20260928-165916,1,558.84,108.66,17
gps_denied/20260928-165916,1,560.84,108.66,17
gps_denied/20260928-165916,1,561.84,108.66,17
gps_denied/20260928-165916,1,563.84,108.66,17
gps_denied/20260928-165916,1,564.84,108.66,17
gps_denied/20260928-165916,1,566.84,108.66,17
gps_denied/20260928-165916,1,567.84,108.66,17
gps_denied/20260928-165916,1,568.84,108.66,17
gps_denied/20260928-165916,1,569.84,108.66,17
gps_denied/20260928-165916,1,571.84,108.66,17
gps_denied/20260928-165916,1,573.84,108.66,17
gps_denied/20260928-165916,1,574.84,108.66,17
gps_denied/20260928-165916,1,575.84,108.66,17
gps_denied/20260928-165916,1,577.84,108.66,17
gps_denied/20260928-165916,1,578.84,108.66,17
gps_denied/20260928-165916,1,579.84,108.66,17
gps_denied/20260928-165916,1,581.84,108.66,17
gps_denied/20260928-165916,1,583.84,108.66,17
gps_denied/20260928-165916,1,584.84,108.66,17
gps_denied/20260928-165916,1,585.84,108.66,17
gps_denied/20260928-165916,1,586.84,108.66,17
gps_denied/20260928-165916,1,588.84,108.66,17
gps_denied/20260928-165916,1,590.84,108.66,17
gps_denied/20260928-165916,1,591.85,108.66,17
gps_denied/20260928-165916,1,593.84,108.66,17
gps_denied/20260928-165916,1,594.84,108.66,17
gps_denied/20260928-165916,1,596.84,108.66,17
gps_denied/20260928-165916,1,598.84,108.66,17
gps_denied/20260928-165916,1,599.84,108.66,17
gps_denied/20260928-165916,1,600.84,108.66,17
gps_denied/20260928-165916,1,602.84,108.66,17
gps_denied/20260928-165916,1,604.84,108.66,17
gps_denied/20260928-165916,1,606.84,108.66,17
gps_denied/20260928-165916,1,607.84,108.66,17
gps_denied/20260928-165916,1,609.84,108.66,17
gps_denied/20260928-165916,1,611.85,108.66,17
gps_denied/20260928-165916,1,613.84,108.66,17
gps_denied/20260928-165916,1,615.84,108.66,17
gps_denied/20260928-165916,1,617.84,108.66,17
gps_denied/20260928-165916,1,618.84,108.66,17
gps_denied/20260928-165916,1,620.84,108.66,17
gps_denied/20260928-165916,1,622.84,108.66,17
gps_denied/20260928-165916,1,623.84,108.66,17
gps_denied/20260928-165916,1,625.84,108.66,17
gps_denied/20260928-165916,1,626.84,108.66,17
gps_denied/20260928-165916,1,628.84,108.66,17
gps_denied/20260928-165916,1,629.84,108.66,17
gps_denied/20260928-165916,1,631.84,108.66,17
gps_denied/20260928-165916,1,633.84,108.66,17
gps_denied/20260928-165916,1,634.84,108.66,17
gps_denied/20260928-165916,1,636.84,108.66,17
gps_denied/20260928-165916,1,637.84,108.66,17
gps_denied/20260928-165916,1,639.84,108.66,17
gps_denied/20260928-165916,1,641.84,108.66,17
gps_denied/20260928-165916,1,643.84,108.66,17
gps_denied/20260928-165916,1,645.84,108.66,17
gps_denied/20260928-165916,1,647.84,108.66,17
gps_denied/20260928-165916,1,648.84,108.66,17
gps_denied/20260928-165916,1,650.84,108.66,17
gps_denied/20260928-165916,1,651.84,108.66,17
gps_denied/20260928-165916,1,652.84,108.66,17
gps_denied/20260928-165916,1,654.84,108.66,17
gps_denied/20260928-165916,1,656.84,108.66,17
gps_denied/20260928-165916,1,657.84,108.66,17
gps_denied/20260928-165916,1,658.84,108.66,17
gps_denied/20260928-165916,1,660.84,108.66,17
gps_denied/20260928-165916,1,661.84,108.66,17
gps_denied/20260928-165916,1,663.84,108.66,17
gps_denied/20260928-165916,1,664.84,108.66,17
gps_denied/20260928-165916,1,666.84,108.66,17
gps_denied/20260928-165916,1,668.84,108.66,17
gps_denied/20260928-165916,1,669.84,108.66,17
gps_denied/20260928-165916,1,670.84,108.66,17
gps_denied/20260928-165916,1,671.84,108.66,17
gps_denied/20260928-165916,1,673.84,108.66,17
gps_denied/20260928-165916,1,675.84,108.66,17
gps_denied/20260928-165916,1,677.84,108.66,17
gps_denied/20260928-165916,1,679.84,108.66,17
gps_denied/20260928-165916,1,680.84,108.66,17
gps_denied/20260928-165916,1,682.84,108.66,17
gps_denied/20260928-165916,1,683.84,108.66,17
gps_denied/20260928-165916,1,684.84,108.66,17
gps_denied/20260928-165916,1,686.84,108.66,17
gps_denied/20260928-165916,1,687.84,108.66,17
gps_denied/20260928-165916,1,688.84,108.66,17
gps_denied/20260928-165916,1,690.84,108.66,17
gps_denied/20260928-165916,1,692.84,108.66,17
gps_denied/20260928-165916,1,694.84,108.66,17
gps_denied/20260928-165916,1,696.84,108.66,17
gps_denied/20260928-165916,1,698.84,108.66,17
gps_denied/20260928-165916,1,699.84,108.66,17
gps_denied/20260928-165916,1,701.85,108.66,17
gps_denied/20260928-165916,1,703.85,108.66,17
gps_denied/20260928-165916,1,705.84,108.66,17
gps_denied/20260928-165916,1,706.84,108.66,17
gps_denied/20260928-165916,1,708.84,108.66,17
gps_denied/20260928-165916,1,710.84,108.66,17
gps_denied/20260928-165916,1,711.84,108.66,17
gps_denied/20260928-165916,1,712.84,108.66,17
gps_denied/20260928-165916,1,713.84,108.66,17
gps_denied/20260928-165916,1,715.84,108.66,17
gps_denied/20260928-165916,1,716.84,108.66,17
gps_denied/20260928-165916,1,717.84,108.66,17
gps_denied/20260928-165916,1,719.84,108.66,17
gps_denied/20260928-165916,1,721.84,108.66,17
gps_denied/20260928-165916,1,723.84,108.66,17
gps_denied/20260928-165916,1,724.84,108.66,17
gps_denied/20260928-165916,1,726.84,108.66,17
gps_denied/20260928-165916,1,727.84,108.66,17
gps_denied/20260928-165916,1,728.84,108.66,17
gps_denied/20260928-165916,1,729.84,108.66,17
gps_denied/20260928-165916,1,731.84,108.66,17
gps_denied/20260928-165916,1,733.84,108.66,17
gps_denied/20260928-165916,1,735.84,108.66,17
gps_denied/20260928-165916,2,-3.29,3.47,
gps_denied/20260928-165916,2,-1.29,3.47,
gps_denied/20260928-165916,2,0.71,3.47,
gps_denied/20260928-165916,2,2.71,3.47,
gps_denied/20260928-165916,2,4.71,3.47,
gps_denied/20260928-165916,2,5.71,3.47,
gps_denied/20260928-165916,2,6.71,3.47,
gps_denied/20260928-165916,2,7.71,3.47,
gps_denied/20260928-165916,2,9.71,3.47,
gps_denied/20260928-165916,2,10.71,3.47,
gps_denied/20260928-165916,2,12.71,3.47,
gps_denied/20260928-165916,2,13.71,3.47,
gps_denied/20260928-165916,2,14.71,3.47,
gps_denied/20260928-165916,2,16.71,3.47,
gps_denied/20260928-165916,2,17.71,3.47,
gps_denied/20260928-165916,2,19.71,3.47,
gps_denied/20260928-165916,2,20.71,3.47,4
gps_denied/20260928-165916,2,22.71,3.47,4
gps_denied/20260928-165916,2,24.71,9.26,4
gps_denied/20260928-165916,2,26.71,16.2,8
gps_denied/20260928-165916,2,27.71,20.14,8
gps_denied/20260928-165916,2,28.71,22.6,8
gps_denied/20260928-165916,2,29.71,22.6,8
gps_denied/20260928-165916,2,30.71,24.69,8
gps_denied/20260928-165916,2,31.71,27.0,8
gps_denied/20260928-165916,2,32.71,27.98,8
gps_denied/20260928-165916,2,33.71,29.39,8
gps_denied/20260928-165916,2,34.71,30.7,8
gps_denied/20260928-165916,2,35.71,32.21,8
gps_denied/20260928-165916,2,36.71,32.82,8
gps_denied/20260928-165916,2,37.71,33.55,8
gps_denied/20260928-165916,2,39.71,34.03,14
gps_denied/20260928-165916,2,40.71,34.03,14
gps_denied/20260928-165916,2,42.71,34.27,14
gps_denied/20260928-165916,2,44.71,34.71,14
gps_denied/20260928-165916,2,45.71,34.99,14
gps_denied/20260928-165916,2,46.71,35.3,14
gps_denied/20260928-165916,2,47.71,35.6,14
gps_denied/20260928-165916,2,49.71,35.99,14
gps_denied/20260928-165916,2,51.71,36.13,14
gps_denied/20260928-165916,2,52.71,36.18,14
gps_denied/20260928-165916,2,54.71,37.29,14
gps_denied/20260928-165916,2,56.71,38.3,14
gps_denied/20260928-165916,2,58.71,39.55,12
gps_denied/20260928-165916,2,60.71,40.89,12
gps_denied/20260928-165916,2,61.71,41.92,12
gps_denied/20260928-165916,2,62.71,42.44,12
gps_denied/20260928-165916,2,64.71,43.35,12
gps_denied/20260928-165916,2,66.71,44.5,12
gps_denied/20260928-165916,2,67.71,45.46,12
gps_denied/20260928-165916,2,69.71,49.35,12
gps_denied/20260928-165916,2,70.71,52.22,12
gps_denied/20260928-165916,2,71.71,54.3,12
gps_denied/20260928-165916,2,72.71,55.13,12
gps_denied/20260928-165916,2,74.71,57.2,12
gps_denied/20260928-165916,2,75.71,57.87,12
gps_denied/20260928-165916,2,76.71,58.22,12
gps_denied/20260928-165916,2,78.71,58.72,12
gps_denied/20260928-165916,2,79.71,59.33,12
gps_denied/20260928-165916,2,81.71,59.58,12
gps_denied/20260928-165916,2,83.71,59.86,12
gps_denied/20260928-165916,2,84.71,59.91,12
gps_denied/20260928-165916,2,86.71,60.24,12
gps_denied/20260928-165916,2,87.71,60.3,12
gps_denied/20260928-165916,2,89.72,60.46,12
gps_denied/20260928-165916,2,91.71,60.48,12
gps_denied/20260928-165916,2,92.72,60.48,12
gps_denied/20260928-165916,2,94.71,60.49,14
gps_denied/20260928-165916,2,95.71,60.49,14
gps_denied/20260928-165916,2,96.72,60.49,14
gps_denied/20260928-165916,2,98.72,60.5,14
gps_denied/20260928-165916,2,99.72,60.5,14
gps_denied/20260928-165916,2,101.72,60.51,14
gps_denied/20260928-165916,2,102.72,60.65,14
gps_denied/20260928-165916,2,104.71,60.81,14
gps_denied/20260928-165916,2,105.72,60.82,14
gps_denied/20260928-165916,2,107.72,60.83,14
gps_denied/20260928-165916,2,108.72,60.83,14
gps_denied/20260928-165916,2,109.72,60.83,14
gps_denied/20260928-165916,2,111.72,60.84,14
gps_denied/20260928-165916,2,113.72,60.85,14
gps_denied/20260928-165916,2,114.72,60.86,14
gps_denied/20260928-165916,2,115.72,60.86,14
gps_denied/20260928-165916,2,116.72,60.96,14
gps_denied/20260928-165916,2,118.72,61.35,14
gps_denied/20260928-165916,2,120.72,62.22,14
gps_denied/20260928-165916,2,122.72,64.89,14
gps_denied/20260928-165916,2,123.72,65.57,14
gps_denied/20260928-165916,2,124.72,66.86,14
gps_denied/20260928-165916,2,125.72,67.83,14
gps_denied/20260928-165916,2,127.72,69.08,23
gps_denied/20260928-165916,2,128.72,70.27,23
gps_denied/20260928-165916,2,130.72,72.54,23
gps_denied/20260928-165916,2,132.72,76.93,23
gps_denied/20260928-165916,2,133.72,84.9,23
gps_denied/20260928-165916,2,134.72,88.42,23
gps_denied/20260928-165916,2,135.72,93.41,23
gps_denied/20260928-165916,2,136.72,95.35,23
gps_denied/20260928-165916,2,138.72,100.35,23
gps_denied/20260928-165916,2,140.72,102.68,42
gps_denied/20260928-165916,2,141.72,103.28,42
gps_denied/20260928-165916,2,142.72,104.32,42
gps_denied/20260928-165916,2,143.72,104.97,42
gps_denied/20260928-165916,2,144.72,105.29,42
gps_denied/20260928-165916,2,146.72,105.51,42
gps_denied/20260928-165916,2,148.72,105.66,42
gps_denied/20260928-165916,2,149.72,105.76,42
gps_denied/20260928-165916,2,151.72,105.95,42
gps_denied/20260928-165916,2,152.72,106.06,42
gps_denied/20260928-165916,2,153.72,106.17,42
gps_denied/20260928-165916,2,155.73,106.73,42
gps_denied/20260928-165916,2,157.73,108.43,42
gps_denied/20260928-165916,2,159.72,111.1,21
gps_denied/20260928-165916,2,160.72,111.16,21
gps_denied/20260928-165916,2,161.73,111.71,21
gps_denied/20260928-165916,2,163.73,113.73,21
gps_denied/20260928-165916,2,165.73,114.75,21
gps_denied/20260928-165916,2,167.72,115.61,21
gps_denied/20260928-165916,2,169.72,116.04,21
gps_denied/20260928-165916,2,170.72,116.8,21
gps_denied/20260928-165916,2,171.73,117.23,21
gps_denied/20260928-165916,2,172.73,118.32,21
gps_denied/20260928-165916,2,174.73,119.91,21
gps_denied/20260928-165916,2,176.73,121.44,31
gps_denied/20260928-165916,2,178.72,122.09,31
gps_denied/20260928-165916,2,179.73,122.29,31
gps_denied/20260928-165916,2,181.72,123.04,31
gps_denied/20260928-165916,2,183.72,123.98,31
gps_denied/20260928-165916,2,184.72,124.73,31
gps_denied/20260928-165916,2,185.72,125.71,31
gps_denied/20260928-165916,2,186.73,126.22,31
gps_denied/20260928-165916,2,187.73,127.66,31
gps_denied/20260928-165916,2,189.73,130.19,31
gps_denied/20260928-165916,2,190.73,130.83,31
gps_denied/20260928-165916,2,192.73,132.18,31
gps_denied/20260928-165916,2,194.73,132.63,22
gps_denied/20260928-165916,2,196.73,133.54,22
gps_denied/20260928-165916,2,198.73,134.42,22
gps_denied/20260928-165916,2,199.73,134.51,22
gps_denied/20260928-165916,2,201.73,134.87,22
gps_denied/20260928-165916,2,202.73,135.26,22
gps_denied/20260928-165916,2,203.73,135.4,22
gps_denied/20260928-165916,2,205.73,136.03,22
gps_denied/20260928-165916,2,207.73,136.53,22
gps_denied/20260928-165916,2,208.73,136.71,22
gps_denied/20260928-165916,2,210.73,136.96,22
gps_denied/20260928-165916,2,211.73,137.03,22
gps_denied/20260928-165916,2,212.73,137.06,23
gps_denied/20260928-165916,2,214.73,137.06,23
gps_denied/20260928-165916,2,215.73,137.06,23
gps_denied/20260928-165916,2,217.73,137.06,23
gps_denied/20260928-165916,2,218.73,137.07,23
gps_denied/20260928-165916,2,220.73,137.07,23
gps_denied/20260928-165916,2,221.73,137.07,23
gps_denied/20260928-165916,2,223.73,137.08,23
gps_denied/20260928-165916,2,224.73,137.08,23
gps_denied/20260928-165916,2,225.73,137.08,23
gps_denied/20260928-165916,2,227.73,137.08,23
gps_denied/20260928-165916,2,228.73,137.08,23
gps_denied/20260928-165916,2,230.73,137.08,23
gps_denied/20260928-165916,2,232.73,137.09,22
gps_denied/20260928-165916,2,234.73,137.1,22
gps_denied/20260928-165916,2,236.73,137.1,22
gps_denied/20260928-165916,2,238.73,137.1,22
gps_denied/20260928-165916,2,239.73,137.2,22
gps_denied/20260928-165916,2,241.73,137.5,22
gps_denied/20260928-165916,2,242.73,137.55,22
gps_denied/20260928-165916,2,244.73,137.63,22
gps_denied/20260928-165916,2,246.73,137.85,22
gps_denied/20260928-165916,2,247.73,137.95,22
gps_denied/20260928-165916,2,248.73,138.01,22
gps_denied/20260928-165916,2,250.73,138.13,22
gps_denied/20260928-165916,2,251.73,138.36,18
gps_denied/20260928-165916,2,253.73,139.35,18
gps_denied/20260928-165916,2,254.73,140.47,18
gps_denied/20260928-165916,2,256.73,150.83,18
gps_denied/20260928-165916,2,258.73,157.72,18
gps_denied/20260928-165916,2,260.73,159.52,18
gps_denied/20260928-165916,2,262.74,160.0,18
gps_denied/20260928-165916,2,264.73,160.1,31
gps_denied/20260928-165916,2,265.74,160.17,31
gps_denied/20260928-165916,2,266.74,160.23,31
gps_denied/20260928-165916,2,268.74,160.8,31
gps_denied/20260928-165916,2,269.74,161.34,31
gps_denied/20260928-165916,2,271.73,165.33,31
gps_denied/20260928-165916,2,272.74,168.62,31
gps_denied/20260928-165916,2,273.74,173.06,31
gps_denied/20260928-165916,2,275.74,178.48,31
gps_denied/20260928-165916,2,277.74,179.61,36
gps_denied/20260928-165916,2,279.73,180.6,36
gps_denied/20260928-165916,2,281.73,181.6,36
gps_denied/20260928-165916,2,283.73,182.54,36
gps_denied/20260928-165916,2,284.73,182.74,36
gps_denied/20260928-165916,2,286.73,183.06,36
gps_denied/20260928-165916,2,287.74,183.17,36
gps_denied/20260928-165916,2,289.73,183.44,36
gps_denied/20260928-165916,2,290.73,183.54,36
gps_denied/20260928-165916,2,291.74,183.57,36
gps_denied/20260928-165916,2,293.74,183.62,36
gps_denied/20260928-165916,2,295.74,183.65,36
gps_denied/20260928-165916,2,297.73,183.67,23
gps_denied/20260928-165916,2,299.73,183.68,23
gps_denied/20260928-165916,2,301.74,183.7,23
gps_denied/20260928-165916,2,303.74,183.72,23
gps_denied/20260928-165916,2,304.74,183.77,23
gps_denied/20260928-165916,2,306.74,184.23,23
gps_denied/20260928-165916,2,308.74,184.84,23
gps_denied/20260928-165916,2,309.74,185.62,23
gps_denied/20260928-165916,2,310.75,186.18,23
gps_denied/20260928-165916,2,312.75,189.03,23
gps_denied/20260928-165916,2,314.74,193.81,23
gps_denied/20260928-165916,2,315.74,195.28,23
gps_denied/20260928-165916,2,317.75,195.77,36
gps_denied/20260928-165916,2,318.75,195.83,36
gps_denied/20260928-165916,2,319.75,195.87,36
gps_denied/20260928-165916,2,321.74,195.95,36
gps_denied/20260928-165916,2,322.75,196.08,36
gps_denied/20260928-165916,2,324.75,197.06,36
gps_denied/20260928-165916,2,326.75,197.61,36
gps_denied/20260928-165916,2,327.75,197.67,36
gps_denied/20260928-165916,2,329.74,197.69,36
gps_denied/20260928-165916,2,330.75,197.7,36
gps_denied/20260928-165916,2,331.75,197.7,36
gps_denied/20260928-165916,2,333.75,197.71,36
gps_denied/20260928-165916,2,334.75,197.71,21
gps_denied/20260928-165916,2,335.75,197.72,21
gps_denied/20260928-165916,2,337.75,197.72,21
gps_denied/20260928-165916,2,338.75,197.72,21
gps_denied/20260928-165916,2,340.75,197.72,21
gps_denied/20260928-165916,2,341.75,197.72,21
gps_denied/20260928-165916,2,343.75,197.72,21
gps_denied/20260928-165916,2,344.75,197.72,21
gps_denied/20260928-165916,2,346.74,197.73,21
gps_denied/20260928-165916,2,347.75,197.73,21
gps_denied/20260928-165916,2,348.75,197.73,21
gps_denied/20260928-165916,2,350.74,197.73,21
gps_denied/20260928-165916,2,351.74,197.73,21
gps_denied/20260928-165916,2,352.75,197.73,21
gps_denied/20260928-165916,2,353.75,197.73,21
gps_denied/20260928-165916,2,354.75,197.73,21
gps_denied/20260928-165916,2,356.75,197.74,21
gps_denied/20260928-165916,2,358.75,197.74,21
gps_denied/20260928-165916,2,360.75,197.74,21
gps_denied/20260928-165916,2,361.75,197.74,21
gps_denied/20260928-165916,2,362.75,197.74,21
gps_denied/20260928-165916,2,363.75,197.74,21
gps_denied/20260928-165916,2,365.75,197.74,21
gps_denied/20260928-165916,2,366.75,197.74,21
gps_denied/20260928-165916,2,368.75,197.74,21
gps_denied/20260928-165916,2,369.75,197.74,21
gps_denied/20260928-165916,2,371.75,197.75,21
gps_denied/20260928-165916,2,372.75,197.75,21
gps_denied/20260928-165916,2,373.76,197.75,21
gps_denied/20260928-165916,2,375.75,197.76,21
gps_denied/20260928-165916,2,376.75,197.76,21
gps_denied/20260928-165916,2,378.74,197.77,21
gps_denied/20260928-165916,2,379.75,197.77,21
gps_denied/20260928-165916,2,381.75,197.79,21
gps_denied/20260928-165916,2,382.75,197.79,21
gps_denied/20260928-165916,2,383.76,197.79,21
gps_denied/20260928-165916,2,385.75,197.8,21
gps_denied/20260928-165916,2,387.75,197.82,21
gps_denied/20260928-165916,2,389.75,197.83,21
gps_denied/20260928-165916,2,391.75,197.83,21
gps_denied/20260928-165916,2,393.75,197.83,21
gps_denied/20260928-165916,2,395.74,197.83,21
gps_denied/20260928-165916,2,396.75,197.83,21
gps_denied/20260928-165916,2,397.76,197.83,21
gps_denied/20260928-165916,2,399.74,197.84,21
gps_denied/20260928-165916,2,400.76,197.84,21
gps_denied/20260928-165916,2,402.75,197.84,21
gps_denied/20260928-165916,2,403.75,197.84,21
gps_denied/20260928-165916,2,405.76,197.87,21
gps_denied/20260928-165916,2,407.75,197.89,21
gps_denied/20260928-165916,2,408.75,197.91,21
gps_denied/20260928-165916,2,410.75,197.93,21
gps_denied/20260928-165916,2,411.76,197.98,21
gps_denied/20260928-165916,2,412.76,198.03,21
gps_denied/20260928-165916,2,414.75,198.11,18
gps_denied/20260928-165916,2,415.75,198.13,18
gps_denied/20260928-165916,2,417.75,198.2,18
gps_denied/20260928-165916,2,418.76,198.21,18
gps_denied/20260928-165916,2,420.76,198.24,18
gps_denied/20260928-165916,2,421.76,198.26,18
gps_denied/20260928-165916,2,423.76,198.4,18
gps_denied/20260928-165916,2,425.76,198.83,18
gps_denied/20260928-165916,2,426.76,199.28,18
gps_denied/20260928-165916,2,428.75,200.23,18
gps_denied/20260928-165916,2,429.76,201.38,18
gps_denied/20260928-165916,2,430.76,204.86,18
gps_denied/20260928-165916,2,432.76,207.27,18
gps_denied/20260928-165916,2,433.76,207.54,18
gps_denied/20260928-165916,2,435.76,207.96,26
gps_denied/20260928-165916,2,437.76,208.04,26
gps_denied/20260928-165916,2,438.76,208.07,26
gps_denied/20260928-165916,2,440.76,208.3,26
gps_denied/20260928-165916,2,441.76,208.56,26
gps_denied/20260928-165916,2,442.76,208.79,26
gps_denied/20260928-165916,2,444.76,210.6,26
gps_denied/20260928-165916,2,445.76,211.69,26
gps_denied/20260928-165916,2,446.76,214.49,26
gps_denied/20260928-165916,2,447.77,216.14,26
gps_denied/20260928-165916,2,449.76,218.84,26
gps_denied/20260928-165916,2,450.76,219.45,26
gps_denied/20260928-165916,2,452.76,219.8,26
gps_denied/20260928-165916,2,453.76,219.86,26
gps_denied/20260928-165916,2,454.76,219.88,9
gps_denied/20260928-165916,2,456.76,219.94,9
gps_denied/20260928-165916,2,457.77,219.97,9
gps_denied/20260928-165916,2,459.76,219.99,9
gps_denied/20260928-165916,2,460.76,220.0,9
gps_denied/20260928-165916,2,462.77,220.03,9
gps_denied/20260928-165916,2,463.77,220.03,9
gps_denied/20260928-165916,2,465.77,220.04,9
gps_denied/20260928-165916,2,467.77,220.06,9
gps_denied/20260928-165916,2,469.77,220.08,9
gps_denied/20260928-165916,2,470.77,220.08,9
gps_denied/20260928-165916,2,471.77,220.08,9
gps_denied/20260928-165916,2,473.75,220.09,9
gps_denied/20260928-165916,2,474.77,220.09,9
gps_denied/20260928-165916,2,476.77,220.1,9
gps_denied/20260928-165916,2,478.77,220.11,9
gps_denied/20260928-165916,2,479.78,220.13,9
gps_denied/20260928-165916,2,480.78,220.13,9
gps_denied/20260928-165916,2,482.77,220.13,9
gps_denied/20260928-165916,2,484.77,220.13,9
gps_denied/20260928-165916,2,486.76,220.13,9
gps_denied/20260928-165916,2,487.77,220.13,9
gps_denied/20260928-165916,2,488.78,220.13,8
gps_denied/20260928-165916,2,490.77,220.13,8
gps_denied/20260928-165916,2,491.77,220.14,8
gps_denied/20260928-165916,2,492.77,220.14,8
gps_denied/20260928-165916,2,494.76,220.15,8
gps_denied/20260928-165916,2,495.77,220.16,8
gps_denied/20260928-165916,2,497.77,220.18,8
gps_denied/20260928-165916,2,499.77,220.19,8
gps_denied/20260928-165916,2,501.76,220.2,8
gps_denied/20260928-165916,2,502.77,220.2,8
gps_denied/20260928-165916,2,504.76,220.21,8
gps_denied/20260928-165916,2,506.76,220.22,8
gps_denied/20260928-165916,2,507.78,220.22,8
gps_denied/20260928-165916,2,509.78,220.23,8
gps_denied/20260928-165916,2,510.78,220.23,8
gps_denied/20260928-165916,2,512.77,220.24,8
gps_denied/20260928-165916,2,514.78,220.24,8
gps_denied/20260928-165916,2,516.76,220.24,8
gps_denied/20260928-165916,2,517.78,220.25,8
gps_denied/20260928-165916,2,519.77,220.26,8
gps_denied/20260928-165916,2,520.77,220.26,8
gps_denied/20260928-165916,2,521.77,220.26,8
gps_denied/20260928-165916,2,523.77,220.26,8
gps_denied/20260928-165916,2,524.77,220.27,8
gps_denied/20260928-165916,2,525.77,220.27,8
gps_denied/20260928-165916,2,527.78,220.28,8
gps_denied/20260928-165916,2,529.77,220.28,8
gps_denied/20260928-165916,2,531.78,220.28,8
gps_denied/20260928-165916,2,532.78,220.28,8
gps_denied/20260928-165916,2,534.78,220.28,8
gps_denied/20260928-165916,2,536.78,220.28,8
gps_denied/20260928-165916,2,537.78,220.29,8
gps_denied/20260928-165916,2,539.77,220.29,8
gps_denied/20260928-165916,2,540.79,220.3,8
gps_denied/20260928-165916,2,542.77,220.3,8
gps_denied/20260928-165916,2,543.77,220.3,8
gps_denied/20260928-165916,2,545.77,220.31,8
gps_denied/20260928-165916,2,546.79,220.31,8
gps_denied/20260928-165916,2,548.77,220.31,8
gps_denied/20260928-165916,2,549.78,220.31,8
gps_denied/20260928-165916,2,550.78,220.32,8
gps_denied/20260928-165916,2,552.77,220.32,8
gps_denied/20260928-165916,2,553.78,220.32,8
gps_denied/20260928-165916,2,555.78,220.32,8
gps_denied/20260928-165916,2,557.78,220.33,8
gps_denied/20260928-165916,2,558.78,220.33,8
gps_denied/20260928-165916,2,560.78,220.33,8
gps_denied/20260928-165916,2,561.78,220.33,8
gps_denied/20260928-165916,2,563.78,220.33,8
gps_denied/20260928-165916,2,564.78,220.33,8
gps_denied/20260928-165916,2,566.78,220.34,8
gps_denied/20260928-165916,2,568.77,220.34,8
gps_denied/20260928-165916,2,569.78,220.34,8
gps_denied/20260928-165916,2,571.77,220.34,8
gps_denied/20260928-165916,2,573.77,220.36,8
gps_denied/20260928-165916,2,575.77,220.73,8
gps_denied/20260928-165916,2,577.78,221.15,8
gps_denied/20260928-165916,2,579.79,221.3,8
gps_denied/20260928-165916,2,581.78,221.52,8
gps_denied/20260928-165916,2,582.78,221.62,8
gps_denied/20260928-165916,2,584.79,222.31,8
gps_denied/20260928-165916,2,586.78,223.19,8
gps_denied/20260928-165916,2,587.79,223.61,8
gps_denied/20260928-165916,2,589.79,223.91,8
gps_denied/20260928-165916,2,591.79,225.1,5
gps_denied/20260928-165916,2,592.8,227.07,5
gps_denied/20260928-165916,2,594.78,232.3,6
gps_denied/20260928-165916,2,596.78,234.71,6
gps_denied/20260928-165916,2,598.78,234.83,6
gps_denied/20260928-165916,2,600.78,234.83,6
gps_denied/20260928-165916,2,602.78,234.99,6
gps_denied/20260928-165916,2,603.78,235.04,6
gps_denied/20260928-165916,2,605.78,237.36,6
gps_denied/20260928-165916,2,607.78,240.81,6
gps_denied/20260928-165916,2,609.78,243.32,6
gps_denied/20260928-165916,2,611.78,244.53,6
gps_denied/20260928-165916,2,613.78,245.36,6
gps_denied/20260928-165916,2,615.79,246.39,20
gps_denied/20260928-165916,2,617.77,246.83,20
gps_denied/20260928-165916,2,618.78,247.07,20
gps_denied/20260928-165916,2,620.77,247.33,20
gps_denied/20260928-165916,2,621.77,247.36,20
gps_denied/20260928-165916,2,623.77,247.54,20
gps_denied/20260928-165916,2,625.77,247.88,20
gps_denied/20260928-165916,2,626.78,248.05,20
gps_denied/20260928-165916,2,628.76,248.54,20
gps_denied/20260928-165916,2,629.77,248.73,20
gps_denied/20260928-165916,2,631.77,249.77,20
gps_denied/20260928-165916,2,633.77,252.62,20
gps_denied/20260928-165916,2,634.78,258.71,20
gps_denied/20260928-165916,2,635.78,262.72,16
gps_denied/20260928-165916,2,637.78,268.81,16
gps_denied/20260928-165916,2,638.78,269.68,16
gps_denied/20260928-165916,2,639.79,270.25,16
gps_denied/20260928-165916,2,641.79,271.13,16
gps_denied/20260928-165916,2,642.79,271.41,16
gps_denied/20260928-165916,2,644.78,271.59,16
gps_denied/20260928-165916,2,645.78,271.83,16
gps_denied/20260928-165916,2,646.78,271.94,16
gps_denied/20260928-165916,2,648.78,272.52,16
gps_denied/20260928-165916,2,649.78,273.15,16
gps_denied/20260928-165916,2,651.77,274.44,16
gps_denied/20260928-165916,2,652.77,274.93,7
gps_denied/20260928-165916,2,654.77,277.91,7
gps_denied/20260928-165916,2,655.77,279.3,7
gps_denied/20260928-165916,2,656.77,280.64,7
gps_denied/20260928-165916,2,657.77,284.0,7
gps_denied/20260928-165916,2,658.78,286.59,7
gps_denied/20260928-165916,2,660.77,295.59,7
gps_denied/20260928-165916,2,661.77,299.38,7
gps_denied/20260928-165916,2,663.78,301.63,40
gps_denied/20260928-165916,2,665.77,303.62,40
gps_denied/20260928-165916,2,666.77,304.32,40
gps_denied/20260928-165916,2,667.78,304.5,40
gps_denied/20260928-165916,2,669.78,304.98,40
gps_denied/20260928-165916,2,670.78,305.2,40
gps_denied/20260928-165916,2,671.79,305.26,40
gps_denied/20260928-165916,2,672.79,305.31,40
gps_denied/20260928-165916,2,674.79,305.38,40
gps_denied/20260928-165916,2,676.79,305.46,40
gps_denied/20260928-165916,2,677.8,305.48,40
gps_denied/20260928-165916,2,679.8,305.53,40
gps_denied/20260928-165916,2,681.78,305.58,12
gps_denied/20260928-165916,2,682.79,305.59,12
gps_denied/20260928-165916,2,683.8,305.59,12
gps_denied/20260928-165916,2,685.8,305.65,12
gps_denied/20260928-165916,2,687.79,305.73,12
gps_denied/20260928-165916,2,689.78,305.73,12
gps_denied/20260928-165916,2,690.79,305.74,12
gps_denied/20260928-165916,2,692.79,305.74,12
gps_denied/20260928-165916,2,694.8,305.75,12
gps_denied/20260928-165916,2,696.78,305.77,12
gps_denied/20260928-165916,2,697.79,305.78,12
gps_denied/20260928-165916,2,699.78,305.8,12
gps_denied/20260928-165916,2,700.79,305.81,12
gps_denied/20260928-165916,2,701.79,305.88,12
gps_denied/20260928-165916,2,703.78,305.93,8
gps_denied/20260928-165916,2,704.79,305.96,8
gps_denied/20260928-165916,2,706.79,306.01,8
gps_denied/20260928-165916,2,707.79,306.04,8
gps_denied/20260928-165916,2,709.79,306.08,8
gps_denied/20260928-165916,2,711.78,306.1,8
gps_denied/20260928-165916,2,712.8,306.13,8
gps_denied/20260928-165916,2,713.8,306.13,8
gps_denied/20260928-165916,2,714.81,306.2,8
gps_denied/20260928-165916,2,716.79,306.63,6
gps_denied/20260928-165916,2,718.79,312.9,5
gps_denied/20260928-165916,2,720.78,318.24,3
gps_denied/20260928-165916,2,721.79,321.83,3
gps_denied/20260928-165916,2,723.78,322.11,3
gps_denied/20260928-165916,2,724.79,322.58,3
gps_denied/20260928-165916,2,725.79,324.69,3
gps_denied/20260928-165916,2,727.78,324.76,3
gps_denied/20260928-165916,2,728.79,324.76,3
gps_denied/20260928-165916,2,729.79,324.76,3
gps_denied/20260928-165916,2,731.78,324.76,3
gps_denied/20260928-165916,2,732.79,324.76,3
gps_denied/20260928-165916,2,734.78,324.76,3
gps_denied/20260928-165916,2,736.78,324.76,3
gps_denied/20260928-165916,2,737.8,324.76,3
gps_denied/20260928-171216,1,-3.18,3.48,
gps_denied/20260928-171216,1,-1.18,3.48,
gps_denied/20260928-171216,1,0.82,3.48,
gps_denied/20260928-171216,1,1.82,3.48,
gps_denied/20260928-171216,1,2.82,3.48,
gps_denied/20260928-171216,1,3.82,3.48,
gps_denied/20260928-171216,1,4.82,3.48,
gps_denied/20260928-171216,1,5.82,3.48,
gps_denied/20260928-171216,1,7.82,3.48,
gps_denied/20260928-171216,1,8.82,3.48,
gps_denied/20260928-171216,1,10.82,3.48,
gps_denied/20260928-171216,1,11.82,3.48,
gps_denied/20260928-171216,1,12.82,3.48,
gps_denied/20260928-171216,1,14.82,3.48,
gps_denied/20260928-171216,1,16.82,3.48,
gps_denied/20260928-171216,1,17.82,3.48,
gps_denied/20260928-171216,1,19.82,3.48,
gps_denied/20260928-171216,1,20.82,3.48,2
gps_denied/20260928-171216,1,22.82,3.48,2
gps_denied/20260928-171216,1,23.82,7.22,3
gps_denied/20260928-171216,1,25.82,10.28,3
gps_denied/20260928-171216,1,26.82,12.29,3
gps_denied/20260928-171216,1,28.82,13.88,3
gps_denied/20260928-171216,1,30.82,13.88,3
gps_denied/20260928-171216,1,32.82,15.74,3
gps_denied/20260928-171216,1,34.82,17.37,3
gps_denied/20260928-171216,1,35.82,17.89,14
gps_denied/20260928-171216,1,36.82,18.32,14
gps_denied/20260928-171216,1,38.82,19.41,14
gps_denied/20260928-171216,1,39.82,19.9,14
gps_denied/20260928-171216,1,40.82,20.34,14
gps_denied/20260928-171216,1,41.82,20.67,14
gps_denied/20260928-171216,1,43.82,21.72,14
gps_denied/20260928-171216,1,44.82,22.11,14
gps_denied/20260928-171216,1,45.82,22.38,14
gps_denied/20260928-171216,1,47.82,23.55,14
gps_denied/20260928-171216,1,48.82,24.05,14
gps_denied/20260928-171216,1,50.82,26.02,14
gps_denied/20260928-171216,1,51.82,29.85,14
gps_denied/20260928-171216,1,53.82,36.86,14
gps_denied/20260928-171216,1,54.82,38.35,15
gps_denied/20260928-171216,1,55.82,39.8,15
gps_denied/20260928-171216,1,56.82,40.75,15
gps_denied/20260928-171216,1,58.82,42.45,15
gps_denied/20260928-171216,1,59.82,43.17,15
gps_denied/20260928-171216,1,60.82,43.9,15
gps_denied/20260928-171216,1,62.82,45.25,15
gps_denied/20260928-171216,1,64.82,46.72,15
gps_denied/20260928-171216,1,65.83,46.95,15
gps_denied/20260928-171216,1,67.83,47.48,15
gps_denied/20260928-171216,1,68.83,48.33,15
gps_denied/20260928-171216,1,69.83,49.42,15
gps_denied/20260928-171216,1,71.83,55.74,15
gps_denied/20260928-171216,1,72.83,60.22,15
gps_denied/20260928-171216,1,74.83,63.91,15
gps_denied/20260928-171216,1,75.83,65.46,15
gps_denied/20260928-171216,1,76.83,66.17,15
gps_denied/20260928-171216,1,77.83,67.14,15
gps_denied/20260928-171216,1,79.83,67.95,15
gps_denied/20260928-171216,1,80.83,68.15,15
gps_denied/20260928-171216,1,82.83,68.86,15
gps_denied/20260928-171216,1,84.83,69.16,15
gps_denied/20260928-171216,1,85.83,69.35,11
gps_denied/20260928-171216,1,87.83,69.5,11
gps_denied/20260928-171216,1,88.83,69.53,11
gps_denied/20260928-171216,1,90.83,69.58,11
gps_denied/20260928-171216,1,91.83,69.6,11
gps_denied/20260928-171216,1,92.83,69.63,11
gps_denied/20260928-171216,1,93.83,69.66,11
gps_denied/20260928-171216,1,95.83,69.78,11
gps_denied/20260928-171216,1,96.83,69.83,11
gps_denied/20260928-171216,1,98.83,69.95,11
gps_denied/20260928-171216,1,99.83,69.98,11
gps_denied/20260928-171216,1,101.83,69.99,11
gps_denied/20260928-171216,1,102.83,69.99,11
gps_denied/20260928-171216,1,104.83,70.03,11
gps_denied/20260928-171216,1,106.83,70.04,11
gps_denied/20260928-171216,1,108.83,70.05,11
gps_denied/20260928-171216,1,109.83,70.05,11
gps_denied/20260928-171216,1,111.83,70.06,11
gps_denied/20260928-171216,1,112.83,70.06,11
gps_denied/20260928-171216,1,113.83,70.06,11
gps_denied/20260928-171216,1,114.83,70.06,11
gps_denied/20260928-171216,1,115.83,70.48,11
gps_denied/20260928-171216,1,116.83,71.03,11
gps_denied/20260928-171216,1,118.83,71.93,11
gps_denied/20260928-171216,1,119.83,72.05,11
gps_denied/20260928-171216,1,121.83,72.14,11
gps_denied/20260928-171216,1,122.83,72.27,11
gps_denied/20260928-171216,1,123.83,72.4,11
gps_denied/20260928-171216,1,125.83,72.95,10
gps_denied/20260928-171216,1,126.83,73.16,10
gps_denied/20260928-171216,1,128.83,74.28,10
gps_denied/20260928-171216,1,129.84,74.74,10
gps_denied/20260928-171216,1,131.84,78.24,10
gps_denied/20260928-171216,1,133.83,81.86,10
gps_denied/20260928-171216,1,134.84,83.51,10
gps_denied/20260928-171216,1,136.83,85.67,10
gps_denied/20260928-171216,1,137.83,86.78,10
gps_denied/20260928-171216,1,139.83,87.77,17
gps_denied/20260928-171216,1,140.83,87.98,17
gps_denied/20260928-171216,1,141.83,88.28,17
gps_denied/20260928-171216,1,142.83,88.34,17
gps_denied/20260928-171216,1,144.83,88.77,17
gps_denied/20260928-171216,1,145.84,88.82,17
gps_denied/20260928-171216,1,147.83,89.13,17
gps_denied/20260928-171216,1,148.84,89.2,17
gps_denied/20260928-171216,1,150.83,89.99,17
gps_denied/20260928-171216,1,151.83,91.06,17
gps_denied/20260928-171216,1,153.83,93.77,17
gps_denied/20260928-171216,1,154.84,94.9,17
gps_denied/20260928-171216,1,156.83,98.58,17
gps_denied/20260928-171216,1,158.83,101.79,15
gps_denied/20260928-171216,1,160.84,103.63,15
gps_denied/20260928-171216,1,162.84,104.11,15
gps_denied/20260928-171216,1,163.84,104.89,15
gps_denied/20260928-171216,1,165.84,106.18,15
gps_denied/20260928-171216,1,166.84,106.6,15
gps_denied/20260928-171216,1,168.84,108.33,15
gps_denied/20260928-171216,1,170.84,109.64,15
gps_denied/20260928-171216,1,172.84,110.95,15
gps_denied/20260928-171216,1,174.84,111.58,18
gps_denied/20260928-171216,1,175.84,113.92,15
gps_denied/20260928-171216,1,176.84,115.26,12
gps_denied/20260928-171216,1,178.84,117.1,12
gps_denied/20260928-171216,1,180.84,119.94,12
gps_denied/20260928-171216,1,182.84,122.0,12
gps_denied/20260928-171216,1,184.84,124.63,12
gps_denied/20260928-171216,1,185.84,125.51,12
gps_denied/20260928-171216,1,187.84,127.15,12
gps_denied/20260928-171216,1,188.84,127.64,12
gps_denied/20260928-171216,1,189.84,127.86,12
gps_denied/20260928-171216,1,190.85,128.25,12
gps_denied/20260928-171216,1,191.85,128.93,12
gps_denied/20260928-171216,1,193.84,130.28,12
gps_denied/20260928-171216,1,194.84,130.65,12
gps_denied/20260928-171216,1,195.84,130.93,12
gps_denied/20260928-171216,1,197.84,131.31,12
gps_denied/20260928-171216,1,198.84,131.68,12
gps_denied/20260928-171216,1,199.85,131.8,12
gps_denied/20260928-171216,1,201.84,132.42,12
gps_denied/20260928-171216,1,202.85,132.88,12
gps_denied/20260928-171216,1,203.85,134.01,12
gps_denied/20260928-171216,1,205.84,136.33,12
gps_denied/20260928-171216,1,206.84,138.44,12
gps_denied/20260928-171216,1,207.84,140.1,12
gps_denied/20260928-171216,1,208.85,146.61,12
gps_denied/20260928-171216,1,210.85,155.72,12
gps_denied/20260928-171216,1,212.85,160.62,37
gps_denied/20260928-171216,1,214.84,163.82,37
gps_denied/20260928-171216,1,215.85,163.82,37
gps_denied/20260928-171216,1,217.84,166.13,37
gps_denied/20260928-171216,1,218.84,167.43,37
gps_denied/20260928-171216,1,220.85,168.44,37
gps_denied/20260928-171216,1,222.85,169.2,37
gps_denied/20260928-171216,1,223.85,169.47,37
gps_denied/20260928-171216,1,225.84,169.7,37
gps_denied/20260928-171216,1,226.84,169.77,37
gps_denied/20260928-171216,1,227.84,169.91,37
gps_denied/20260928-171216,1,229.85,170.28,37
gps_denied/20260928-171216,1,231.85,170.49,5
gps_denied/20260928-171216,1,232.85,170.78,5
gps_denied/20260928-171216,1,233.85,170.98,5
gps_denied/20260928-171216,1,235.85,171.55,5
gps_denied/20260928-171216,1,236.85,172.53,5
gps_denied/20260928-171216,1,237.85,173.52,5
gps_denied/20260928-171216,1,238.85,176.69,5
gps_denied/20260928-171216,1,240.85,180.61,5
gps_denied/20260928-171216,1,242.85,183.28,5
gps_denied/20260928-171216,1,243.85,184.4,5
gps_denied/20260928-171216,1,245.85,185.52,15
gps_denied/20260928-171216,1,246.85,186.63,15
gps_denied/20260928-171216,1,248.85,187.75,15
gps_denied/20260928-171216,1,250.85,189.13,15
gps_denied/20260928-171216,1,251.85,190.54,15
gps_denied/20260928-171216,1,253.85,194.18,15
gps_denied/20260928-171216,1,255.85,198.09,15
gps_denied/20260928-171216,1,256.85,200.11,15
gps_denied/20260928-171216,1,258.85,201.98,12
gps_denied/20260928-171216,1,260.85,203.92,12
gps_denied/20260928-171216,1,262.85,205.63,12
gps_denied/20260928-171216,1,264.85,209.41,12
gps_denied/20260928-171216,1,265.85,213.14,12
gps_denied/20260928-171216,1,267.85,216.0,12
gps_denied/20260928-171216,1,269.85,217.45,12
gps_denied/20260928-171216,1,271.85,218.44,12
gps_denied/20260928-171216,1,272.85,218.76,12
gps_denied/20260928-171216,1,274.85,219.84,18
gps_denied/20260928-171216,1,276.85,221.57,18
gps_denied/20260928-171216,1,277.86,225.24,18
gps_denied/20260928-171216,1,279.86,231.92,18
gps_denied/20260928-171216,1,280.86,233.51,18
gps_denied/20260928-171216,1,282.85,236.67,18
gps_denied/20260928-171216,1,283.86,238.19,18
gps_denied/20260928-171216,1,285.86,239.6,18
gps_denied/20260928-171216,1,286.86,239.99,18
gps_denied/20260928-171216,1,288.86,241.05,28
gps_denied/20260928-171216,1,290.86,241.62,28
gps_denied/20260928-171216,1,291.86,241.97,28
gps_denied/20260928-171216,1,292.86,242.08,28
gps_denied/20260928-171216,1,293.86,242.23,28
gps_denied/20260928-171216,1,295.86,242.54,28
gps_denied/20260928-171216,1,296.86,242.83,28
gps_denied/20260928-171216,1,298.86,243.35,28
gps_denied/20260928-171216,1,300.85,244.4,28
gps_denied/20260928-171216,1,302.85,248.75,28
gps_denied/20260928-171216,1,303.85,251.72,28
gps_denied/20260928-171216,1,304.86,258.36,28
gps_denied/20260928-171216,1,306.87,263.26,37
gps_denied/20260928-171216,1,308.86,264.4,37
gps_denied/20260928-171216,1,310.86,265.02,37
gps_denied/20260928-171216,1,312.86,265.43,37
gps_denied/20260928-171216,1,314.86,265.6,37
gps_denied/20260928-171216,1,316.86,265.6,25
gps_denied/20260928-171216,1,317.87,265.71,25
gps_denied/20260928-171216,1,319.86,265.86,25
gps_denied/20260928-171216,1,320.86,266.04,25
gps_denied/20260928-171216,1,322.86,266.29,25
gps_denied/20260928-171216,1,323.87,266.44,25
gps_denied/20260928-171216,1,325.86,266.67,25
gps_denied/20260928-171216,1,326.86,266.71,25
gps_denied/20260928-171216,1,328.86,266.72,25
gps_denied/20260928-171216,1,330.86,266.72,25
gps_denied/20260928-171216,1,331.86,266.72,25
gps_denied/20260928-171216,1,332.86,266.73,25
gps_denied/20260928-171216,1,334.86,266.74,25
gps_denied/20260928-171216,1,336.87,266.75,26
gps_denied/20260928-171216,1,338.86,266.75,26
gps_denied/20260928-171216,1,339.87,266.75,26
gps_denied/20260928-171216,1,341.87,266.77,26
gps_denied/20260928-171216,1,342.87,266.77,26
gps_denied/20260928-171216,1,344.86,266.8,26
gps_denied/20260928-171216,1,345.87,266.81,26
gps_denied/20260928-171216,1,347.86,266.84,26
gps_denied/20260928-171216,1,348.87,266.85,26
gps_denied/20260928-171216,1,350.87,266.87,26
gps_denied/20260928-171216,1,352.86,267.18,26
gps_denied/20260928-171216,1,353.87,267.56,26
gps_denied/20260928-171216,1,355.87,267.75,22
gps_denied/20260928-171216,1,357.86,267.79,22
gps_denied/20260928-171216,1,358.86,267.81,22
gps_denied/20260928-171216,1,360.87,267.84,22
gps_denied/20260928-171216,1,362.86,267.88,22
gps_denied/20260928-171216,1,364.86,268.35,22
gps_denied/20260928-171216,1,365.86,268.63,22
gps_denied/20260928-171216,1,366.87,271.55,22
gps_denied/20260928-171216,1,368.87,277.21,22
gps_denied/20260928-171216,1,369.87,278.05,22
gps_denied/20260928-171216,1,371.87,279.12,22
gps_denied/20260928-171216,1,373.87,279.26,22
gps_denied/20260928-171216,1,374.88,279.29,16
gps_denied/20260928-171216,1,376.87,279.54,16
gps_denied/20260928-171216,1,378.88,280.33,16
gps_denied/20260928-171216,1,380.87,282.28,16
gps_denied/20260928-171216,1,382.87,283.8,16
gps_denied/20260928-171216,1,383.87,285.1,16
gps_denied/20260928-171216,1,385.86,287.74,16
gps_denied/20260928-171216,1,386.87,288.71,16
gps_denied/20260928-171216,1,387.87,289.3,16
gps_denied/20260928-171216,1,389.86,290.52,16
gps_denied/20260928-171216,1,390.87,291.16,16
gps_denied/20260928-171216,1,391.87,291.56,16
gps_denied/20260928-171216,1,393.87,291.88,19
gps_denied/20260928-171216,1,395.87,292.08,19
gps_denied/20260928-171216,1,396.87,292.27,19
gps_denied/20260928-171216,1,398.86,292.51,19
gps_denied/20260928-171216,1,399.86,292.66,19
gps_denied/20260928-171216,1,400.87,292.74,19
gps_denied/20260928-171216,1,401.87,292.93,19
gps_denied/20260928-171216,1,403.87,293.17,19
gps_denied/20260928-171216,1,404.87,293.43,19
gps_denied/20260928-171216,1,405.87,293.68,19
gps_denied/20260928-171216,1,407.87,296.17,19
gps_denied/20260928-171216,1,409.86,303.35,19
gps_denied/20260928-171216,1,410.87,305.38,19
gps_denied/20260928-171216,1,412.87,309.55,29
gps_denied/20260928-171216,1,414.87,313.39,29
gps_denied/20260928-171216,1,416.88,315.06,29
gps_denied/20260928-171216,1,417.88,315.4,29
gps_denied/20260928-171216,1,419.88,316.32,29
gps_denied/20260928-171216,1,421.88,316.72,29
gps_denied/20260928-171216,1,423.87,316.99,29
gps_denied/20260928-171216,1,425.88,317.23,29
gps_denied/20260928-171216,1,426.88,317.3,29
gps_denied/20260928-171216,1,427.89,317.51,10
gps_denied/20260928-171216,1,429.88,317.97,10
gps_denied/20260928-171216,1,431.88,318.55,10
gps_denied/20260928-171216,1,433.88,321.09,10
gps_denied/20260928-171216,1,435.87,322.04,10
gps_denied/20260928-171216,1,436.88,322.24,10
gps_denied/20260928-171216,1,438.88,322.67,10
gps_denied/20260928-171216,1,439.88,322.8,9
gps_denied/20260928-171216,1,441.89,322.97,9
gps_denied/20260928-171216,1,442.89,323.06,9
gps_denied/20260928-171216,1,444.87,323.17,9
gps_denied/20260928-171216,1,445.88,323.17,9
gps_denied/20260928-171216,1,446.89,323.23,9
gps_denied/20260928-171216,1,448.88,323.46,9
gps_denied/20260928-171216,1,449.89,323.46,9
gps_denied/20260928-171216,1,451.89,323.49,9
gps_denied/20260928-171216,1,453.89,323.51,9
gps_denied/20260928-171216,1,455.89,323.52,9
gps_denied/20260928-171216,1,457.88,323.55,9
gps_denied/20260928-171216,1,458.88,323.55,9
gps_denied/20260928-171216,1,459.89,323.6,9
gps_denied/20260928-171216,1,461.88,323.65,9
gps_denied/20260928-171216,1,462.88,323.67,9
gps_denied/20260928-171216,1,463.88,323.67,9
gps_denied/20260928-171216,1,464.89,323.67,9
gps_denied/20260928-171216,1,466.88,323.74,9
gps_denied/20260928-171216,1,467.89,323.74,9
gps_denied/20260928-171216,1,468.89,323.79,9
gps_denied/20260928-171216,1,470.89,323.88,9
gps_denied/20260928-171216,1,472.89,324.05,9
gps_denied/20260928-171216,1,473.89,324.05,9
gps_denied/20260928-171216,1,475.88,324.09,9
gps_denied/20260928-171216,1,477.88,324.1,9
gps_denied/20260928-171216,1,478.89,324.1,9
gps_denied/20260928-171216,1,479.89,324.1,9
gps_denied/20260928-171216,1,480.89,324.1,9
gps_denied/20260928-171216,1,482.89,324.1,9
gps_denied/20260928-171216,1,484.89,324.1,9
gps_denied/20260928-171216,1,485.9,324.1,9
gps_denied/20260928-171216,1,487.88,324.1,9
gps_denied/20260928-171216,1,488.89,324.11,9
gps_denied/20260928-171216,1,489.9,324.11,9
gps_denied/20260928-171216,1,491.88,324.11,9
gps_denied/20260928-171216,1,492.89,324.11,9
gps_denied/20260928-171216,1,494.9,324.11,9
gps_denied/20260928-171216,1,496.89,324.12,9
gps_denied/20260928-171216,1,497.89,324.12,9
gps_denied/20260928-171216,1,499.88,324.12,9
gps_denied/20260928-171216,1,500.9,324.12,9
gps_denied/20260928-171216,1,502.88,324.12,9
gps_denied/20260928-171216,1,503.88,324.12,9
gps_denied/20260928-171216,1,504.89,324.12,9
gps_denied/20260928-171216,1,506.88,324.12,9
gps_denied/20260928-171216,1,507.89,324.12,9
gps_denied/20260928-171216,1,509.89,324.12,9
gps_denied/20260928-171216,1,511.89,324.13,9
gps_denied/20260928-171216,1,513.88,324.13,9
gps_denied/20260928-171216,1,514.89,324.13,9
gps_denied/20260928-171216,1,516.89,324.13,9
gps_denied/20260928-171216,1,518.89,324.14,9
gps_denied/20260928-171216,1,519.9,324.14,9
gps_denied/20260928-171216,1,521.89,324.14,9
gps_denied/20260928-171216,1,522.9,324.14,9
gps_denied/20260928-171216,1,524.9,324.14,9
gps_denied/20260928-171216,1,525.9,324.15,9
gps_denied/20260928-171216,1,527.89,324.15,9
gps_denied/20260928-171216,1,528.9,324.15,9
gps_denied/20260928-171216,1,530.9,324.16,9
gps_denied/20260928-171216,1,532.9,324.16,9
gps_denied/20260928-171216,1,534.88,324.16,9
gps_denied/20260928-171216,1,535.89,324.16,9
gps_denied/20260928-171216,1,536.89,324.16,9
gps_denied/20260928-171216,1,538.88,324.16,9
gps_denied/20260928-171216,1,539.89,324.17,9
gps_denied/20260928-171216,1,540.89,324.18,9
gps_denied/20260928-171216,1,542.87,324.18,9
gps_denied/20260928-171216,1,543.89,324.18,9
gps_denied/20260928-171216,1,544.89,324.18,9
gps_denied/20260928-171216,1,546.88,324.19,9
gps_denied/20260928-171216,1,547.88,324.19,9
gps_denied/20260928-171216,1,548.89,324.19,9
gps_denied/20260928-171216,1,550.91,324.19,9
gps_denied/20260928-171216,1,551.91,324.2,9
gps_denied/20260928-171216,1,553.89,324.2,9
gps_denied/20260928-171216,1,554.9,324.2,9
gps_denied/20260928-171216,1,555.9,324.2,9
gps_denied/20260928-171216,1,557.9,324.2,9
gps_denied/20260928-171216,1,559.89,324.21,9
gps_denied/20260928-171216,1,561.9,324.21,9
gps_denied/20260928-171216,1,563.89,324.21,9
gps_denied/20260928-171216,1,564.9,324.21,9
gps_denied/20260928-171216,1,565.9,324.22,9
gps_denied/20260928-171216,1,567.9,324.22,9
gps_denied/20260928-171216,1,568.91,324.22,9
gps_denied/20260928-171216,1,570.89,324.23,9
gps_denied/20260928-171216,1,571.9,324.23,9
gps_denied/20260928-171216,1,572.9,324.23,9
gps_denied/20260928-171216,1,574.9,324.23,9
gps_denied/20260928-171216,1,575.9,324.23,9
gps_denied/20260928-171216,1,577.89,324.23,9
gps_denied/20260928-171216,1,579.9,324.23,9
gps_denied/20260928-171216,1,581.9,324.23,9
gps_denied/20260928-171216,1,583.9,324.24,9
gps_denied/20260928-171216,1,584.9,324.25,9
gps_denied/20260928-171216,1,586.9,324.25,9
gps_denied/20260928-171216,1,588.9,324.26,9
gps_denied/20260928-171216,1,590.9,324.26,9
gps_denied/20260928-171216,1,592.9,324.27,9
gps_denied/20260928-171216,1,593.9,324.27,9
gps_denied/20260928-171216,1,594.9,324.27,9
gps_denied/20260928-171216,1,596.91,324.28,9
gps_denied/20260928-171216,1,597.92,324.29,9
gps_denied/20260928-171216,1,599.91,324.3,9
gps_denied/20260928-171216,1,601.9,324.3,9
gps_denied/20260928-171216,1,603.9,324.3,9
gps_denied/20260928-171216,1,604.9,324.3,9
gps_denied/20260928-171216,1,605.9,324.31,9
gps_denied/20260928-171216,1,607.9,324.31,9
gps_denied/20260928-171216,1,608.9,324.31,9
gps_denied/20260928-171216,1,610.9,324.32,9
gps_denied/20260928-171216,1,612.91,324.32,9
gps_denied/20260928-171216,1,613.91,324.32,9
gps_denied/20260928-171216,1,615.91,324.32,9
gps_denied/20260928-171216,1,616.91,324.32,9
gps_denied/20260928-171216,1,617.91,324.32,9
gps_denied/20260928-171216,1,619.91,324.32,9
gps_denied/20260928-171216,1,621.88,324.32,9
gps_denied/20260928-171216,1,622.89,324.32,9
gps_denied/20260928-171216,1,623.91,324.32,9
gps_denied/20260928-171216,1,624.91,324.33,9
gps_denied/20260928-171216,1,626.91,324.33,9
gps_denied/20260928-171216,1,627.91,324.33,9
gps_denied/20260928-171216,1,629.91,324.33,9
gps_denied/20260928-171216,1,630.92,324.33,9
gps_denied/20260928-171216,1,632.91,324.33,9
gps_denied/20260928-171216,1,633.91,324.33,9
gps_denied/20260928-171216,1,635.9,324.34,9
gps_denied/20260928-171216,1,636.91,324.34,9
gps_denied/20260928-171216,1,637.91,324.34,9
gps_denied/20260928-171216,1,639.89,324.35,9
gps_denied/20260928-171216,1,641.89,324.36,9
gps_denied/20260928-171216,1,642.89,324.36,9
gps_denied/20260928-171216,1,643.9,324.36,9
gps_denied/20260928-171216,1,644.91,324.36,9
gps_denied/20260928-171216,1,646.91,324.36,9
gps_denied/20260928-171216,1,648.91,324.36,9
gps_denied/20260928-171216,1,650.91,324.37,9
gps_denied/20260928-171216,1,652.91,324.38,9
gps_denied/20260928-171216,1,654.91,324.38,9
gps_denied/20260928-171216,1,655.92,324.39,9
gps_denied/20260928-171216,1,657.91,324.39,9
gps_denied/20260928-171216,1,658.92,324.4,9
gps_denied/20260928-171216,1,660.9,324.4,9
gps_denied/20260928-171216,1,661.91,324.4,9
gps_denied/20260928-171216,1,663.9,324.4,9
gps_denied/20260928-171216,1,665.91,324.41,9
gps_denied/20260928-171216,1,667.9,324.43,9
gps_denied/20260928-171216,1,668.92,324.43,9
gps_denied/20260928-171216,1,670.91,324.44,9
gps_denied/20260928-171216,1,671.91,324.45,9
gps_denied/20260928-171216,1,673.9,324.46,9
gps_denied/20260928-171216,1,674.92,324.46,9
gps_denied/20260928-171216,1,676.91,324.46,9
gps_denied/20260928-171216,1,677.91,324.48,9
gps_denied/20260928-171216,1,679.91,324.48,9
gps_denied/20260928-171216,1,680.91,324.48,9
gps_denied/20260928-171216,1,682.91,324.49,9
gps_denied/20260928-171216,1,683.91,324.49,9
gps_denied/20260928-171216,1,685.91,324.49,9
gps_denied/20260928-171216,1,687.91,324.49,9
gps_denied/20260928-171216,1,689.92,324.49,9
gps_denied/20260928-171216,1,691.91,324.49,9
gps_denied/20260928-171216,1,692.92,324.49,9
gps_denied/20260928-171216,1,693.92,324.49,9
gps_denied/20260928-171216,1,695.91,324.58,9
gps_denied/20260928-171216,1,697.91,324.88,9
gps_denied/20260928-171216,1,698.91,324.99,9
gps_denied/20260928-171216,1,700.92,325.21,9
gps_denied/20260928-171216,1,702.91,325.31,6
gps_denied/20260928-171216,1,704.91,325.5,6
gps_denied/20260928-171216,1,705.91,325.71,6
gps_denied/20260928-171216,1,707.9,326.27,6
gps_denied/20260928-171216,1,708.91,326.71,6
gps_denied/20260928-171216,1,710.9,330.99,6
gps_denied/20260928-171216,1,711.9,338.92,6
gps_denied/20260928-171216,1,713.89,345.5,6
gps_denied/20260928-171216,1,714.91,349.47,6
gps_denied/20260928-171216,1,716.9,351.54,6
gps_denied/20260928-171216,1,718.9,351.81,6
gps_denied/20260928-171216,1,720.91,351.95,24
gps_denied/20260928-171216,1,722.91,352.16,24
gps_denied/20260928-171216,1,724.9,352.24,24
gps_denied/20260928-171216,1,725.9,352.28,24
gps_denied/20260928-171216,1,726.91,352.3,24
gps_denied/20260928-171216,1,728.9,352.39,24
gps_denied/20260928-171216,1,729.9,352.46,24
gps_denied/20260928-171216,1,731.91,352.64,24
gps_denied/20260928-171216,1,733.91,353.69,24
gps_denied/20260928-171216,1,734.91,354.54,24
gps_denied/20260928-171216,1,735.92,354.63,24
gps_denied/20260928-171216,1,736.93,355.13,24
gps_denied/20260928-171216,1,738.92,355.28,16
gps_denied/20260928-171216,1,739.93,355.29,16
gps_denied/20260928-171216,1,741.9,355.29,16
gps_denied/20260928-171216,1,742.91,355.29,16
gps_denied/20260928-171216,1,744.91,355.31,16
gps_denied/20260928-171216,1,745.91,355.31,16
gps_denied/20260928-171216,1,747.9,355.61,16
gps_denied/20260928-171216,1,749.9,356.08,16
gps_denied/20260928-171216,1,750.9,356.3,16
gps_denied/20260928-171216,1,751.91,356.45,16
gps_denied/20260928-171216,1,752.91,356.81,16
gps_denied/20260928-171216,1,753.92,356.91,16
gps_denied/20260928-171216,1,755.91,357.36,16
gps_denied/20260928-171216,1,757.9,357.68,16
gps_denied/20260928-171216,1,758.92,357.75,8
gps_denied/20260928-171216,1,760.9,357.95,8
gps_denied/20260928-171216,1,761.91,358.05,8
gps_denied/20260928-171216,1,762.91,358.1,8
gps_denied/20260928-171216,1,764.9,358.16,8
gps_denied/20260928-171216,1,765.9,358.18,8
gps_denied/20260928-171216,1,766.92,358.19,8
gps_denied/20260928-171216,1,768.93,358.25,8
gps_denied/20260928-171216,1,770.9,358.26,2
gps_denied/20260928-171216,1,772.9,358.26,2
gps_denied/20260928-171216,1,773.91,358.26,2
gps_denied/20260928-171216,1,774.91,358.26,2
gps_denied/20260928-171216,1,775.92,358.26,2
gps_denied/20260928-171216,1,777.91,358.26,2
gps_denied/20260928-171216,1,778.92,358.26,2
gps_denied/20260928-171216,1,780.91,358.26,2
gps_denied/20260928-171216,1,781.92,358.26,2
gps_denied/20260928-171216,1,783.92,358.26,2
gps_denied/20260928-171216,1,785.9,358.26,2
gps_denied/20260928-171216,1,787.91,358.26,2
gps_denied/20260928-171216,1,788.91,358.26,2
gps_denied/20260928-171216,1,789.92,358.26,2
gps_denied/20260928-171216,1,790.92,358.26,2
gps_denied/20260928-171216,1,792.92,358.26,2
gps_denied/20260928-171216,1,793.93,358.26,2
gps_denied/20260928-171216,1,795.92,358.26,2
gps_denied/20260928-171216,1,797.92,358.26,2
gps_denied/20260928-171216,1,799.91,358.26,2
gps_denied/20260928-171216,1,800.91,358.26,2
gps_denied/20260928-171216,1,801.92,358.26,2
gps_denied/20260928-171216,1,802.92,358.26,2
gps_denied/20260928-171216,1,804.9,358.26,2
gps_denied/20260928-171216,1,805.92,358.26,2
gps_denied/20260928-171216,1,806.92,358.26,2
gps_denied/20260928-171216,1,807.92,358.26,2
gps_denied/20260928-171216,1,809.92,358.26,2
gps_denied/20260928-171216,1,811.92,358.26,2
gps_denied/20260928-171216,1,812.93,358.26,2
gps_denied/20260928-171216,1,814.92,358.26,2
gps_denied/20260928-171216,1,815.93,358.26,2
gps_denied/20260928-171216,1,817.92,358.26,2
gps_denied/20260928-171216,1,819.92,358.26,2
gps_denied/20260928-171216,1,820.93,358.26,2
gps_denied/20260928-171216,1,822.92,358.26,2
gps_denied/20260928-171216,1,823.92,358.26,2
gps_denied/20260928-171216,1,825.91,358.26,2
gps_denied/20260928-171216,1,826.92,358.26,2
gps_denied/20260928-171216,1,828.9,358.26,2
gps_denied/20260928-171216,1,829.92,358.26,2
gps_denied/20260928-171216,1,830.92,358.26,2
gps_denied/20260928-171216,1,832.92,358.26,2
gps_denied/20260928-171216,1,834.92,358.26,2
gps_denied/20260928-171216,1,836.92,358.26,2
gps_denied/20260928-171216,1,837.92,358.26,2
gps_denied/20260928-171216,1,839.92,358.26,2
gps_denied/20260928-171216,1,841.92,358.26,2
gps_denied/20260928-171216,1,843.92,358.26,2
gps_denied/20260928-171216,1,844.93,358.26,2
gps_denied/20260928-171216,1,846.91,358.26,2
gps_denied/20260928-171216,1,847.91,358.26,2
gps_denied/20260928-171216,1,849.91,358.26,2
gps_denied/20260928-171216,1,850.93,358.26,2
gps_denied/20260928-171216,1,852.91,358.26,2
gps_denied/20260928-171216,1,853.92,358.26,2
gps_denied/20260928-171216,1,855.91,358.26,2
gps_denied/20260928-171216,1,856.92,358.26,2
gps_denied/20260928-171216,1,858.93,358.26,2
gps_denied/20260928-171216,1,860.91,358.26,2
gps_denied/20260928-171216,1,861.92,358.26,2
gps_denied/20260928-171216,1,862.92,358.26,2
gps_denied/20260928-171216,1,863.93,358.26,2
gps_denied/20260928-171216,1,865.92,358.26,2
gps_denied/20260928-171216,1,866.92,358.26,2
gps_denied/20260928-171216,1,868.92,358.26,2
gps_denied/20260928-171216,1,869.92,358.26,2
gps_denied/20260928-171216,1,871.91,358.26,2
gps_denied/20260928-171216,1,872.92,358.26,2
gps_denied/20260928-171216,1,873.92,358.26,2
gps_denied/20260928-171216,1,875.91,358.26,2
gps_denied/20260928-171216,1,876.91,358.26,2
gps_denied/20260928-171216,1,878.93,358.26,2
gps_denied/20260928-171216,1,880.91,358.26,2
gps_denied/20260928-171216,1,881.92,358.26,2
gps_denied/20260928-171216,1,883.92,358.26,2
gps_denied/20260928-171216,1,884.94,358.26,2
gps_denied/20260928-171216,1,886.93,358.26,2
gps_denied/20260928-171216,1,888.93,358.26,2
gps_denied/20260928-171216,1,890.92,358.26,2
gps_denied/20260928-171216,1,891.92,358.26,2
gps_denied/20260928-171216,1,892.93,358.26,2
gps_denied/20260928-171216,1,894.91,358.26,2
gps_denied/20260928-171216,1,896.91,358.26,2
gps_denied/20260928-171216,1,898.91,358.26,2
gps_denied/20260928-171216,1,899.92,358.26,2
gps_denied/20260928-171216,1,901.91,358.26,2
gps_denied/20260928-171216,1,903.91,358.26,2
gps_denied/20260928-171216,1,905.91,358.26,2
gps_denied/20260928-171216,1,907.92,358.26,2
gps_denied/20260928-171216,1,908.92,358.26,2
gps_denied/20260928-171216,1,910.9,358.26,2
gps_denied/20260928-171216,1,911.91,358.26,2
gps_denied/20260928-171216,1,913.92,358.26,2
gps_denied/20260928-171216,1,915.91,358.26,2
gps_denied/20260928-171216,1,916.92,358.26,2
gps_denied/20260928-171216,1,918.92,358.26,2
gps_denied/20260928-171216,1,919.92,358.26,2
gps_denied/20260928-171216,1,921.91,358.26,2
gps_denied/20260928-171216,1,922.91,358.26,2
gps_denied/20260928-171216,1,923.92,358.26,2
gps_denied/20260928-171216,1,924.92,358.26,2
gps_denied/20260928-171216,1,926.91,358.26,2
gps_denied/20260928-171216,1,927.92,358.26,2
gps_denied/20260928-171216,1,929.91,358.26,2
gps_denied/20260928-171216,1,930.91,358.26,2
gps_denied/20260928-171216,1,931.92,358.26,2
gps_denied/20260928-171216,1,933.91,358.26,2
gps_denied/20260928-171216,1,935.91,358.26,2
gps_denied/20260928-171216,1,936.93,358.26,2
gps_denied/20260928-171216,1,938.91,358.26,2
gps_denied/20260928-171216,1,939.92,358.26,2
gps_denied/20260928-171216,1,940.92,358.26,2
gps_denied/20260928-171216,1,941.92,358.26,2
gps_denied/20260928-171216,1,942.92,358.26,2
gps_denied/20260928-171216,1,944.92,358.26,2
gps_denied/20260928-171216,1,945.93,358.26,2
gps_denied/20260928-171216,1,946.93,358.26,2
gps_denied/20260928-171216,1,948.92,358.26,2
gps_denied/20260928-171216,1,950.92,358.26,2
gps_denied/20260928-171216,1,952.93,358.26,2
gps_denied/20260928-171216,1,954.93,358.26,2
gps_denied/20260928-171216,1,956.92,358.26,2
gps_denied/20260928-171216,1,958.92,358.26,2
gps_denied/20260928-171216,1,959.92,358.26,2
gps_denied/20260928-171216,1,961.92,358.26,2
gps_denied/20260928-171216,1,962.93,358.26,2
gps_denied/20260928-171216,1,964.91,358.26,2
gps_denied/20260928-171216,1,965.92,358.26,2
gps_denied/20260928-171216,1,967.92,358.26,2
gps_denied/20260928-171216,1,968.92,358.26,2
gps_denied/20260928-171216,1,970.92,358.26,2
gps_denied/20260928-171216,1,971.93,358.26,2
gps_denied/20260928-171216,1,973.92,358.26,2
gps_denied/20260928-171216,1,975.93,358.26,2
gps_denied/20260928-171216,1,976.93,358.26,2
gps_denied/20260928-171216,1,978.93,358.26,2
gps_denied/20260928-171216,1,979.93,358.26,2
gps_denied/20260928-171216,1,981.92,358.26,2
gps_denied/20260928-171216,1,982.93,358.26,2
gps_denied/20260928-171216,1,984.92,358.26,2
gps_denied/20260928-171216,1,985.93,358.26,2
gps_denied/20260928-171216,1,987.91,358.26,2
gps_denied/20260928-171216,1,988.92,358.26,2
gps_denied/20260928-171216,1,989.92,358.26,2
gps_denied/20260928-171216,1,991.91,358.26,2
gps_denied/20260928-171216,1,992.92,358.26,2
gps_denied/20260928-171216,1,994.9,358.26,2
gps_denied/20260928-171216,1,995.92,358.26,2
gps_denied/20260928-171216,1,997.91,358.26,2
gps_denied/20260928-171216,1,999.91,358.26,2
gps_denied/20260928-171216,1,1000.92,358.26,2
gps_denied/20260928-171216,1,1001.92,358.26,2
gps_denied/20260928-171216,1,1003.9,358.26,2
gps_denied/20260928-171216,1,1004.92,358.26,2
gps_denied/20260928-171216,1,1005.93,358.26,2
gps_denied/20260928-171216,1,1007.92,358.26,2
gps_denied/20260928-171216,1,1008.93,358.26,2
gps_denied/20260928-171216,1,1010.92,358.26,2
gps_denied/20260928-171216,1,1012.93,358.26,2
gps_denied/20260928-171216,1,1014.92,358.26,2
gps_denied/20260928-171216,1,1015.92,358.26,2
gps_denied/20260928-171216,1,1016.93,358.26,2
gps_denied/20260928-171216,1,1018.93,358.26,2
gps_denied/20260928-171216,1,1020.91,358.26,2
gps_denied/20260928-171216,1,1022.93,358.26,2
gps_denied/20260928-171216,1,1024.91,358.26,2
gps_denied/20260928-171216,1,1025.92,358.26,2
gps_denied/20260928-171216,1,1027.93,358.26,2
gps_denied/20260928-171216,1,1028.93,358.26,2
gps_denied/20260928-171216,1,1029.94,358.26,2
gps_denied/20260928-171216,1,1031.94,358.26,2
gps_denied/20260928-171216,1,1033.93,358.26,2
gps_denied/20260928-171216,1,1035.93,358.26,2
gps_denied/20260928-171216,1,1036.93,358.26,2
gps_denied/20260928-171216,1,1038.91,358.26,2
gps_denied/20260928-171216,1,1040.91,358.26,2
gps_denied/20260928-171216,1,1041.92,358.26,2
gps_denied/20260928-171216,1,1043.91,358.26,2
gps_denied/20260928-171216,1,1045.91,358.26,2
gps_denied/20260928-171216,1,1046.92,358.26,2
gps_denied/20260928-171216,1,1047.93,358.26,2
gps_denied/20260928-171216,1,1049.94,358.26,2
gps_denied/20260928-171216,1,1051.92,358.26,2
gps_denied/20260928-171216,1,1053.91,358.26,2
gps_denied/20260928-171216,1,1054.92,358.26,2
gps_denied/20260928-171216,1,1055.93,358.26,2
gps_denied/20260928-171216,1,1057.93,358.26,2
gps_denied/20260928-171216,1,1059.92,358.26,2
gps_denied/20260928-171216,1,1061.91,358.26,2
gps_denied/20260928-171216,1,1062.91,358.26,2
gps_denied/20260928-171216,1,1063.92,358.26,2
gps_denied/20260928-171216,1,1065.9,358.26,2
gps_denied/20260928-171216,1,1066.91,358.26,2
gps_denied/20260928-171216,1,1067.92,358.26,2
gps_denied/20260928-171216,1,1068.92,358.26,2
gps_denied/20260928-171216,1,1070.93,358.26,2
gps_denied/20260928-171216,1,1072.92,358.26,2
gps_denied/20260928-171216,1,1074.9,358.26,2
gps_denied/20260928-171216,1,1075.92,358.26,2
gps_denied/20260928-171216,1,1077.92,358.26,2
gps_denied/20260928-171216,1,1079.93,358.26,2
gps_denied/20260928-171216,1,1080.93,358.26,2
gps_denied/20260928-171216,1,1082.92,358.26,2
gps_denied/20260928-171216,1,1084.92,358.26,2
gps_denied/20260928-171216,1,1085.92,358.26,2
gps_denied/20260928-171216,1,1086.93,358.26,2
gps_denied/20260928-171216,1,1088.91,358.26,2
gps_denied/20260928-171216,1,1089.92,358.26,2
gps_denied/20260928-171216,1,1091.91,358.26,2
gps_denied/20260928-171216,1,1092.92,358.26,2
gps_denied/20260928-171216,1,1094.91,358.26,2
gps_denied/20260928-171216,1,1095.93,358.26,2
gps_denied/20260928-171216,1,1097.92,358.26,2
gps_denied/20260928-171216,1,1099.92,358.26,2
gps_denied/20260928-171216,1,1101.92,358.26,2
gps_denied/20260928-171216,1,1103.93,358.26,2
gps_denied/20260928-171216,1,1105.91,358.26,2
gps_denied/20260928-171216,1,1106.91,358.26,2
gps_denied/20260928-171216,1,1107.92,358.26,2
gps_denied/20260928-171216,1,1108.92,358.26,2
gps_denied/20260928-171216,1,1109.92,358.26,2
gps_denied/20260928-171216,1,1110.92,358.26,2
gps_denied/20260928-171216,1,1112.91,358.26,2
gps_denied/20260928-171216,1,1114.92,358.26,2
gps_denied/20260928-171216,1,1116.92,358.26,2
gps_denied/20260928-171216,1,1118.93,358.26,2
gps_denied/20260928-171216,1,1120.91,358.26,2
gps_denied/20260928-171216,1,1121.93,358.26,2
gps_denied/20260928-171216,1,1122.94,358.26,2
gps_denied/20260928-171216,1,1123.96,358.26,2
gps_denied/20260928-171216,1,1125.93,358.26,2
gps_denied/20260928-171216,1,1126.93,358.26,2
gps_denied/20260928-171216,1,1128.92,358.26,2
gps_denied/20260928-171216,1,1129.93,358.26,2
gps_denied/20260928-171216,1,1131.92,358.26,2
gps_denied/20260928-171216,1,1133.91,358.26,2
gps_denied/20260928-171216,1,1134.91,358.26,2
gps_denied/20260928-171216,1,1135.91,358.26,2
gps_denied/20260928-171216,1,1137.9,358.26,2
gps_denied/20260928-171216,1,1138.91,358.26,2
gps_denied/20260928-171216,1,1139.92,358.26,2
gps_denied/20260928-171216,1,1141.92,358.26,2
gps_denied/20260928-171216,1,1142.92,358.26,2
gps_denied/20260928-171216,1,1144.92,358.26,2
gps_denied/20260928-171216,1,1145.93,358.26,2
gps_denied/20260928-171216,1,1147.91,358.26,2
gps_denied/20260928-171216,1,1148.91,358.26,2
gps_denied/20260928-171216,1,1149.92,358.26,2
gps_denied/20260928-171216,1,1150.92,358.26,2
gps_denied/20260928-171216,1,1152.92,358.26,2
gps_denied/20260928-171216,1,1153.92,358.26,2
gps_denied/20260928-171216,1,1155.91,358.26,2
gps_denied/20260928-171216,1,1156.93,358.26,2
gps_denied/20260928-171216,1,1158.92,358.26,2
gps_denied/20260928-171216,1,1159.93,358.26,2
gps_denied/20260928-171216,1,1161.92,358.26,2
gps_denied/20260928-171216,1,1163.92,358.26,2
gps_denied/20260928-171216,1,1165.91,358.26,2
gps_denied/20260928-171216,1,1166.92,358.26,2
gps_denied/20260928-171216,1,1167.92,358.26,2
gps_denied/20260928-171216,1,1168.93,358.26,2
gps_denied/20260928-171216,1,1169.93,358.26,2
gps_denied/20260928-171216,1,1171.92,358.26,2
gps_denied/20260928-171216,1,1173.91,358.26,2
gps_denied/20260928-171216,1,1174.91,358.26,2
gps_denied/20260928-171216,1,1175.92,358.26,2
gps_denied/20260928-171216,1,1177.92,358.26,2
gps_denied/20260928-171216,1,1179.9,358.26,2
gps_denied/20260928-171216,1,1180.92,358.26,2
gps_denied/20260928-171216,1,1181.92,358.26,2
gps_denied/20260928-171216,1,1183.91,358.26,2
gps_denied/20260928-171216,1,1184.91,358.26,2
gps_denied/20260928-171216,1,1185.91,358.26,2
gps_denied/20260928-171216,1,1186.92,358.26,2
gps_denied/20260928-171216,1,1188.91,358.26,2
gps_denied/20260928-171216,1,1189.92,358.26,2
gps_denied/20260928-171216,1,1191.9,358.26,2
gps_denied/20260928-171216,1,1192.92,358.26,2
gps_denied/20260928-171216,1,1194.92,358.26,2
gps_denied/20260928-171216,1,1196.91,358.26,2
gps_denied/20260928-171216,1,1197.91,358.26,2
gps_denied/20260928-171216,1,1198.92,358.26,2
gps_denied/20260928-171216,1,1199.92,358.26,2
gps_denied/20260928-171216,1,1201.89,358.26,2
gps_denied/20260928-171216,1,1202.9,358.26,2
gps_denied/20260928-171216,1,1203.91,358.26,2
gps_denied/20260928-171216,1,1205.92,358.26,2
gps_denied/20260928-171216,1,1207.91,358.26,2
gps_denied/20260928-171216,1,1209.92,358.26,2
gps_denied/20260928-171216,1,1210.92,358.26,2
gps_denied/20260928-171216,1,1212.92,358.26,2
gps_denied/20260928-171216,1,1214.91,358.26,2
gps_denied/20260928-171216,1,1215.91,358.26,2
gps_denied/20260928-171216,1,1216.92,358.26,2
gps_denied/20260928-171216,1,1218.91,358.26,2
gps_denied/20260928-171216,1,1219.91,358.26,2
gps_denied/20260928-171216,1,1221.92,358.26,2
gps_denied/20260928-171216,1,1222.93,358.26,2
gps_denied/20260928-171216,1,1224.92,358.26,2
gps_denied/20260928-171216,1,1226.92,358.26,2
gps_denied/20260928-171216,1,1228.91,358.26,2
gps_denied/20260928-171216,1,1229.92,358.26,2
gps_denied/20260928-171216,1,1230.93,358.26,2
gps_denied/20260928-171216,1,1231.93,358.26,2
gps_denied/20260928-171216,1,1233.91,358.26,2
gps_denied/20260928-171216,1,1234.92,358.26,2
gps_denied/20260928-171216,1,1236.92,358.26,2
gps_denied/20260928-171216,1,1237.92,358.26,2
gps_denied/20260928-171216,1,1239.91,358.26,2
gps_denied/20260928-171216,1,1241.9,358.26,2
gps_denied/20260928-171216,1,1242.91,358.26,2
gps_denied/20260928-171216,1,1244.91,358.26,2
gps_denied/20260928-171216,1,1245.91,358.26,2
gps_denied/20260928-171216,1,1247.91,358.26,2
gps_denied/20260928-171216,1,1249.91,358.26,2
gps_denied/20260928-171216,1,1250.92,358.26,2
gps_denied/20260928-171216,1,1252.93,358.26,2
gps_denied/20260928-171216,1,1254.92,358.26,2
gps_denied/20260928-171216,1,1255.92,358.26,2
gps_denied/20260928-171216,1,1256.93,358.26,2
gps_denied/20260928-171216,1,1258.92,358.26,2
gps_denied/20260928-171216,1,1260.93,358.26,2
gps_denied/20260928-171216,1,1262.91,358.26,2
gps_denied/20260928-171216,1,1264.91,358.26,2
gps_denied/20260928-171216,1,1265.92,358.26,2
gps_denied/20260928-171216,1,1267.9,358.26,2
gps_denied/20260928-171216,1,1268.9,358.26,2
gps_denied/20260928-171216,1,1270.93,358.26,2
gps_denied/20260928-171216,1,1272.91,358.26,2
gps_denied/20260928-171216,1,1273.92,358.26,2
gps_denied/20260928-171216,1,1274.92,358.26,2
gps_denied/20260928-171216,1,1275.92,358.26,2
gps_denied/20260928-171216,1,1277.92,358.26,2
gps_denied/20260928-171216,1,1279.93,358.26,2
gps_denied/20260928-171216,1,1281.91,358.26,2
gps_denied/20260928-171216,1,1282.92,358.26,2
gps_denied/20260928-171216,1,1284.92,358.26,2
gps_denied/20260928-171216,1,1285.92,358.26,2
gps_denied/20260928-171216,1,1287.91,358.26,2
gps_denied/20260928-171216,1,1289.9,358.26,2
gps_denied/20260928-171216,1,1291.93,358.26,2
gps_denied/20260928-171216,1,1293.91,358.26,2
gps_denied/20260928-171216,1,1295.9,358.26,2
gps_denied/20260928-171216,1,1296.92,358.26,2
gps_denied/20260928-171216,1,1298.9,358.26,2
gps_denied/20260928-171216,1,1299.91,358.26,2
gps_denied/20260928-171216,1,1300.91,358.26,2
gps_denied/20260928-171216,1,1302.92,358.26,2
gps_denied/20260928-171216,1,1303.93,358.26,2
gps_denied/20260928-171216,1,1305.92,358.26,2
gps_denied/20260928-171216,1,1306.94,358.26,2
gps_denied/20260928-171216,1,1308.92,358.26,2
gps_denied/20260928-171216,1,1310.93,358.26,2
gps_denied/20260928-171216,1,1312.9,358.26,2
gps_denied/20260928-171216,1,1313.91,358.26,2
gps_denied/20260928-171216,1,1314.92,358.26,2
gps_denied/20260928-171216,1,1315.93,358.26,2
gps_denied/20260928-171216,1,1316.93,358.26,2
gps_denied/20260928-171216,1,1318.93,358.26,2
gps_denied/20260928-171216,1,1320.92,358.26,2
gps_denied/20260928-171216,1,1321.92,358.26,2
gps_denied/20260928-171216,1,1323.91,358.26,2
gps_denied/20260928-171216,1,1325.92,358.26,2
gps_denied/20260928-171216,1,1327.92,358.26,2
gps_denied/20260928-171216,1,1328.93,358.26,2
gps_denied/20260928-171216,1,1329.93,358.26,2
gps_denied/20260928-171216,1,1330.93,358.26,2
gps_denied/20260928-171216,1,1332.92,358.26,2
gps_denied/20260928-171216,1,1334.91,358.26,2
gps_denied/20260928-171216,1,1335.93,358.26,2
gps_denied/20260928-171216,1,1336.93,358.26,2
gps_denied/20260928-171216,1,1338.93,358.26,2
gps_denied/20260928-171216,1,1339.93,358.26,2
gps_denied/20260928-171216,1,1341.92,358.26,2
gps_denied/20260928-171216,1,1342.92,358.26,2
gps_denied/20260928-171216,1,1343.93,358.26,2
gps_denied/20260928-171216,1,1345.91,358.26,2
gps_denied/20260928-171216,1,1346.92,358.26,2
gps_denied/20260928-171216,1,1347.93,358.26,2
gps_denied/20260928-171216,1,1349.91,358.26,2
gps_denied/20260928-171216,1,1351.92,358.26,2
gps_denied/20260928-171216,1,1352.92,358.26,2
gps_denied/20260928-171216,1,1353.93,358.26,2
gps_denied/20260928-171216,1,1355.93,358.26,2
gps_denied/20260928-171216,1,1357.91,358.26,2
gps_denied/20260928-171216,1,1358.92,358.26,2
gps_denied/20260928-171216,1,1360.92,358.26,2
gps_denied/20260928-171216,1,1362.93,358.26,2
gps_denied/20260928-171216,1,1364.92,358.26,2
gps_denied/20260928-171216,1,1365.93,358.26,2
gps_denied/20260928-171216,1,1367.91,358.26,2
gps_denied/20260928-171216,1,1368.91,358.26,2
gps_denied/20260928-171216,1,1369.91,358.26,2
gps_denied/20260928-171216,1,1370.92,358.26,2
gps_denied/20260928-171216,1,1372.92,358.26,2
gps_denied/20260928-171216,1,1373.93,358.26,2
gps_denied/20260928-171216,1,1375.93,358.26,2
gps_denied/20260928-171216,1,1377.92,358.26,2
gps_denied/20260928-171216,1,1379.93,358.26,2
gps_denied/20260928-171216,1,1381.92,358.26,2
gps_denied/20260928-171216,1,1382.93,358.26,2
gps_denied/20260928-171216,1,1384.91,358.26,2
gps_denied/20260928-171216,1,1385.93,358.26,2
gps_denied/20260928-171216,1,1387.91,358.26,2
gps_denied/20260928-171216,1,1388.92,358.26,2
gps_denied/20260928-171216,1,1390.92,358.26,2
gps_denied/20260928-171216,1,1391.92,358.26,2
gps_denied/20260928-171216,1,1393.92,358.26,2
gps_denied/20260928-171216,1,1394.92,358.26,2
gps_denied/20260928-171216,1,1396.93,358.26,2
gps_denied/20260928-171216,1,1398.92,358.26,2
gps_denied/20260928-171216,1,1400.93,358.26,2
gps_denied/20260928-171216,1,1402.91,358.26,2
gps_denied/20260928-171216,1,1403.92,358.26,2
gps_denied/20260928-171216,1,1404.92,358.26,2
gps_denied/20260928-171216,1,1405.92,358.26,2
gps_denied/20260928-171216,1,1407.9,358.26,2
gps_denied/20260928-171216,1,1408.92,358.26,2
gps_denied/20260928-171216,1,1409.93,358.26,2
gps_denied/20260928-171216,1,1411.91,358.26,2
gps_denied/20260928-171216,1,1412.92,358.26,2
gps_denied/20260928-171216,1,1414.92,358.26,2
gps_denied/20260928-171216,1,1415.92,358.26,2
gps_denied/20260928-171216,1,1417.92,358.26,2
gps_denied/20260928-171216,1,1419.91,358.26,2
gps_denied/20260928-171216,1,1420.91,358.26,2
gps_denied/20260928-171216,1,1422.92,358.26,2
gps_denied/20260928-171216,1,1423.92,358.26,2
gps_denied/20260928-171216,1,1425.91,358.26,2
gps_denied/20260928-171216,1,1426.92,358.26,2
gps_denied/20260928-171216,1,1427.93,358.26,2
gps_denied/20260928-171216,1,1429.92,358.26,2
gps_denied/20260928-171216,1,1430.92,358.26,2
gps_denied/20260928-171216,1,1432.92,358.26,2
gps_denied/20260928-171216,1,1434.92,358.26,2
gps_denied/20260928-171216,1,1436.92,358.26,2
gps_denied/20260928-171216,1,1438.91,358.26,2
gps_denied/20260928-171216,1,1439.91,358.26,2
gps_denied/20260928-171216,1,1440.91,358.26,2
gps_denied/20260928-171216,1,1442.92,358.26,2
gps_denied/20260928-171216,1,1443.92,358.26,2
gps_denied/20260928-171216,1,1444.93,358.26,2
gps_denied/20260928-171216,1,1445.93,358.26,2
gps_denied/20260928-171216,1,1447.93,358.26,2
gps_denied/20260928-171216,1,1448.93,358.26,2
gps_denied/20260928-171216,1,1450.92,358.26,2
gps_denied/20260928-171216,1,1451.92,358.26,2
gps_denied/20260928-171216,1,1452.93,358.26,2
gps_denied/20260928-171216,1,1454.92,358.26,2
gps_denied/20260928-171216,1,1456.92,358.26,2
gps_denied/20260928-171216,1,1457.92,358.26,2
gps_denied/20260928-171216,1,1459.93,358.26,2
gps_denied/20260928-171216,1,1460.93,358.26,2
gps_denied/20260928-171216,1,1462.93,358.26,2
gps_denied/20260928-171216,1,1464.91,358.26,2
gps_denied/20260928-171216,1,1465.93,358.26,2
gps_denied/20260928-171216,1,1467.91,358.26,2
gps_denied/20260928-171216,1,1469.91,358.26,2
gps_denied/20260928-171216,1,1470.91,358.26,2
gps_denied/20260928-171216,1,1471.91,358.26,2
gps_denied/20260928-171216,1,1473.91,358.26,2
gps_denied/20260928-171216,1,1474.92,358.26,2
gps_denied/20260928-171216,1,1476.93,358.26,2
gps_denied/20260928-171216,1,1478.92,358.26,2
gps_denied/20260928-171216,1,1480.9,358.26,2
gps_denied/20260928-171216,1,1481.91,358.26,2
gps_denied/20260928-171216,1,1482.93,358.26,2
gps_denied/20260928-171216,1,1484.92,358.26,2
gps_denied/20260928-171216,1,1485.92,358.26,2
gps_denied/20260928-171216,1,1486.93,358.26,2
gps_denied/20260928-171216,1,1488.91,358.26,2
gps_denied/20260928-171216,1,1489.91,358.26,2
gps_denied/20260928-171216,1,1491.92,358.26,2
gps_denied/20260928-171216,1,1493.91,358.26,2
gps_denied/20260928-171216,1,1494.92,358.26,2
gps_denied/20260928-171216,1,1495.93,358.26,2
gps_denied/20260928-171216,1,1497.91,358.26,2
gps_denied/20260928-171216,1,1498.92,358.26,2
gps_denied/20260928-171216,1,1500.91,358.26,2
gps_denied/20260928-171216,1,1502.91,358.26,2
gps_denied/20260928-171216,1,1503.93,358.26,2
gps_denied/20260928-171216,1,1504.93,358.26,2
gps_denied/20260928-171216,1,1506.91,358.26,2
gps_denied/20260928-171216,1,1507.92,358.26,2
gps_denied/20260928-171216,1,1508.93,358.26,2
gps_denied/20260928-171216,1,1510.91,358.26,2
gps_denied/20260928-171216,1,1512.91,358.26,2
gps_denied/20260928-171216,1,1513.92,358.26,2
gps_denied/20260928-171216,1,1515.92,358.26,2
gps_denied/20260928-171216,1,1517.91,358.26,2
gps_denied/20260928-171216,1,1519.91,358.26,2
gps_denied/20260928-171216,1,1520.93,358.26,2
gps_denied/20260928-171216,1,1521.93,358.26,2
gps_denied/20260928-171216,1,1523.92,358.26,2
gps_denied/20260928-171216,1,1525.93,358.26,2
gps_denied/20260928-171216,1,1527.92,358.26,2
gps_denied/20260928-171216,1,1528.92,358.26,2
gps_denied/20260928-171216,1,1530.91,358.26,2
gps_denied/20260928-171216,1,1531.92,358.26,2
gps_denied/20260928-171216,1,1532.93,358.26,2
gps_denied/20260928-171216,1,1534.92,358.26,2
gps_denied/20260928-171216,1,1535.93,358.26,2
gps_denied/20260928-171216,1,1537.92,358.26,2
gps_denied/20260928-171216,1,1538.92,358.26,2
gps_denied/20260928-171216,1,1539.93,358.26,2
gps_denied/20260928-171216,1,1540.93,358.26,2
gps_denied/20260928-171216,1,1542.91,358.26,2
gps_denied/20260928-171216,1,1543.92,358.26,2
gps_denied/20260928-171216,1,1545.91,358.26,2
gps_denied/20260928-171216,1,1547.92,358.26,2
gps_denied/20260928-171216,1,1548.93,358.26,2
gps_denied/20260928-171216,1,1550.91,358.26,2
gps_denied/20260928-171216,1,1551.92,358.26,2
gps_denied/20260928-171216,1,1553.92,358.26,2
gps_denied/20260928-171216,1,1554.93,358.26,2
gps_denied/20260928-171216,1,1556.92,358.26,2
gps_denied/20260928-171216,1,1557.93,358.26,2
gps_denied/20260928-171216,1,1559.91,358.26,2
gps_denied/20260928-171216,1,1560.92,358.26,2
gps_denied/20260928-171216,1,1561.92,358.26,2
gps_denied/20260928-171216,1,1562.92,358.26,2
gps_denied/20260928-171216,1,1563.93,358.26,2
gps_denied/20260928-171216,1,1565.92,358.26,2
gps_denied/20260928-171216,1,1566.93,358.26,2
gps_denied/20260928-171216,1,1568.92,358.26,2
gps_denied/20260928-171216,1,1570.92,358.26,2
gps_denied/20260928-171216,1,1572.92,358.26,2
gps_denied/20260928-171216,1,1574.92,358.26,2
gps_denied/20260928-171216,1,1575.92,358.26,2
gps_denied/20260928-171216,1,1576.93,358.26,2
gps_denied/20260928-171216,1,1578.91,358.26,2
gps_denied/20260928-171216,1,1579.92,358.26,2
gps_denied/20260928-171216,1,1580.93,358.26,2
gps_denied/20260928-171216,1,1582.92,358.26,2
gps_denied/20260928-171216,1,1584.92,358.26,2
gps_denied/20260928-171216,1,1586.92,358.26,2
gps_denied/20260928-171216,1,1588.92,358.26,2
gps_denied/20260928-171216,1,1589.93,358.26,2
gps_denied/20260928-171216,1,1591.93,358.26,2
gps_denied/20260928-171216,1,1593.92,358.26,2
gps_denied/20260928-171216,1,1595.93,358.26,2
gps_denied/20260928-171216,1,1597.91,358.26,2
gps_denied/20260928-171216,1,1598.93,358.26,2
gps_denied/20260928-171216,1,1600.91,358.26,2
gps_denied/20260928-171216,1,1601.93,358.26,2
gps_denied/20260928-171216,1,1603.93,358.26,2
gps_denied/20260928-171216,1,1605.91,358.26,2
gps_denied/20260928-171216,1,1606.92,358.26,2
gps_denied/20260928-171216,1,1608.91,358.26,2
gps_denied/20260928-171216,1,1610.9,358.26,2
gps_denied/20260928-171216,1,1612.91,358.26,2
gps_denied/20260928-171216,1,1613.92,358.26,2
gps_denied/20260928-171216,1,1615.92,358.26,2
gps_denied/20260928-171216,1,1616.93,358.26,2
gps_denied/20260928-171216,1,1618.91,358.26,2
gps_denied/20260928-171216,1,1619.92,358.26,2
gps_denied/20260928-171216,1,1621.94,358.26,2
gps_denied/20260928-171216,1,1623.92,358.26,2
gps_denied/20260928-171216,1,1624.93,358.26,2
gps_denied/20260928-171216,1,1626.92,358.26,2
gps_denied/20260928-171216,1,1627.93,358.26,2
gps_denied/20260928-171216,1,1629.91,358.26,2
gps_denied/20260928-171216,1,1630.92,358.26,2
gps_denied/20260928-171216,1,1631.93,358.26,2
gps_denied/20260928-171216,1,1633.92,358.26,2
gps_denied/20260928-171216,1,1634.92,358.26,2
gps_denied/20260928-171216,1,1636.92,358.26,2
gps_denied/20260928-171216,1,1638.93,358.26,2
gps_denied/20260928-171216,1,1639.94,358.26,2
gps_denied/20260928-171216,1,1641.91,358.26,2
gps_denied/20260928-171216,1,1642.93,358.26,2
gps_denied/20260928-171216,1,1643.93,358.26,2
gps_denied/20260928-171216,1,1645.91,358.26,2
gps_denied/20260928-171216,1,1646.92,358.26,2
gps_denied/20260928-171216,1,1648.9,358.26,2
gps_denied/20260928-171216,1,1649.91,358.26,2
gps_denied/20260928-171216,1,1651.93,358.26,2
gps_denied/20260928-171216,1,1652.93,358.26,2
gps_denied/20260928-171216,1,1654.91,358.26,2
gps_denied/20260928-171216,1,1655.92,358.26,2
gps_denied/20260928-171216,1,1656.93,358.26,2
gps_denied/20260928-171216,1,1658.92,358.26,2
gps_denied/20260928-171216,1,1659.92,358.26,2
gps_denied/20260928-171216,1,1660.93,358.26,2
gps_denied/20260928-171216,1,1662.92,358.26,2
gps_denied/20260928-171216,1,1664.93,358.26,2
gps_denied/20260928-171216,1,1666.92,358.26,2
gps_denied/20260928-171216,1,1668.92,358.26,2
gps_denied/20260928-171216,1,1670.92,358.26,2
gps_denied/20260928-171216,1,1672.93,358.26,2
gps_denied/20260928-171216,1,1674.93,358.26,2
gps_denied/20260928-171216,1,1676.92,358.26,2
gps_denied/20260928-171216,1,1678.92,358.26,2
gps_denied/20260928-171216,1,1679.92,358.26,2
gps_denied/20260928-171216,1,1681.92,358.26,2
gps_denied/20260928-171216,1,1683.91,358.26,2
gps_denied/20260928-171216,1,1684.92,358.26,2
gps_denied/20260928-171216,1,1685.92,358.26,2
gps_denied/20260928-171216,1,1686.93,358.26,2
gps_denied/20260928-171216,1,1688.92,358.26,2
gps_denied/20260928-171216,1,1689.93,358.26,2
gps_denied/20260928-171216,1,1691.91,358.26,2
gps_denied/20260928-171216,1,1692.92,358.26,2
gps_denied/20260928-171216,1,1693.92,358.26,2
gps_denied/20260928-171216,1,1695.92,358.26,2
gps_denied/20260928-171216,1,1697.93,358.26,2
gps_denied/20260928-171216,1,1699.93,358.26,2
gps_denied/20260928-171216,1,1701.92,358.26,2
gps_denied/20260928-171216,1,1702.92,358.26,2
gps_denied/20260928-171216,1,1703.93,358.26,2
gps_denied/20260928-171216,1,1705.93,358.26,2
gps_denied/20260928-171216,1,1707.92,358.26,2
gps_denied/20260928-171216,1,1709.91,358.26,2
gps_denied/20260928-171216,1,1710.91,358.26,2
gps_denied/20260928-171216,1,1711.92,358.26,2
gps_denied/20260928-171216,1,1712.92,358.26,2
gps_denied/20260928-171216,1,1714.93,358.26,2
gps_denied/20260928-171216,1,1715.93,358.26,2
gps_denied/20260928-171216,1,1717.91,358.26,2
gps_denied/20260928-171216,1,1718.92,358.26,2
gps_denied/20260928-171216,1,1720.93,358.26,2
gps_denied/20260928-171216,1,1722.92,358.26,2
gps_denied/20260928-171216,1,1724.91,358.26,2
gps_denied/20260928-171216,1,1725.91,358.26,2
gps_denied/20260928-171216,1,1727.91,358.26,2
gps_denied/20260928-171216,1,1728.93,358.26,2
gps_denied/20260928-171216,1,1730.91,358.26,2
gps_denied/20260928-171216,1,1731.91,358.26,2
gps_denied/20260928-171216,1,1733.92,358.26,2
gps_denied/20260928-171216,1,1735.92,358.26,2
gps_denied/20260928-171216,1,1736.93,358.26,2
gps_denied/20260928-171216,1,1738.93,358.26,2
gps_denied/20260928-171216,1,1740.91,358.26,2
gps_denied/20260928-171216,1,1741.92,358.26,2
gps_denied/20260928-171216,1,1743.91,358.26,2
gps_denied/20260928-171216,1,1744.91,358.26,2
gps_denied/20260928-171216,1,1746.93,358.26,2
gps_denied/20260928-171216,1,1748.93,358.26,2
gps_denied/20260928-171216,1,1750.91,358.26,2
gps_denied/20260928-171216,1,1751.92,358.26,2
gps_denied/20260928-171216,1,1753.93,358.26,2
gps_denied/20260928-171216,1,1755.91,358.26,2
gps_denied/20260928-171216,1,1757.92,358.26,2
gps_denied/20260928-171216,1,1759.93,358.26,2
gps_denied/20260928-171216,1,1761.92,358.26,2
gps_denied/20260928-171216,1,1763.92,358.26,2
gps_denied/20260928-171216,1,1764.92,358.26,2
gps_denied/20260928-171216,1,1765.93,358.26,2
gps_denied/20260928-171216,1,1767.92,358.26,2
gps_denied/20260928-171216,1,1768.94,358.26,2
gps_denied/20260928-171216,1,1770.93,358.26,2
gps_denied/20260928-171216,1,1772.93,358.26,2
gps_denied/20260928-171216,1,1774.91,358.26,2
gps_denied/20260928-171216,1,1775.93,358.26,2
gps_denied/20260928-171216,1,1777.93,358.26,2
gps_denied/20260928-171216,1,1779.93,358.26,2
gps_denied/20260928-171216,1,1781.92,358.26,2
gps_denied/20260928-171216,1,1782.92,358.26,2
gps_denied/20260928-171216,1,1784.92,358.26,2
gps_denied/20260928-171216,1,1786.92,358.26,2
gps_denied/20260928-171216,1,1788.91,358.26,2
gps_denied/20260928-171216,1,1789.93,358.26,2
gps_denied/20260928-171216,1,1791.9,358.26,2
gps_denied/20260928-171216,1,1792.93,358.26,2
gps_denied/20260928-171216,1,1794.92,358.26,2
gps_denied/20260928-171216,1,1795.94,358.26,2
gps_denied/20260928-171216,1,1797.92,358.26,2
gps_denied/20260928-171216,2,-5.85,3.39,
gps_denied/20260928-171216,2,-3.85,3.39,
gps_denied/20260928-171216,2,-1.85,3.39,
gps_denied/20260928-171216,2,0.15,3.39,
gps_denied/20260928-171216,2,2.15,3.39,
gps_denied/20260928-171216,2,3.15,3.39,
gps_denied/20260928-171216,2,5.15,3.39,
gps_denied/20260928-171216,2,6.15,3.39,
gps_denied/20260928-171216,2,7.15,3.39,
gps_denied/20260928-171216,2,8.15,3.39,
gps_denied/20260928-171216,2,10.15,3.39,
gps_denied/20260928-171216,2,11.15,3.39,
gps_denied/20260928-171216,2,13.15,3.39,
gps_denied/20260928-171216,2,14.15,3.39,
gps_denied/20260928-171216,2,15.15,3.39,
gps_denied/20260928-171216,2,17.15,3.39,
gps_denied/20260928-171216,2,18.15,3.39,
gps_denied/20260928-171216,2,19.15,3.39,
gps_denied/20260928-171216,2,20.15,3.39,2
gps_denied/20260928-171216,2,22.15,3.39,2
gps_denied/20260928-171216,2,23.15,3.39,2
gps_denied/20260928-171216,2,24.15,3.39,2
gps_denied/20260928-171216,2,26.15,3.39,2
gps_denied/20260928-171216,2,27.15,3.39,2
gps_denied/20260928-171216,2,28.15,9.28,2
gps_denied/20260928-171216,2,30.15,19.51,6
gps_denied/20260928-171216,2,31.15,22.61,6
gps_denied/20260928-171216,2,32.15,22.61,6
gps_denied/20260928-171216,2,33.15,24.62,6
gps_denied/20260928-171216,2,34.15,25.77,6
gps_denied/20260928-171216,2,36.15,27.16,6
gps_denied/20260928-171216,2,37.15,28.34,6
gps_denied/20260928-171216,2,39.15,29.69,6
gps_denied/20260928-171216,2,40.15,31.04,6
gps_denied/20260928-171216,2,41.15,32.26,6
gps_denied/20260928-171216,2,42.15,32.85,6
gps_denied/20260928-171216,2,43.15,34.21,13
gps_denied/20260928-171216,2,45.15,35.36,13
gps_denied/20260928-171216,2,47.15,36.1,13
gps_denied/20260928-171216,2,48.15,36.69,13
gps_denied/20260928-171216,2,49.16,37.49,13
gps_denied/20260928-171216,2,50.16,37.77,13
gps_denied/20260928-171216,2,51.16,38.21,13
gps_denied/20260928-171216,2,53.16,39.1,13
gps_denied/20260928-171216,2,54.16,40.1,13
gps_denied/20260928-171216,2,56.16,41.77,13
gps_denied/20260928-171216,2,57.16,42.5,13
gps_denied/20260928-171216,2,59.16,46.6,13
gps_denied/20260928-171216,2,61.16,50.16,13
gps_denied/20260928-171216,2,63.16,50.87,15
gps_denied/20260928-171216,2,65.16,52.29,15
gps_denied/20260928-171216,2,66.16,52.76,15
gps_denied/20260928-171216,2,67.16,53.35,15
gps_denied/20260928-171216,2,68.16,53.86,15
gps_denied/20260928-171216,2,69.16,54.26,15
gps_denied/20260928-171216,2,71.16,54.49,15
gps_denied/20260928-171216,2,72.16,54.61,15
gps_denied/20260928-171216,2,73.16,54.97,15
gps_denied/20260928-171216,2,74.16,55.14,15
gps_denied/20260928-171216,2,75.16,55.24,15
gps_denied/20260928-171216,2,77.16,55.31,15
gps_denied/20260928-171216,2,79.16,55.35,15
gps_denied/20260928-171216,2,80.16,55.36,15
gps_denied/20260928-171216,2,82.16,55.37,14
gps_denied/20260928-171216,2,83.16,55.37,14
gps_denied/20260928-171216,2,84.16,55.37,14
gps_denied/20260928-171216,2,86.16,55.64,14
gps_denied/20260928-171216,2,88.16,55.71,14
gps_denied/20260928-171216,2,89.16,55.87,14
gps_denied/20260928-171216,2,90.16,55.95,14
gps_denied/20260928-171216,2,91.16,56.18,14
gps_denied/20260928-171216,2,93.16,57.95,14
gps_denied/20260928-171216,2,94.16,58.19,14
gps_denied/20260928-171216,2,95.16,58.44,14
gps_denied/20260928-171216,2,97.16,58.85,14
gps_denied/20260928-171216,2,98.16,59.07,14
gps_denied/20260928-171216,2,99.16,59.63,14
gps_denied/20260928-171216,2,101.16,60.73,12
gps_denied/20260928-171216,2,103.16,62.56,12
gps_denied/20260928-171216,2,105.16,64.52,12
gps_denied/20260928-171216,2,106.16,66.72,12
gps_denied/20260928-171216,2,107.16,67.64,12
gps_denied/20260928-171216,2,109.16,71.33,12
gps_denied/20260928-171216,2,110.16,74.73,12
gps_denied/20260928-171216,2,111.16,76.87,12
gps_denied/20260928-171216,2,112.17,81.9,12
gps_denied/20260928-171216,2,114.17,89.89,29
gps_denied/20260928-171216,2,116.17,89.89,29
gps_denied/20260928-171216,2,118.16,92.02,29
gps_denied/20260928-171216,2,119.16,93.15,29
gps_denied/20260928-171216,2,120.17,94.52,29
gps_denied/20260928-171216,2,121.17,94.52,29
gps_denied/20260928-171216,2,123.17,95.59,29
gps_denied/20260928-171216,2,125.17,97.13,29
gps_denied/20260928-171216,2,127.16,98.53,29
gps_denied/20260928-171216,2,128.17,99.36,29
gps_denied/20260928-171216,2,130.16,100.06,29
gps_denied/20260928-171216,2,131.16,100.46,29
gps_denied/20260928-171216,2,132.16,101.91,29
gps_denied/20260928-171216,2,133.17,103.73,32
gps_denied/20260928-171216,2,135.17,117.26,32
gps_denied/20260928-171216,2,136.17,119.05,32
gps_denied/20260928-171216,2,137.17,119.05,32
gps_denied/20260928-171216,2,139.17,121.02,32
gps_denied/20260928-171216,2,141.17,121.88,32
gps_denied/20260928-171216,2,142.17,122.06,32
gps_denied/20260928-171216,2,144.17,122.43,32
gps_denied/20260928-171216,2,146.17,122.98,32
gps_denied/20260928-171216,2,147.17,123.16,32
gps_denied/20260928-171216,2,149.17,123.56,32
gps_denied/20260928-171216,2,151.17,123.57,32
gps_denied/20260928-171216,2,152.17,123.7,32
gps_denied/20260928-171216,2,153.17,124.05,35
gps_denied/20260928-171216,2,154.17,124.69,35
gps_denied/20260928-171216,2,155.17,124.73,35
gps_denied/20260928-171216,2,156.17,125.28,35
gps_denied/20260928-171216,2,158.17,126.06,35
gps_denied/20260928-171216,2,160.17,126.67,35
gps_denied/20260928-171216,2,161.17,127.04,35
gps_denied/20260928-171216,2,162.17,127.28,35
gps_denied/20260928-171216,2,164.17,127.91,35
gps_denied/20260928-171216,2,166.17,128.2,35
gps_denied/20260928-171216,2,168.17,128.3,35
gps_denied/20260928-171216,2,170.17,128.45,35
gps_denied/20260928-171216,2,171.17,128.56,35
gps_denied/20260928-171216,2,173.17,128.71,14
gps_denied/20260928-171216,2,175.17,128.79,14
gps_denied/20260928-171216,2,176.18,128.89,15
gps_denied/20260928-171216,2,178.17,129.01,16
gps_denied/20260928-171216,2,179.17,129.19,17
gps_denied/20260928-171216,2,181.17,129.19,17
gps_denied/20260928-171216,2,182.17,129.19,17
gps_denied/20260928-171216,2,183.17,129.19,17
gps_denied/20260928-171216,2,185.17,129.19,17
gps_denied/20260928-171216,2,187.17,129.19,17
gps_denied/20260928-171216,2,189.17,129.19,17
gps_denied/20260928-171216,2,191.17,129.19,17
gps_denied/20260928-171216,2,192.17,129.19,17
gps_denied/20260928-171216,2,193.17,129.19,17
gps_denied/20260928-171216,2,195.17,129.19,17
gps_denied/20260928-171216,2,197.17,129.19,17
gps_denied/20260928-171216,2,198.18,129.19,17
gps_denied/20260928-171216,2,200.17,129.19,17
gps_denied/20260928-171216,2,201.18,129.19,17
gps_denied/20260928-171216,2,203.17,129.19,17
gps_denied/20260928-171216,2,204.17,129.19,17
gps_denied/20260928-171216,2,206.17,129.19,17
gps_denied/20260928-171216,2,208.17,129.19,17
gps_denied/20260928-171216,2,209.17,129.19,17
gps_denied/20260928-171216,2,211.17,129.19,17
gps_denied/20260928-171216,2,212.17,129.19,17
gps_denied/20260928-171216,2,214.18,129.19,17
gps_denied/20260928-171216,2,216.18,129.19,17
gps_denied/20260928-171216,2,218.17,129.19,17
gps_denied/20260928-171216,2,219.18,129.19,17
gps_denied/20260928-171216,2,221.17,129.19,17
gps_denied/20260928-171216,2,223.17,129.19,17
gps_denied/20260928-171216,2,224.17,129.19,17
gps_denied/20260928-171216,2,226.17,129.19,17
gps_denied/20260928-171216,2,227.17,129.19,17
gps_denied/20260928-171216,2,229.17,129.19,17
gps_denied/20260928-171216,2,230.17,129.19,17
gps_denied/20260928-171216,2,231.17,129.19,17
gps_denied/20260928-171216,2,233.17,129.19,17
gps_denied/20260928-171216,2,235.17,129.19,17
gps_denied/20260928-171216,2,236.18,129.19,17
gps_denied/20260928-171216,2,238.18,129.19,17
gps_denied/20260928-171216,2,240.17,129.19,17
gps_denied/20260928-171216,2,241.17,129.19,17
gps_denied/20260928-171216,2,242.18,129.19,17
gps_denied/20260928-171216,2,244.17,129.19,17
gps_denied/20260928-171216,2,245.18,129.19,17
gps_denied/20260928-171216,2,247.17,129.19,17
gps_denied/20260928-171216,2,248.17,129.19,17
gps_denied/20260928-171216,2,249.17,129.19,17
gps_denied/20260928-171216,2,250.17,129.19,17
gps_denied/20260928-171216,2,251.17,129.19,17
gps_denied/20260928-171216,2,252.18,129.19,17
gps_denied/20260928-171216,2,253.18,129.19,17
gps_denied/20260928-171216,2,255.18,129.19,17
gps_denied/20260928-171216,2,257.17,129.19,17
gps_denied/20260928-171216,2,259.17,129.19,17
gps_denied/20260928-171216,2,261.17,129.19,17
gps_denied/20260928-171216,2,263.17,129.19,17
gps_denied/20260928-171216,2,265.17,129.19,17
gps_denied/20260928-171216,2,266.17,129.19,17
gps_denied/20260928-171216,2,268.17,129.19,17
gps_denied/20260928-171216,2,269.17,129.19,17
gps_denied/20260928-171216,2,270.17,129.19,17
gps_denied/20260928-171216,2,272.17,129.19,17
gps_denied/20260928-171216,2,274.17,129.19,17
gps_denied/20260928-171216,2,275.17,129.19,17
gps_denied/20260928-171216,2,277.17,129.19,17
gps_denied/20260928-171216,2,278.17,129.19,17
gps_denied/20260928-171216,2,280.17,129.19,17
gps_denied/20260928-171216,2,282.17,129.19,17
gps_denied/20260928-171216,2,283.17,129.19,17
gps_denied/20260928-171216,2,285.17,129.19,17
gps_denied/20260928-171216,2,286.17,129.19,17
gps_denied/20260928-171216,2,288.17,129.19,17
gps_denied/20260928-171216,2,289.17,129.19,17
gps_denied/20260928-171216,2,290.17,129.19,17
gps_denied/20260928-171216,2,292.17,129.19,17
gps_denied/20260928-171216,2,294.17,129.19,17
gps_denied/20260928-171216,2,295.17,129.19,17
gps_denied/20260928-171216,2,297.17,129.19,17
gps_denied/20260928-171216,2,299.17,129.19,17
gps_denied/20260928-171216,2,301.17,129.19,17
gps_denied/20260928-171216,2,303.17,129.19,17
gps_denied/20260928-171216,2,304.17,129.19,17
gps_denied/20260928-171216,2,306.17,129.19,17
gps_denied/20260928-171216,2,307.17,129.19,17
gps_denied/20260928-171216,2,308.18,129.19,17
gps_denied/20260928-171216,2,309.18,129.19,17
gps_denied/20260928-171216,2,311.17,129.19,17
gps_denied/20260928-171216,2,313.17,129.19,17
gps_denied/20260928-171216,2,315.18,129.19,17
gps_denied/20260928-171216,2,317.17,129.19,17
gps_denied/20260928-171216,2,319.17,129.19,17
gps_denied/20260928-171216,2,320.18,129.19,17
gps_denied/20260928-171216,2,321.18,129.19,17
gps_denied/20260928-171216,2,323.17,129.19,17
gps_denied/20260928-171216,2,324.17,129.19,17
gps_denied/20260928-171216,2,326.17,129.19,17
gps_denied/20260928-171216,2,328.17,129.19,17
gps_denied/20260928-171216,2,329.17,129.19,17
gps_denied/20260928-171216,2,330.17,129.19,17
gps_denied/20260928-171216,2,331.18,129.19,17
gps_denied/20260928-171216,2,332.18,129.19,17
gps_denied/20260928-171216,2,333.18,129.19,17
gps_denied/20260928-171216,2,335.17,129.19,17
gps_denied/20260928-171216,2,337.17,129.19,17
gps_denied/20260928-171216,2,338.18,129.19,17
gps_denied/20260928-171216,2,340.17,129.19,17
gps_denied/20260928-171216,2,342.17,129.19,17
gps_denied/20260928-171216,2,344.17,129.19,17
gps_denied/20260928-171216,2,346.17,129.19,17
gps_denied/20260928-171216,2,347.18,129.19,17
gps_denied/20260928-171216,2,349.17,129.19,17
gps_denied/20260928-171216,2,350.17,129.19,17
gps_denied/20260928-171216,2,351.18,129.19,17
gps_denied/20260928-171216,2,353.17,129.19,17
gps_denied/20260928-171216,2,354.17,129.19,17
gps_denied/20260928-171216,2,356.17,129.19,17
gps_denied/20260928-171216,2,357.17,129.19,17
gps_denied/20260928-171216,2,358.17,129.19,17
gps_denied/20260928-171216,2,360.17,129.19,17
gps_denied/20260928-171216,2,361.17,129.19,17
gps_denied/20260928-171216,2,362.17,129.19,17
gps_denied/20260928-171216,2,363.18,129.19,17
gps_denied/20260928-171216,2,365.17,129.19,17
gps_denied/20260928-171216,2,366.17,129.19,17
gps_denied/20260928-171216,2,367.17,129.19,17
gps_denied/20260928-171216,2,369.17,129.19,17
gps_denied/20260928-171216,2,370.17,129.19,17
gps_denied/20260928-171216,2,372.17,129.19,17
gps_denied/20260928-171216,2,373.17,129.19,17
gps_denied/20260928-171216,2,375.17,129.19,17
gps_denied/20260928-171216,2,376.18,129.19,17
gps_denied/20260928-171216,2,378.17,129.19,17
gps_denied/20260928-171216,2,380.17,129.19,17
gps_denied/20260928-171216,2,381.17,129.19,17
gps_denied/20260928-171216,2,383.17,129.19,17
gps_denied/20260928-171216,2,384.17,129.19,17
gps_denied/20260928-171216,2,386.17,129.19,17
gps_denied/20260928-171216,2,387.17,129.19,17
gps_denied/20260928-171216,2,389.17,129.19,17
gps_denied/20260928-171216,2,390.17,129.19,17
gps_denied/20260928-171216,2,391.17,129.19,17
gps_denied/20260928-171216,2,393.17,129.19,17
gps_denied/20260928-171216,2,394.18,129.19,17
gps_denied/20260928-171216,2,396.17,129.19,17
gps_denied/20260928-171216,2,397.17,129.19,17
gps_denied/20260928-171216,2,399.17,129.19,17
gps_denied/20260928-171216,2,400.17,129.19,17
gps_denied/20260928-171216,2,402.17,129.19,17
gps_denied/20260928-171216,2,403.17,129.19,17
gps_denied/20260928-171216,2,404.17,129.19,17
gps_denied/20260928-171216,2,406.17,129.19,17
gps_denied/20260928-171216,2,407.17,129.19,17
gps_denied/20260928-171216,2,408.17,129.19,17
gps_denied/20260928-171216,2,409.17,129.19,17
gps_denied/20260928-171216,2,411.17,129.19,17
gps_denied/20260928-171216,2,413.17,129.19,17
gps_denied/20260928-171216,2,414.17,129.19,17
gps_denied/20260928-171216,2,415.17,129.19,17
gps_denied/20260928-171216,2,416.18,129.19,17
gps_denied/20260928-171216,2,418.17,129.19,17
gps_denied/20260928-171216,2,420.17,129.19,17
gps_denied/20260928-171216,2,422.17,129.19,17
gps_denied/20260928-171216,2,423.17,129.19,17
gps_denied/20260928-171216,2,425.17,129.19,17
gps_denied/20260928-171216,2,426.17,129.19,17
gps_denied/20260928-171216,2,428.17,129.19,17
gps_denied/20260928-171216,2,430.17,129.19,17
gps_denied/20260928-171216,2,431.18,129.19,17
gps_denied/20260928-171216,2,433.18,129.19,17
gps_denied/20260928-171216,2,434.18,129.19,17
gps_denied/20260928-171216,2,436.17,129.19,17
gps_denied/20260928-171216,2,437.17,129.19,17
gps_denied/20260928-171216,2,438.17,129.19,17
gps_denied/20260928-171216,2,439.17,129.19,17
gps_denied/20260928-171216,2,441.17,129.19,17
gps_denied/20260928-171216,2,443.17,129.19,17
gps_denied/20260928-171216,2,444.18,129.19,17
gps_denied/20260928-171216,2,446.17,129.19,17
gps_denied/20260928-171216,2,447.18,129.19,17
gps_denied/20260928-171216,2,448.18,129.19,17
gps_denied/20260928-171216,2,450.17,129.19,17
gps_denied/20260928-171216,2,452.17,129.19,17
gps_denied/20260928-171216,2,453.18,129.19,17
gps_denied/20260928-171216,2,454.18,129.19,17
gps_denied/20260928-171216,2,456.17,129.19,17
gps_denied/20260928-171216,2,457.17,129.33,17
gps_denied/20260928-171216,2,459.17,129.33,17
gps_denied/20260928-171216,2,460.17,129.33,17
gps_denied/20260928-171216,2,461.17,129.33,17
gps_denied/20260928-171216,2,463.17,129.33,17
gps_denied/20260928-171216,2,465.17,129.33,17
gps_denied/20260928-171216,2,466.18,129.33,17
gps_denied/20260928-171216,2,468.17,129.33,17
gps_denied/20260928-171216,2,469.18,129.33,17
gps_denied/20260928-171216,2,471.17,129.33,17
gps_denied/20260928-171216,2,472.18,129.33,17
gps_denied/20260928-171216,2,474.17,129.33,17
gps_denied/20260928-171216,2,475.17,129.33,17
gps_denied/20260928-171216,2,477.17,129.33,17
gps_denied/20260928-171216,2,478.17,129.33,17
gps_denied/20260928-171216,2,480.18,129.33,17
gps_denied/20260928-171216,2,481.18,129.33,17
gps_denied/20260928-171216,2,483.18,129.33,17
gps_denied/20260928-171216,2,485.17,129.33,17
gps_denied/20260928-171216,2,486.17,129.33,17
gps_denied/20260928-171216,2,487.18,129.33,17
gps_denied/20260928-171216,2,489.17,129.33,17
gps_denied/20260928-171216,2,490.18,129.33,17
gps_denied/20260928-171216,2,492.17,129.33,17
gps_denied/20260928-171216,2,494.17,129.33,17
gps_denied/20260928-171216,2,496.17,129.33,17
gps_denied/20260928-171216,2,497.17,129.33,17
gps_denied/20260928-171216,2,498.17,129.33,17
gps_denied/20260928-171216,2,500.17,129.33,17
gps_denied/20260928-171216,2,502.18,129.33,17
gps_denied/20260928-171216,2,504.17,129.33,17
gps_denied/20260928-171216,2,505.18,129.33,17
gps_denied/20260928-171216,2,507.17,129.33,17
gps_denied/20260928-171216,2,509.17,129.33,17
gps_denied/20260928-171216,2,511.17,129.33,17
gps_denied/20260928-171216,2,512.17,129.33,17
gps_denied/20260928-171216,2,514.17,129.33,17
gps_denied/20260928-171216,2,515.18,129.33,17
gps_denied/20260928-171216,2,517.17,129.33,17
gps_denied/20260928-171216,2,518.18,129.33,17
gps_denied/20260928-171216,2,520.18,129.33,17
gps_denied/20260928-171216,2,522.17,129.33,17
gps_denied/20260928-171216,2,523.18,129.33,17
gps_denied/20260928-171216,2,524.18,129.33,17
gps_denied/20260928-171216,2,526.17,129.33,17
gps_denied/20260928-171216,2,528.17,129.33,17
gps_denied/20260928-171216,2,529.18,129.33,17
gps_denied/20260928-171216,2,531.17,129.33,17
gps_denied/20260928-171216,2,532.17,129.33,17
gps_denied/20260928-171216,2,533.17,129.33,17
gps_denied/20260928-171216,2,534.18,129.33,17
gps_denied/20260928-171216,2,535.18,129.33,17
gps_denied/20260928-171216,2,537.18,129.33,17
gps_denied/20260928-171216,2,538.18,129.33,17
gps_denied/20260928-171216,2,540.18,129.33,17
gps_denied/20260928-171216,2,542.18,129.33,17
gps_denied/20260928-171216,2,544.17,129.33,17
gps_denied/20260928-171216,2,545.17,129.33,17
gps_denied/20260928-171216,2,546.17,129.33,17
gps_denied/20260928-171216,2,547.18,129.33,17
gps_denied/20260928-171216,2,548.18,129.33,17
gps_denied/20260928-171216,2,549.18,129.33,17
gps_denied/20260928-171216,2,551.17,129.33,17
gps_denied/20260928-171216,2,553.18,129.33,17
gps_denied/20260928-171216,2,555.17,129.33,17
gps_denied/20260928-171216,2,556.17,129.33,17
gps_denied/20260928-171216,2,558.17,129.33,17
gps_denied/20260928-171216,2,559.17,129.33,17
gps_denied/20260928-171216,2,561.17,129.33,17
gps_denied/20260928-171216,2,562.17,129.33,17
gps_denied/20260928-171216,2,563.18,129.33,17
gps_denied/20260928-171216,2,565.17,129.33,17
gps_denied/20260928-171216,2,566.18,129.33,17
gps_denied/20260928-171216,2,568.17,129.33,17
gps_denied/20260928-171216,2,569.17,129.33,17
gps_denied/20260928-171216,2,570.18,129.33,17
gps_denied/20260928-171216,2,571.18,129.33,17
gps_denied/20260928-171216,2,573.17,129.33,17
gps_denied/20260928-171216,2,575.17,129.33,17
gps_denied/20260928-171216,2,576.17,129.33,17
gps_denied/20260928-171216,2,577.18,129.33,17
gps_denied/20260928-171216,2,579.17,129.33,17
gps_denied/20260928-171216,2,581.18,129.33,17
gps_denied/20260928-171216,2,583.17,129.33,17
gps_denied/20260928-171216,2,584.17,129.33,17
gps_denied/20260928-171216,2,585.18,129.33,17
gps_denied/20260928-171216,2,586.18,129.33,17
gps_denied/20260928-171216,2,588.18,129.33,17
gps_denied/20260928-171216,2,589.18,129.33,17
gps_denied/20260928-171216,2,591.17,129.33,17
gps_denied/20260928-171216,2,592.17,129.33,17
gps_denied/20260928-171216,2,594.17,129.33,17
gps_denied/20260928-171216,2,595.18,129.33,17
gps_denied/20260928-171216,2,596.18,129.33,17
gps_denied/20260928-171216,2,598.18,129.33,17
gps_denied/20260928-171216,2,600.18,129.33,17
gps_denied/20260928-171216,2,601.18,129.33,17
gps_denied/20260928-171216,2,603.17,129.33,17
gps_denied/20260928-171216,2,604.17,129.33,17
gps_denied/20260928-171216,2,606.17,129.33,17
gps_denied/20260928-171216,2,607.18,129.33,17
gps_denied/20260928-171216,2,608.18,129.33,17
gps_denied/20260928-171216,2,610.18,129.33,17
gps_denied/20260928-171216,2,612.17,129.33,17
gps_denied/20260928-171216,2,613.18,129.33,17
gps_denied/20260928-171216,2,614.18,129.33,17
gps_denied/20260928-171216,2,616.17,129.33,17
gps_denied/20260928-171216,2,617.18,129.33,17
gps_denied/20260928-171216,2,619.18,129.33,17
gps_denied/20260928-171216,2,621.18,129.33,17
gps_denied/20260928-171216,2,623.17,129.33,17
gps_denied/20260928-171216,2,624.18,129.33,17
gps_denied/20260928-171216,2,625.18,129.33,17
gps_denied/20260928-171216,2,627.17,129.33,17
gps_denied/20260928-171216,2,628.18,129.33,17
gps_denied/20260928-171216,2,630.18,129.33,17
gps_denied/20260928-171216,2,632.18,129.33,17
gps_denied/20260928-171216,2,634.18,129.33,17
gps_denied/20260928-171216,2,636.17,129.33,17
gps_denied/20260928-171216,2,637.17,129.33,17
gps_denied/20260928-171216,2,638.17,129.33,17
gps_denied/20260928-171216,2,640.17,129.33,17
gps_denied/20260928-171216,2,642.17,129.33,17
gps_denied/20260928-171216,2,644.17,129.33,17
gps_denied/20260928-171216,2,646.18,129.33,17
gps_denied/20260928-171216,2,648.17,129.33,17
gps_denied/20260928-171216,2,649.17,129.33,17
gps_denied/20260928-171216,2,650.17,129.33,17
gps_denied/20260928-171216,2,652.17,129.33,17
gps_denied/20260928-171216,2,653.17,129.33,17
gps_denied/20260928-171216,2,655.17,129.33,17
gps_denied/20260928-171216,2,656.17,129.33,17
gps_denied/20260928-171216,2,658.18,129.33,17
gps_denied/20260928-171216,2,659.18,129.33,17
gps_denied/20260928-171216,2,661.17,129.33,17
gps_denied/20260928-171216,2,662.18,129.33,17
gps_denied/20260928-171216,2,664.17,129.33,17
gps_denied/20260928-171216,2,665.18,129.33,17
gps_denied/20260928-171216,2,667.17,129.33,17
gps_denied/20260928-171216,2,669.18,129.33,17
gps_denied/20260928-171216,2,671.17,129.33,17
gps_denied/20260928-171216,2,672.17,129.33,17
gps_denied/20260928-171216,2,674.17,129.33,17
gps_denied/20260928-171216,2,675.17,129.33,17
gps_denied/20260928-171216,2,676.18,129.33,17
gps_denied/20260928-171216,2,678.17,129.33,17
gps_denied/20260928-171216,2,679.18,129.33,17
gps_denied/20260928-171216,2,680.18,129.33,17
gps_denied/20260928-171216,2,682.17,129.33,17
gps_denied/20260928-171216,2,683.17,129.33,17
gps_denied/20260928-171216,2,684.18,129.33,17
gps_denied/20260928-171216,2,686.18,129.33,17
gps_denied/20260928-171216,2,687.18,129.33,17
gps_denied/20260928-171216,2,689.18,129.33,17
gps_denied/20260928-171216,2,690.18,129.33,17
gps_denied/20260928-171216,2,692.18,129.33,17
gps_denied/20260928-171216,2,694.17,129.33,17
gps_denied/20260928-171216,2,695.17,129.33,17
gps_denied/20260928-171216,2,697.17,129.33,17
gps_denied/20260928-171216,2,698.17,129.33,17
gps_denied/20260928-171216,2,699.17,129.33,17
gps_denied/20260928-171216,2,701.17,129.33,17
gps_denied/20260928-171216,2,702.17,129.33,17
gps_denied/20260928-171216,2,703.17,129.33,17
gps_denied/20260928-171216,2,705.17,129.33,17
gps_denied/20260928-171216,2,707.17,129.33,17
gps_denied/20260928-171216,2,709.17,129.33,17
gps_denied/20260928-171216,2,710.17,129.33,17
gps_denied/20260928-171216,2,712.17,129.33,17
gps_denied/20260928-171216,2,714.17,129.33,17
gps_denied/20260928-171216,2,716.17,129.33,17
gps_denied/20260928-171216,2,718.17,129.33,17
gps_denied/20260928-171216,2,720.17,129.33,17
gps_denied/20260928-171216,2,722.17,129.33,17
gps_denied/20260928-171216,2,723.18,129.33,17
gps_denied/20260928-171216,2,725.17,129.33,17
gps_denied/20260928-171216,2,726.18,129.33,17
gps_denied/20260928-171216,2,728.18,129.33,17
gps_denied/20260928-171216,2,730.18,129.33,17
gps_denied/20260928-171216,2,732.18,129.33,17
gps_denied/20260928-171216,2,734.17,129.33,17
gps_denied/20260928-171216,2,736.17,129.33,17
gps_denied/20260928-171216,2,738.17,129.33,17
gps_denied/20260928-171216,2,739.17,129.33,17
gps_denied/20260928-171216,2,740.18,129.33,17
gps_denied/20260928-171216,2,742.18,129.33,17
gps_denied/20260928-171216,2,744.17,129.33,17
gps_denied/20260928-171216,2,745.18,129.33,17
gps_denied/20260928-171216,2,747.17,129.33,17
gps_denied/20260928-171216,2,749.17,129.33,17
gps_denied/20260928-171216,2,751.17,129.33,17
gps_denied/20260928-171216,2,753.17,129.33,17
gps_denied/20260928-171216,2,755.17,129.33,17
gps_denied/20260928-171216,2,756.17,129.33,17
gps_denied/20260928-171216,2,757.17,129.33,17
gps_denied/20260928-171216,2,759.17,129.33,17
gps_denied/20260928-171216,2,760.17,129.33,17
gps_denied/20260928-171216,2,762.18,129.33,17
gps_denied/20260928-171216,2,764.18,129.33,17
gps_denied/20260928-171216,2,766.18,129.33,17
gps_denied/20260928-171216,2,768.17,129.33,17
gps_denied/20260928-171216,2,770.18,129.33,17
gps_denied/20260928-171216,2,772.17,129.33,17
gps_denied/20260928-171216,2,774.17,129.33,17
gps_denied/20260928-171216,2,775.18,129.33,17
gps_denied/20260928-171216,2,777.17,129.33,17
gps_denied/20260928-171216,2,779.17,129.33,17
gps_denied/20260928-171216,2,780.18,129.33,17
gps_denied/20260928-171216,2,782.17,129.33,17
gps_denied/20260928-171216,2,783.17,129.33,17
gps_denied/20260928-171216,2,785.17,129.33,17
gps_denied/20260928-171216,2,787.17,129.33,17
gps_denied/20260928-171216,2,789.17,129.33,17
gps_denied/20260928-171216,2,791.17,129.33,17
gps_denied/20260928-171216,2,793.17,129.45,17
gps_denied/20260928-171216,2,795.17,129.45,17
gps_denied/20260928-171216,2,797.17,129.45,17
gps_denied/20260928-171216,2,798.17,129.45,17
gps_denied/20260928-171216,2,800.17,129.45,17
gps_denied/20260928-171216,2,801.17,129.45,17
gps_denied/20260928-171216,2,802.17,129.45,17
gps_denied/20260928-171216,2,803.17,129.45,17
gps_denied/20260928-171216,2,805.18,129.45,17
gps_denied/20260928-171216,2,807.18,129.45,17
gps_denied/20260928-171216,2,809.17,129.45,17
gps_denied/20260928-171216,2,810.18,129.45,17
gps_denied/20260928-171216,2,812.17,129.45,17
gps_denied/20260928-171216,2,813.18,129.45,17
gps_denied/20260928-171216,2,815.18,129.45,17
gps_denied/20260928-171216,2,816.18,129.45,17
gps_denied/20260928-171216,2,818.18,129.45,17
gps_denied/20260928-171216,2,820.18,129.45,17
gps_denied/20260928-171216,2,822.17,129.45,17
gps_denied/20260928-171216,2,823.17,129.45,17
gps_denied/20260928-171216,2,824.18,129.45,17
gps_denied/20260928-171216,2,826.17,129.45,17
gps_denied/20260928-171216,2,827.18,129.45,17
gps_denied/20260928-171216,2,828.18,129.45,17
gps_denied/20260928-171216,2,830.18,129.45,17
gps_denied/20260928-171216,2,832.18,129.45,17
gps_denied/20260928-171216,2,833.18,129.45,17
gps_denied/20260928-171216,2,835.18,129.45,17
gps_denied/20260928-171216,2,836.18,129.45,17
gps_denied/20260928-171216,2,838.17,129.45,17
gps_denied/20260928-171216,2,840.17,129.45,17
gps_denied/20260928-171216,2,841.17,129.45,17
gps_denied/20260928-171216,2,843.17,129.45,17
gps_denied/20260928-171216,2,844.18,129.45,17
gps_denied/20260928-171216,2,846.18,129.45,17
gps_denied/20260928-171216,2,847.18,129.45,17
gps_denied/20260928-171216,2,849.17,129.45,17
gps_denied/20260928-171216,2,851.17,129.45,17
gps_denied/20260928-171216,2,852.18,129.45,17
gps_denied/20260928-171216,2,854.17,129.45,17
gps_denied/20260928-171216,2,855.18,129.45,17
gps_denied/20260928-171216,2,856.18,129.45,17
gps_denied/20260928-171216,2,858.17,129.45,17
gps_denied/20260928-171216,2,859.17,129.45,17
gps_denied/20260928-171216,2,860.17,129.45,17
gps_denied/20260928-171216,2,862.18,129.45,17
gps_denied/20260928-171216,2,864.18,129.45,17
gps_denied/20260928-171216,2,866.18,129.45,17
gps_denied/20260928-171216,2,868.18,129.45,17
gps_denied/20260928-171216,2,870.17,129.45,17
gps_denied/20260928-171216,2,872.17,129.45,17
gps_denied/20260928-171216,2,873.18,129.45,17
gps_denied/20260928-171216,2,875.17,129.45,17
gps_denied/20260928-171216,2,876.18,129.45,17
gps_denied/20260928-171216,2,878.18,129.45,17
gps_denied/20260928-171216,2,879.18,129.45,17
gps_denied/20260928-171216,2,881.18,129.45,17
gps_denied/20260928-171216,2,882.18,129.45,17
gps_denied/20260928-171216,2,884.18,129.45,17
gps_denied/20260928-171216,2,886.18,129.45,17
gps_denied/20260928-171216,2,888.17,129.45,17
gps_denied/20260928-171216,2,889.18,129.45,17
gps_denied/20260928-171216,2,891.17,129.45,17
gps_denied/20260928-171216,2,892.17,129.45,17
gps_denied/20260928-171216,2,893.17,129.45,17
gps_denied/20260928-171216,2,894.17,129.45,17
gps_denied/20260928-171216,2,895.18,129.45,17
gps_denied/20260928-171216,2,896.18,129.45,17
gps_denied/20260928-171216,2,898.18,129.45,17
gps_denied/20260928-171216,2,900.18,129.45,17
gps_denied/20260928-171216,2,902.18,129.45,17
gps_denied/20260928-171216,2,903.18,129.45,17
gps_denied/20260928-171216,2,905.17,129.45,17
gps_denied/20260928-171216,2,906.18,129.45,17
gps_denied/20260928-171216,2,907.18,129.45,17
gps_denied/20260928-171216,2,909.17,129.45,17
gps_denied/20260928-171216,2,910.17,129.45,17
gps_denied/20260928-171216,2,912.17,129.45,17
gps_denied/20260928-171216,2,913.17,129.45,17
gps_denied/20260928-171216,2,915.17,129.45,17
gps_denied/20260928-171216,2,916.17,129.45,17
gps_denied/20260928-171216,2,918.17,129.45,17
gps_denied/20260928-171216,2,919.17,129.45,17
gps_denied/20260928-171216,2,920.17,129.45,17
gps_denied/20260928-171216,2,922.18,129.45,17
gps_denied/20260928-171216,2,923.18,129.45,17
gps_denied/20260928-171216,2,924.18,129.45,17
gps_denied/20260928-171216,2,926.18,129.45,17
gps_denied/20260928-171216,2,927.18,129.45,17
gps_denied/20260928-171216,2,929.17,129.45,17
gps_denied/20260928-171216,2,931.17,129.45,17
gps_denied/20260928-171216,2,932.17,129.45,17
gps_denied/20260928-171216,2,933.17,129.45,17
gps_denied/20260928-171216,2,934.18,129.45,17
gps_denied/20260928-171216,2,936.17,129.45,17
gps_denied/20260928-171216,2,937.17,129.45,17
gps_denied/20260928-171216,2,939.18,129.45,17
gps_denied/20260928-171216,2,941.17,129.45,17
gps_denied/20260928-171216,2,943.17,129.45,17
gps_denied/20260928-171216,2,945.17,129.45,17
gps_denied/20260928-171216,2,946.18,129.45,17
gps_denied/20260928-171216,2,947.18,129.45,17
gps_denied/20260928-171216,2,949.18,129.45,17
gps_denied/20260928-171216,2,950.18,129.45,17
gps_denied/20260928-171216,2,952.18,129.45,17
gps_denied/20260928-171216,2,954.18,129.45,17
gps_denied/20260928-171216,2,956.18,129.45,17
gps_denied/20260928-171216,2,958.18,129.45,17
gps_denied/20260928-171216,2,960.17,129.45,17
gps_denied/20260928-171216,2,961.18,129.45,17
gps_denied/20260928-171216,2,963.18,129.45,17
gps_denied/20260928-171216,2,965.18,129.45,17
gps_denied/20260928-171216,2,966.18,129.45,17
gps_denied/20260928-171216,2,968.18,129.45,17
gps_denied/20260928-171216,2,969.18,129.45,17
gps_denied/20260928-171216,2,971.18,129.45,17
gps_denied/20260928-171216,2,972.18,129.45,17
gps_denied/20260928-171216,2,973.18,129.45,17
gps_denied/20260928-171216,2,974.18,129.45,17
gps_denied/20260928-171216,2,975.18,129.45,17
gps_denied/20260928-171216,2,977.17,129.45,17
gps_denied/20260928-171216,2,979.17,129.45,17
gps_denied/20260928-171216,2,981.17,129.45,17
gps_denied/20260928-171216,2,983.17,129.45,17
gps_denied/20260928-171216,2,984.17,129.45,17
gps_denied/20260928-171216,2,985.17,129.45,17
gps_denied/20260928-171216,2,986.17,129.45,17
gps_denied/20260928-171216,2,988.17,129.45,17
gps_denied/20260928-171216,2,990.18,129.45,17
gps_denied/20260928-171216,2,992.17,129.45,17
gps_denied/20260928-171216,2,993.18,129.45,17
gps_denied/20260928-171216,2,994.18,129.45,17
gps_denied/20260928-171216,2,996.18,129.45,17
gps_denied/20260928-171216,2,998.18,129.45,17
gps_denied/20260928-171216,2,1000.17,129.45,17
gps_denied/20260928-171216,2,1001.17,129.45,17
gps_denied/20260928-171216,2,1002.18,129.45,17
gps_denied/20260928-171216,2,1004.17,129.45,17
gps_denied/20260928-171216,2,1005.18,129.45,17
gps_denied/20260928-171216,2,1007.17,129.45,17
gps_denied/20260928-171216,2,1008.18,129.45,17
gps_denied/20260928-171216,2,1009.18,129.45,17
gps_denied/20260928-171216,2,1011.18,129.45,17
gps_denied/20260928-171216,2,1013.18,129.45,17
gps_denied/20260928-171216,2,1014.18,129.45,17
gps_denied/20260928-171216,2,1016.18,129.45,17
gps_denied/20260928-171216,2,1018.17,129.45,17
gps_denied/20260928-171216,2,1020.17,129.45,17
gps_denied/20260928-171216,2,1021.18,129.45,17
gps_denied/20260928-171216,2,1023.18,129.45,17
gps_denied/20260928-171216,2,1025.17,129.45,17
gps_denied/20260928-171216,2,1027.17,129.45,17
gps_denied/20260928-171216,2,1029.17,129.45,17
gps_denied/20260928-171216,2,1030.18,129.45,17
gps_denied/20260928-171216,2,1031.18,129.45,17
gps_denied/20260928-171216,2,1033.17,129.45,17
gps_denied/20260928-171216,2,1035.17,129.45,17
gps_denied/20260928-171216,2,1037.17,129.45,17
gps_denied/20260928-171216,2,1038.17,129.45,17
gps_denied/20260928-171216,2,1039.18,129.45,17
gps_denied/20260928-171216,2,1041.18,129.45,17
gps_denied/20260928-171216,2,1042.18,129.45,17
gps_denied/20260928-171216,2,1044.18,129.45,17
gps_denied/20260928-171216,2,1046.17,129.45,17
gps_denied/20260928-171216,2,1048.18,129.45,17
gps_denied/20260928-171216,2,1050.18,129.45,17
gps_denied/20260928-171216,2,1052.17,129.45,17
gps_denied/20260928-171216,2,1054.17,129.45,17
gps_denied/20260928-171216,2,1056.17,129.45,17
gps_denied/20260928-171216,2,1058.17,129.45,17
gps_denied/20260928-171216,2,1060.18,129.45,17
gps_denied/20260928-171216,2,1061.18,129.45,17
gps_denied/20260928-171216,2,1063.17,129.45,17
gps_denied/20260928-171216,2,1064.17,129.45,17
gps_denied/20260928-171216,2,1065.18,129.45,17
gps_denied/20260928-171216,2,1067.18,129.45,17
gps_denied/20260928-171216,2,1069.17,129.45,17
gps_denied/20260928-171216,2,1070.17,129.45,17
gps_denied/20260928-171216,2,1071.18,129.45,17
gps_denied/20260928-171216,2,1073.18,129.45,17
gps_denied/20260928-171216,2,1074.18,129.45,17
gps_denied/20260928-171216,2,1076.18,129.45,17
gps_denied/20260928-171216,2,1078.18,129.45,17
gps_denied/20260928-171216,2,1079.18,129.45,17
gps_denied/20260928-171216,2,1080.18,129.45,17
gps_denied/20260928-171216,2,1081.18,129.45,17
gps_denied/20260928-171216,2,1083.17,129.45,17
gps_denied/20260928-171216,2,1084.18,129.45,17
gps_denied/20260928-171216,2,1086.18,129.45,17
gps_denied/20260928-171216,2,1087.18,129.45,17
gps_denied/20260928-171216,2,1088.18,129.45,17
gps_denied/20260928-171216,2,1089.18,129.45,17
gps_denied/20260928-171216,2,1091.17,129.45,17
gps_denied/20260928-171216,2,1092.17,129.45,17
gps_denied/20260928-171216,2,1093.18,129.45,17
gps_denied/20260928-171216,2,1095.18,129.45,17
gps_denied/20260928-171216,2,1097.17,129.45,17
gps_denied/20260928-171216,2,1098.18,129.45,17
gps_denied/20260928-171216,2,1100.17,129.45,17
gps_denied/20260928-171216,2,1101.18,129.45,17
gps_denied/20260928-171216,2,1103.17,129.45,17
gps_denied/20260928-171216,2,1104.18,129.45,17
gps_denied/20260928-171216,2,1106.17,129.45,17
gps_denied/20260928-171216,2,1107.18,129.45,17
gps_denied/20260928-171216,2,1109.18,129.45,17
gps_denied/20260928-171216,2,1111.17,129.47,17
gps_denied/20260928-171216,2,1112.17,129.47,17
gps_denied/20260928-171216,2,1113.17,129.47,17
gps_denied/20260928-171216,2,1115.17,129.47,17
gps_denied/20260928-171216,2,1117.17,129.47,17
gps_denied/20260928-171216,2,1118.18,129.47,17
gps_denied/20260928-171216,2,1120.17,129.47,17
gps_denied/20260928-171216,2,1121.18,129.47,17
gps_denied/20260928-171216,2,1123.18,129.47,17
gps_denied/20260928-171216,2,1124.18,129.47,17
gps_denied/20260928-171216,2,1126.18,129.47,17
gps_denied/20260928-171216,2,1128.17,129.47,17
gps_denied/20260928-171216,2,1130.17,129.47,17
gps_denied/20260928-171216,2,1131.18,129.47,17
gps_denied/20260928-171216,2,1132.18,129.47,17
gps_denied/20260928-171216,2,1134.17,129.47,17
gps_denied/20260928-171216,2,1135.17,129.47,17
gps_denied/20260928-171216,2,1136.18,129.47,17
gps_denied/20260928-171216,2,1138.18,129.47,17
gps_denied/20260928-171216,2,1139.18,129.47,17
gps_denied/20260928-171216,2,1141.17,129.47,17
gps_denied/20260928-171216,2,1142.18,129.47,17
gps_denied/20260928-171216,2,1144.17,129.47,17
gps_denied/20260928-171216,2,1146.17,129.47,17
gps_denied/20260928-171216,2,1147.18,129.47,17
gps_denied/20260928-171216,2,1149.17,129.47,17
gps_denied/20260928-171216,2,1151.18,129.47,17
gps_denied/20260928-171216,2,1153.17,129.47,17
gps_denied/20260928-171216,2,1154.18,129.47,17
gps_denied/20260928-171216,2,1156.17,129.47,17
gps_denied/20260928-171216,2,1157.18,129.47,17
gps_denied/20260928-171216,2,1159.17,129.47,17
gps_denied/20260928-171216,2,1160.18,129.47,17
gps_denied/20260928-171216,2,1162.17,129.47,17
gps_denied/20260928-171216,2,1163.17,129.47,17
gps_denied/20260928-171216,2,1164.17,129.47,17
gps_denied/20260928-171216,2,1166.17,129.47,17
gps_denied/20260928-171216,2,1167.17,129.47,17
gps_denied/20260928-171216,2,1169.18,129.47,17
gps_denied/20260928-171216,2,1171.17,129.47,17
gps_denied/20260928-171216,2,1173.17,129.47,17
gps_denied/20260928-171216,2,1175.17,129.47,17
gps_denied/20260928-171216,2,1176.17,129.47,17
gps_denied/20260928-171216,2,1177.17,129.47,17
gps_denied/20260928-171216,2,1178.18,129.47,17
gps_denied/20260928-171216,2,1179.18,129.47,17
gps_denied/20260928-171216,2,1181.18,129.47,17
gps_denied/20260928-171216,2,1182.18,129.47,17
gps_denied/20260928-171216,2,1184.17,129.47,17
gps_denied/20260928-171216,2,1186.17,129.47,17
gps_denied/20260928-171216,2,1188.17,129.47,17
gps_denied/20260928-171216,2,1190.17,129.47,17
gps_denied/20260928-171216,2,1192.17,129.47,17
gps_denied/20260928-171216,2,1194.17,129.47,17
gps_denied/20260928-171216,2,1196.18,129.47,17
gps_denied/20260928-171216,2,1198.17,129.47,17
gps_denied/20260928-171216,2,1200.17,129.47,17
gps_denied/20260928-171216,2,1202.17,129.47,17
gps_denied/20260928-171216,2,1204.17,129.47,17
gps_denied/20260928-171216,2,1205.17,129.47,17
gps_denied/20260928-171216,2,1206.18,129.47,17
gps_denied/20260928-171216,2,1208.17,129.47,17
gps_denied/20260928-171216,2,1209.18,129.47,17
gps_denied/20260928-171216,2,1211.17,129.47,17
gps_denied/20260928-171216,2,1212.18,129.47,17
gps_denied/20260928-171216,2,1213.18,129.47,17
gps_denied/20260928-171216,2,1215.17,129.47,17
gps_denied/20260928-171216,2,1217.17,129.47,17
gps_denied/20260928-171216,2,1219.17,129.47,17
gps_denied/20260928-171216,2,1220.18,129.47,17
gps_denied/20260928-171216,2,1222.17,129.47,17
gps_denied/20260928-171216,2,1223.17,129.47,17
gps_denied/20260928-171216,2,1225.18,129.47,17
gps_denied/20260928-171216,2,1227.18,129.47,17
gps_denied/20260928-171216,2,1229.17,129.47,17
gps_denied/20260928-171216,2,1231.17,129.47,17
gps_denied/20260928-171216,2,1232.18,129.47,17
gps_denied/20260928-171216,2,1234.18,129.47,17
gps_denied/20260928-171216,2,1236.17,129.47,17
gps_denied/20260928-171216,2,1237.17,129.47,17
gps_denied/20260928-171216,2,1239.18,129.47,17
gps_denied/20260928-171216,2,1241.17,129.47,17
gps_denied/20260928-171216,2,1243.17,129.47,17
gps_denied/20260928-171216,2,1245.17,129.47,17
gps_denied/20260928-171216,2,1246.17,129.47,17
gps_denied/20260928-171216,2,1247.18,129.47,17
gps_denied/20260928-171216,2,1249.18,129.47,17
gps_denied/20260928-171216,2,1251.18,129.47,17
gps_denied/20260928-171216,2,1252.18,129.47,17
gps_denied/20260928-171216,2,1253.18,129.47,17
gps_denied/20260928-171216,2,1255.17,129.47,17
gps_denied/20260928-171216,2,1257.17,129.47,17
gps_denied/20260928-171216,2,1258.17,129.47,17
gps_denied/20260928-171216,2,1260.17,129.47,17
gps_denied/20260928-171216,2,1261.17,129.47,17
gps_denied/20260928-171216,2,1262.17,129.47,17
gps_denied/20260928-171216,2,1264.17,129.47,17
gps_denied/20260928-171216,2,1265.18,129.47,17
gps_denied/20260928-171216,2,1267.17,129.47,17
gps_denied/20260928-171216,2,1268.17,129.47,17
gps_denied/20260928-171216,2,1270.17,129.47,17
gps_denied/20260928-171216,2,1272.17,129.47,17
gps_denied/20260928-171216,2,1273.17,129.47,17
gps_denied/20260928-171216,2,1274.17,129.47,17
gps_denied/20260928-171216,2,1275.18,129.47,17
gps_denied/20260928-171216,2,1277.18,129.47,17
gps_denied/20260928-171216,2,1279.17,129.47,17
gps_denied/20260928-171216,2,1280.18,129.47,17
gps_denied/20260928-171216,2,1282.17,129.47,17
gps_denied/20260928-171216,2,1284.17,129.47,17
gps_denied/20260928-171216,2,1285.17,129.47,17
gps_denied/20260928-171216,2,1287.17,129.47,17
gps_denied/20260928-171216,2,1288.17,129.47,17
gps_denied/20260928-171216,2,1289.17,129.47,17
gps_denied/20260928-171216,2,1291.17,129.47,17
gps_denied/20260928-171216,2,1292.17,129.47,17
gps_denied/20260928-171216,2,1294.17,129.47,17
gps_denied/20260928-171216,2,1296.17,129.47,17
gps_denied/20260928-171216,2,1298.17,129.47,17
gps_denied/20260928-171216,2,1299.17,129.47,17
gps_denied/20260928-171216,2,1301.18,129.47,17
gps_denied/20260928-171216,2,1302.18,129.47,17
gps_denied/20260928-171216,2,1304.18,129.47,17
gps_denied/20260928-171216,2,1305.18,129.47,17
gps_denied/20260928-171216,2,1307.18,129.47,17
gps_denied/20260928-171216,2,1309.18,129.47,17
gps_denied/20260928-171216,2,1311.17,129.47,17
gps_denied/20260928-171216,2,1312.18,129.47,17
gps_denied/20260928-171216,2,1314.18,129.47,17
gps_denied/20260928-171216,2,1316.18,129.47,17
gps_denied/20260928-171216,2,1318.18,129.47,17
gps_denied/20260928-171216,2,1319.18,129.47,17
gps_denied/20260928-171216,2,1320.18,129.47,17
gps_denied/20260928-171216,2,1322.18,129.47,17
gps_denied/20260928-171216,2,1323.18,129.47,17
gps_denied/20260928-171216,2,1325.17,129.47,17
gps_denied/20260928-171216,2,1326.17,129.47,17
gps_denied/20260928-171216,2,1327.18,129.47,17
gps_denied/20260928-171216,2,1328.18,129.47,17
gps_denied/20260928-171216,2,1329.18,129.47,17
gps_denied/20260928-171216,2,1331.17,129.47,17
gps_denied/20260928-171216,2,1332.18,129.47,17
gps_denied/20260928-171216,2,1334.18,129.47,17
gps_denied/20260928-171216,2,1335.18,129.47,17
gps_denied/20260928-171216,2,1337.18,129.47,17
gps_denied/20260928-171216,2,1339.17,129.47,17
gps_denied/20260928-171216,2,1341.17,129.47,17
gps_denied/20260928-171216,2,1342.17,129.47,17
gps_denied/20260928-171216,2,1343.17,129.47,17
gps_denied/20260928-171216,2,1344.18,129.47,17
gps_denied/20260928-171216,2,1346.17,129.47,17
gps_denied/20260928-171216,2,1347.18,129.47,17
gps_denied/20260928-171216,2,1348.18,129.47,17
gps_denied/20260928-171216,2,1350.17,129.47,17
gps_denied/20260928-171216,2,1351.18,129.47,17
gps_denied/20260928-171216,2,1353.17,129.47,17
gps_denied/20260928-171216,2,1355.17,129.47,17
gps_denied/20260928-171216,2,1356.17,129.47,17
gps_denied/20260928-171216,2,1358.17,129.47,17
gps_denied/20260928-171216,2,1359.17,129.47,17
gps_denied/20260928-171216,2,1360.17,129.47,17
gps_denied/20260928-171216,2,1362.18,129.47,17
gps_denied/20260928-171216,2,1363.18,129.47,17
gps_denied/20260928-171216,2,1364.18,129.47,17
gps_denied/20260928-171216,2,1366.18,129.47,17
gps_denied/20260928-171216,2,1368.17,129.47,17
gps_denied/20260928-171216,2,1369.18,129.47,17
gps_denied/20260928-171216,2,1371.17,129.47,17
gps_denied/20260928-171216,2,1373.17,129.47,17
gps_denied/20260928-171216,2,1375.17,129.47,17
gps_denied/20260928-171216,2,1376.18,129.47,17
gps_denied/20260928-171216,2,1377.18,129.47,17
gps_denied/20260928-171216,2,1379.18,129.47,17
gps_denied/20260928-171216,2,1380.18,129.47,17
gps_denied/20260928-171216,2,1382.18,129.47,17
gps_denied/20260928-171216,2,1383.18,129.47,17
gps_denied/20260928-171216,2,1385.18,129.47,17
gps_denied/20260928-171216,2,1387.17,129.47,17
gps_denied/20260928-171216,2,1388.17,129.47,17
gps_denied/20260928-171216,2,1390.18,129.47,17
gps_denied/20260928-171216,2,1392.17,129.47,17
gps_denied/20260928-171216,2,1393.18,129.47,17
gps_denied/20260928-171216,2,1394.18,129.47,17
gps_denied/20260928-171216,2,1396.17,129.47,17
gps_denied/20260928-171216,2,1397.18,129.47,17
gps_denied/20260928-171216,2,1398.18,129.47,17
gps_denied/20260928-171216,2,1400.17,129.47,17
gps_denied/20260928-171216,2,1401.18,129.47,17
gps_denied/20260928-171216,2,1403.18,129.47,17
gps_denied/20260928-171216,2,1405.17,129.47,17
gps_denied/20260928-171216,2,1406.17,129.47,17
gps_denied/20260928-171216,2,1407.18,129.47,17
gps_denied/20260928-171216,2,1409.17,129.47,17
gps_denied/20260928-171216,2,1411.17,129.47,17
gps_denied/20260928-171216,2,1412.17,129.47,17
gps_denied/20260928-171216,2,1414.17,129.47,17
gps_denied/20260928-171216,2,1415.18,129.47,17
gps_denied/20260928-171216,2,1416.18,129.47,17
gps_denied/20260928-171216,2,1418.18,129.47,17
gps_denied/20260928-171216,2,1420.18,129.47,17
gps_denied/20260928-171216,2,1422.18,129.47,17
gps_denied/20260928-171216,2,1423.18,129.47,17
gps_denied/20260928-171216,2,1425.17,129.47,17
gps_denied/20260928-171216,2,1426.17,129.47,17
gps_denied/20260928-171216,2,1427.18,129.47,17
gps_denied/20260928-171216,2,1428.18,129.47,17
gps_denied/20260928-171216,2,1429.18,129.47,17
gps_denied/20260928-171216,2,1431.18,129.47,17
gps_denied/20260928-171216,2,1433.18,129.47,17
gps_denied/20260928-171216,2,1435.18,129.47,17
gps_denied/20260928-171216,2,1437.17,129.47,17
gps_denied/20260928-171216,2,1438.18,129.47,17
gps_denied/20260928-171216,2,1440.17,129.47,17
gps_denied/20260928-171216,2,1441.17,129.47,17
gps_denied/20260928-171216,2,1443.17,129.47,17
gps_denied/20260928-171216,2,1444.17,129.47,17
gps_denied/20260928-171216,2,1446.17,129.47,17
gps_denied/20260928-171216,2,1448.18,129.47,17
gps_denied/20260928-171216,2,1450.18,129.47,17
gps_denied/20260928-171216,2,1452.17,129.47,17
gps_denied/20260928-171216,2,1453.18,129.47,17
gps_denied/20260928-171216,2,1455.18,129.47,17
gps_denied/20260928-171216,2,1456.18,129.47,17
gps_denied/20260928-171216,2,1458.18,129.47,17
gps_denied/20260928-171216,2,1460.18,129.47,17
gps_denied/20260928-171216,2,1462.17,129.47,17
gps_denied/20260928-171216,2,1464.17,129.47,17
gps_denied/20260928-171216,2,1465.18,129.47,17
gps_denied/20260928-171216,2,1467.17,129.47,17
gps_denied/20260928-171216,2,1469.18,129.47,17
gps_denied/20260928-171216,2,1471.17,129.47,17
gps_denied/20260928-171216,2,1473.17,129.47,17
gps_denied/20260928-171216,2,1475.17,129.47,17
gps_denied/20260928-171216,2,1477.17,129.47,17
gps_denied/20260928-171216,2,1479.17,129.47,17
gps_denied/20260928-171216,2,1480.18,129.47,17
gps_denied/20260928-171216,2,1482.17,129.47,17
gps_denied/20260928-171216,2,1483.18,129.47,17
gps_denied/20260928-171216,2,1484.18,129.47,17
gps_denied/20260928-171216,2,1486.17,129.47,17
gps_denied/20260928-171216,2,1487.17,129.47,17
gps_denied/20260928-171216,2,1488.18,129.47,17
gps_denied/20260928-171216,2,1490.17,129.47,17
gps_denied/20260928-171216,2,1491.18,129.47,17
gps_denied/20260928-171216,2,1492.18,129.47,17
gps_denied/20260928-171216,2,1494.17,129.47,17
gps_denied/20260928-171216,2,1495.17,129.47,17
gps_denied/20260928-171216,2,1496.17,129.47,17
gps_denied/20260928-171216,2,1498.18,129.47,17
gps_denied/20260928-171216,2,1500.17,129.47,17
gps_denied/20260928-171216,2,1501.18,129.47,17
gps_denied/20260928-171216,2,1503.17,129.47,17
gps_denied/20260928-171216,2,1504.17,129.47,17
gps_denied/20260928-171216,2,1505.18,129.47,17
gps_denied/20260928-171216,2,1506.18,129.47,17
gps_denied/20260928-171216,2,1508.18,129.51,17
gps_denied/20260928-171216,2,1510.17,129.51,17
gps_denied/20260928-171216,2,1511.18,129.51,17
gps_denied/20260928-171216,2,1513.17,129.51,17
gps_denied/20260928-171216,2,1515.18,129.51,17
gps_denied/20260928-171216,2,1517.17,129.51,17
gps_denied/20260928-171216,2,1518.18,129.51,17
gps_denied/20260928-171216,2,1520.17,129.51,17
gps_denied/20260928-171216,2,1521.18,129.51,17
gps_denied/20260928-171216,2,1523.18,129.51,17
gps_denied/20260928-171216,2,1525.17,129.51,17
gps_denied/20260928-171216,2,1526.17,129.51,17
gps_denied/20260928-171216,2,1527.18,129.51,17
gps_denied/20260928-171216,2,1529.18,129.51,17
gps_denied/20260928-171216,2,1530.18,129.51,17
gps_denied/20260928-171216,2,1531.18,129.51,17
gps_denied/20260928-171216,2,1533.18,129.51,17
gps_denied/20260928-171216,2,1535.18,129.51,17
gps_denied/20260928-171216,2,1537.17,129.51,17
gps_denied/20260928-171216,2,1538.18,129.51,17
gps_denied/20260928-171216,2,1539.18,129.51,17
gps_denied/20260928-171216,2,1541.18,129.51,17
gps_denied/20260928-171216,2,1542.18,129.51,17
gps_denied/20260928-171216,2,1543.18,129.51,17
gps_denied/20260928-171216,2,1545.18,129.51,17
gps_denied/20260928-171216,2,1547.17,129.51,17
gps_denied/20260928-171216,2,1549.18,129.51,17
gps_denied/20260928-171216,2,1550.18,129.51,17
gps_denied/20260928-171216,2,1552.17,129.51,17
gps_denied/20260928-171216,2,1554.18,129.51,17
gps_denied/20260928-171216,2,1556.18,129.51,17
gps_denied/20260928-171216,2,1558.18,129.51,17
gps_denied/20260928-171216,2,1560.18,129.51,17
gps_denied/20260928-171216,2,1561.18,129.51,17
gps_denied/20260928-171216,2,1562.18,129.51,17
gps_denied/20260928-171216,2,1564.18,129.51,17
gps_denied/20260928-171216,2,1566.18,129.51,17
gps_denied/20260928-171216,2,1568.17,129.51,17
gps_denied/20260928-171216,2,1569.18,129.51,17
gps_denied/20260928-171216,2,1571.17,129.51,17
gps_denied/20260928-171216,2,1573.17,129.51,17
gps_denied/20260928-171216,2,1575.18,129.51,17
gps_denied/20260928-171216,2,1577.18,129.51,17
gps_denied/20260928-171216,2,1579.18,129.51,17
gps_denied/20260928-171216,2,1580.18,129.51,17
gps_denied/20260928-171216,2,1581.18,129.51,17
gps_denied/20260928-171216,2,1583.18,129.51,17
gps_denied/20260928-171216,2,1585.18,129.51,17
gps_denied/20260928-171216,2,1586.18,129.51,17
gps_denied/20260928-171216,2,1588.17,129.51,17
gps_denied/20260928-171216,2,1590.17,129.51,17
gps_denied/20260928-171216,2,1591.17,129.51,17
gps_denied/20260928-171216,2,1592.17,129.51,17
gps_denied/20260928-171216,2,1593.18,129.51,17
gps_denied/20260928-171216,2,1595.18,129.51,17
gps_denied/20260928-171216,2,1597.17,129.51,17
gps_denied/20260928-171216,2,1598.18,129.51,17
gps_denied/20260928-171216,2,1600.17,129.51,17
gps_denied/20260928-171216,2,1601.18,129.51,17
gps_denied/20260928-171216,2,1602.18,129.51,17
gps_denied/20260928-171216,2,1603.18,129.51,17
gps_denied/20260928-171216,2,1605.18,129.54,17
gps_denied/20260928-171216,2,1607.18,129.54,17
gps_denied/20260928-171216,2,1609.18,129.54,17
gps_denied/20260928-171216,2,1611.18,129.54,17
gps_denied/20260928-171216,2,1613.18,129.54,17
gps_denied/20260928-171216,2,1615.17,129.54,17
gps_denied/20260928-171216,2,1617.17,129.54,17
gps_denied/20260928-171216,2,1618.18,129.54,17
gps_denied/20260928-171216,2,1620.17,129.54,17
gps_denied/20260928-171216,2,1621.18,129.54,17
gps_denied/20260928-171216,2,1623.17,129.54,17
gps_denied/20260928-171216,2,1624.17,129.54,17
gps_denied/20260928-171216,2,1625.18,129.54,17
gps_denied/20260928-171216,2,1627.18,129.54,17
gps_denied/20260928-171216,2,1629.17,129.54,17
gps_denied/20260928-171216,2,1630.18,129.54,17
gps_denied/20260928-171216,2,1632.18,129.54,17
gps_denied/20260928-171216,2,1634.17,129.54,17
gps_denied/20260928-171216,2,1635.17,129.54,17
gps_denied/20260928-171216,2,1636.17,129.54,17
gps_denied/20260928-171216,2,1638.18,129.54,17
gps_denied/20260928-171216,2,1640.17,129.54,17
gps_denied/20260928-171216,2,1642.17,129.54,17
gps_denied/20260928-171216,2,1643.17,129.54,17
gps_denied/20260928-171216,2,1645.18,129.54,17
gps_denied/20260928-171216,2,1647.18,129.54,17
gps_denied/20260928-171216,2,1649.18,129.54,17
gps_denied/20260928-171216,2,1651.18,129.54,17
gps_denied/20260928-171216,2,1653.18,129.54,17
gps_denied/20260928-171216,2,1654.18,129.54,17
gps_denied/20260928-171216,2,1656.18,129.54,17
gps_denied/20260928-171216,2,1657.18,129.54,17
gps_denied/20260928-171216,2,1659.18,129.54,17
gps_denied/20260928-171216,2,1660.18,129.54,17
gps_denied/20260928-171216,2,1661.18,129.54,17
gps_denied/20260928-171216,2,1662.18,129.54,17
gps_denied/20260928-171216,2,1664.17,129.54,17
gps_denied/20260928-171216,2,1665.18,129.54,17
gps_denied/20260928-171216,2,1667.17,129.54,17
gps_denied/20260928-171216,2,1668.18,129.54,17
gps_denied/20260928-171216,2,1670.17,129.54,17
gps_denied/20260928-171216,2,1671.18,129.54,17
gps_denied/20260928-171216,2,1673.18,129.54,17
gps_denied/20260928-171216,2,1675.18,129.54,17
gps_denied/20260928-171216,2,1676.18,129.54,17
gps_denied/20260928-171216,2,1678.18,129.54,17
gps_denied/20260928-171216,2,1680.18,129.54,17
gps_denied/20260928-171216,2,1682.17,129.54,17
gps_denied/20260928-171216,2,1683.18,129.54,17
gps_denied/20260928-171216,2,1684.18,129.54,17
gps_denied/20260928-171216,2,1686.18,129.54,17
gps_denied/20260928-171216,2,1687.18,129.54,17
gps_denied/20260928-171216,2,1689.18,129.54,17
gps_denied/20260928-171216,2,1691.18,129.54,17
gps_denied/20260928-171216,2,1693.18,129.54,17
gps_denied/20260928-171216,2,1695.18,129.54,17
gps_denied/20260928-171216,2,1697.18,129.54,17
gps_denied/20260928-171216,2,1698.18,129.54,17
gps_denied/20260928-171216,2,1700.17,129.54,17
gps_denied/20260928-171216,2,1702.17,129.54,17
gps_denied/20260928-171216,2,1703.18,129.54,17
gps_denied/20260928-171216,2,1705.17,129.54,17
gps_denied/20260928-171216,2,1707.18,129.54,17
gps_denied/20260928-171216,2,1709.18,129.54,17
gps_denied/20260928-171216,2,1711.18,129.54,17
gps_denied/20260928-171216,2,1712.18,129.54,17
gps_denied/20260928-171216,2,1714.18,129.54,17
gps_denied/20260928-171216,2,1715.18,129.54,17
gps_denied/20260928-171216,2,1716.18,129.54,17
gps_denied/20260928-171216,2,1717.18,129.54,17
gps_denied/20260928-171216,2,1719.17,129.54,17
gps_denied/20260928-171216,2,1721.17,129.54,17
gps_denied/20260928-171216,2,1723.17,129.54,17
gps_denied/20260928-171216,2,1725.18,129.54,17
gps_denied/20260928-171216,2,1727.17,129.54,17
gps_denied/20260928-171216,2,1729.17,129.54,17
gps_denied/20260928-171216,2,1731.17,129.54,17
gps_denied/20260928-171216,2,1732.18,129.54,17
gps_denied/20260928-171216,2,1733.18,129.54,17
gps_denied/20260928-171216,2,1735.17,129.54,17
gps_denied/20260928-171216,2,1736.18,129.54,17
gps_denied/20260928-171216,2,1738.17,129.54,17
gps_denied/20260928-171216,2,1739.18,129.54,17
gps_denied/20260928-171216,2,1741.17,129.54,17
gps_denied/20260928-171216,2,1742.18,129.54,17
gps_denied/20260928-171216,2,1743.18,129.54,17
gps_denied/20260928-171216,2,1744.18,129.54,17
gps_denied/20260928-171216,2,1745.18,129.54,17
gps_denied/20260928-171216,2,1747.17,129.54,17
gps_denied/20260928-171216,2,1748.17,129.54,17
gps_denied/20260928-171216,2,1749.18,129.54,17
gps_denied/20260928-171216,2,1751.18,129.54,17
gps_denied/20260928-171216,2,1753.18,129.54,17
gps_denied/20260928-171216,2,1754.18,129.54,17
gps_denied/20260928-171216,2,1756.18,129.54,17
gps_denied/20260928-171216,2,1757.18,129.54,17
gps_denied/20260928-171216,2,1759.17,129.54,17
gps_denied/20260928-171216,2,1760.18,129.54,17
gps_denied/20260928-171216,2,1762.17,129.54,17
gps_denied/20260928-171216,2,1763.18,129.54,17
gps_denied/20260928-171216,2,1765.18,129.54,17
gps_denied/20260928-171216,2,1767.18,129.54,17
gps_denied/20260928-171216,2,1768.18,129.54,17
gps_denied/20260928-171216,2,1770.18,129.54,17
gps_denied/20260928-171216,2,1772.17,129.54,17
gps_denied/20260928-171216,2,1774.18,129.54,17
gps_denied/20260928-171216,2,1775.18,129.54,17
gps_denied/20260928-171216,2,1776.18,129.54,17
gps_denied/20260928-171216,2,1777.18,129.54,17
gps_denied/20260928-171216,2,1779.17,129.54,17
gps_denied/20260928-171216,2,1780.17,129.54,17
gps_denied/20260928-171216,2,1781.18,129.54,17
gps_denied/20260928-171216,2,1783.18,129.54,17
gps_denied/20260928-171216,2,1785.17,129.54,17
gps_denied/20260928-171216,2,1786.18,129.54,17
gps_denied/20260928-171216,2,1787.18,129.54,17
gps_denied/20260928-171216,2,1789.17,129.54,17
gps_denied/20260928-171216,2,1791.18,129.54,17
gps_denied/20260928-171216,2,1792.18,129.54,17
gps_denied/20260928-171216,2,1793.18,129.54,17
gps_denied/20260928-171216,2,1795.18,129.54,17
gps_denied/20260928-171216,2,1797.18,129.54,17
gps_denied/20260928-174305,1,-3.45,3.41,
gps_denied/20260928-174305,1,-1.45,3.41,
gps_denied/20260928-174305,1,-0.45,3.41,
gps_denied/20260928-174305,1,1.55,3.41,
gps_denied/20260928-174305,1,3.55,3.41,
gps_denied/20260928-174305,1,5.55,3.41,
gps_denied/20260928-174305,1,6.55,3.41,
gps_denied/20260928-174305,1,8.55,3.41,
gps_denied/20260928-174305,1,10.55,3.41,
gps_denied/20260928-174305,1,11.55,3.41,
gps_denied/20260928-174305,1,13.55,3.41,
gps_denied/20260928-174305,1,15.55,3.41,
gps_denied/20260928-174305,1,16.55,3.41,
gps_denied/20260928-174305,1,18.55,3.41,
gps_denied/20260928-174305,1,19.55,3.41,
gps_denied/20260928-174305,1,21.55,3.41,1
gps_denied/20260928-174305,1,23.55,3.41,1
gps_denied/20260928-174305,1,25.55,3.41,1
gps_denied/20260928-174305,1,26.55,3.41,1
gps_denied/20260928-174305,1,27.55,7.28,1
gps_denied/20260928-174305,1,29.55,12.8,5
gps_denied/20260928-174305,1,30.55,14.62,5
gps_denied/20260928-174305,1,31.55,17.01,5
gps_denied/20260928-174305,1,32.55,17.01,13
gps_denied/20260928-174305,1,33.55,17.96,13
gps_denied/20260928-174305,1,35.55,20.65,13
gps_denied/20260928-174305,1,36.55,21.36,13
gps_denied/20260928-174305,1,37.55,23.05,13
gps_denied/20260928-174305,1,38.55,24.0,13
gps_denied/20260928-174305,1,39.55,25.51,13
gps_denied/20260928-174305,1,41.55,32.59,13
gps_denied/20260928-174305,1,42.55,37.48,13
gps_denied/20260928-174305,1,43.55,39.0,13
gps_denied/20260928-174305,1,44.55,40.27,17
gps_denied/20260928-174305,1,46.55,42.86,17
gps_denied/20260928-174305,1,48.55,43.83,17
gps_denied/20260928-174305,1,49.55,44.17,17
gps_denied/20260928-174305,1,51.55,45.39,17
gps_denied/20260928-174305,1,52.55,45.71,17
gps_denied/20260928-174305,1,53.55,45.81,17
gps_denied/20260928-174305,1,54.55,46.23,17
gps_denied/20260928-174305,1,56.55,48.26,17
gps_denied/20260928-174305,1,57.55,50.32,17
gps_denied/20260928-174305,1,58.55,55.59,17
gps_denied/20260928-174305,1,59.55,57.41,17
gps_denied/20260928-174305,1,61.55,59.12,26
gps_denied/20260928-174305,1,63.55,61.83,26
gps_denied/20260928-174305,1,64.55,62.68,26
gps_denied/20260928-174305,1,65.55,64.11,26
gps_denied/20260928-174305,1,67.55,65.59,26
gps_denied/20260928-174305,1,69.55,66.41,26
gps_denied/20260928-174305,1,70.55,66.81,26
gps_denied/20260928-174305,1,72.55,67.36,26
gps_denied/20260928-174305,1,74.55,67.71,26
gps_denied/20260928-174305,1,76.55,67.96,26
gps_denied/20260928-174305,1,78.55,68.15,14
gps_denied/20260928-174305,1,80.55,68.25,14
gps_denied/20260928-174305,1,82.55,68.35,14
gps_denied/20260928-174305,1,83.55,68.42,14
gps_denied/20260928-174305,1,85.56,68.47,14
gps_denied/20260928-174305,1,86.56,68.54,14
gps_denied/20260928-174305,1,88.55,68.66,14
gps_denied/20260928-174305,1,89.55,68.68,14
gps_denied/20260928-174305,1,91.55,68.7,14
gps_denied/20260928-174305,1,92.55,68.71,14
gps_denied/20260928-174305,1,93.55,68.74,14
gps_denied/20260928-174305,1,95.55,68.76,14
gps_denied/20260928-174305,1,96.55,68.78,14
gps_denied/20260928-174305,1,97.56,68.78,14
gps_denied/20260928-174305,1,98.56,68.8,12
gps_denied/20260928-174305,1,100.56,68.81,12
gps_denied/20260928-174305,1,102.56,68.85,12
gps_denied/20260928-174305,1,104.56,68.86,12
gps_denied/20260928-174305,1,106.56,68.87,12
gps_denied/20260928-174305,1,108.56,68.87,12
gps_denied/20260928-174305,1,110.56,68.88,12
gps_denied/20260928-174305,1,111.56,68.88,12
gps_denied/20260928-174305,1,112.56,68.88,12
gps_denied/20260928-174305,1,113.56,68.85,12
gps_denied/20260928-174305,1,114.56,68.92,12
gps_denied/20260928-174305,1,116.56,68.97,12
gps_denied/20260928-174305,1,117.56,69.1,12
gps_denied/20260928-174305,1,118.56,69.1,11
gps_denied/20260928-174305,1,120.56,69.1,11
gps_denied/20260928-174305,1,121.56,69.1,11
gps_denied/20260928-174305,1,123.56,69.1,11
gps_denied/20260928-174305,1,124.56,69.1,11
gps_denied/20260928-174305,1,126.56,69.1,11
gps_denied/20260928-174305,1,127.56,69.1,11
gps_denied/20260928-174305,1,129.56,69.1,11
gps_denied/20260928-174305,1,130.56,69.1,11
gps_denied/20260928-174305,1,132.56,69.1,11
gps_denied/20260928-174305,1,133.56,69.1,11
gps_denied/20260928-174305,1,135.56,69.1,11
gps_denied/20260928-174305,1,137.56,69.1,11
gps_denied/20260928-174305,1,138.56,69.1,11
gps_denied/20260928-174305,1,139.56,69.1,11
gps_denied/20260928-174305,1,141.56,69.1,11
gps_denied/20260928-174305,1,142.56,69.1,11
gps_denied/20260928-174305,1,143.56,69.1,11
gps_denied/20260928-174305,1,144.56,69.1,11
gps_denied/20260928-174305,1,146.56,69.1,11
gps_denied/20260928-174305,1,148.56,69.1,11
gps_denied/20260928-174305,1,150.56,69.1,11
gps_denied/20260928-174305,1,152.56,69.1,11
gps_denied/20260928-174305,1,154.56,69.1,11
gps_denied/20260928-174305,1,155.56,69.1,11
gps_denied/20260928-174305,1,157.56,69.1,11
gps_denied/20260928-174305,1,159.56,69.1,11
gps_denied/20260928-174305,1,161.56,69.1,11
gps_denied/20260928-174305,1,162.56,69.1,11
gps_denied/20260928-174305,1,163.56,69.1,11
gps_denied/20260928-174305,1,165.56,69.1,11
gps_denied/20260928-174305,1,166.56,69.1,11
gps_denied/20260928-174305,1,168.56,69.1,11
gps_denied/20260928-174305,1,169.56,69.1,11
gps_denied/20260928-174305,1,170.56,69.1,11
gps_denied/20260928-174305,1,172.56,69.1,11
gps_denied/20260928-174305,1,173.56,69.1,11
gps_denied/20260928-174305,1,174.56,69.1,11
gps_denied/20260928-174305,1,176.56,69.1,11
gps_denied/20260928-174305,1,177.56,69.1,11
gps_denied/20260928-174305,1,179.56,69.1,11
gps_denied/20260928-174305,1,181.56,69.1,11
gps_denied/20260928-174305,1,183.56,69.1,11
gps_denied/20260928-174305,1,185.55,69.1,11
gps_denied/20260928-174305,1,186.56,69.1,11
gps_denied/20260928-174305,1,187.56,69.1,11
gps_denied/20260928-174305,1,189.56,69.1,11
gps_denied/20260928-174305,1,190.56,69.1,11
gps_denied/20260928-174305,1,191.56,69.1,11
gps_denied/20260928-174305,1,193.56,69.1,11
gps_denied/20260928-174305,1,194.56,69.1,11
gps_denied/20260928-174305,1,196.56,69.1,11
gps_denied/20260928-174305,1,197.56,69.1,11
gps_denied/20260928-174305,1,199.56,69.1,11
gps_denied/20260928-174305,1,200.56,69.1,11
gps_denied/20260928-174305,1,202.56,69.1,11
gps_denied/20260928-174305,1,203.56,69.1,11
gps_denied/20260928-174305,1,205.56,69.1,11
gps_denied/20260928-174305,1,206.56,69.1,11
gps_denied/20260928-174305,1,208.56,69.1,11
gps_denied/20260928-174305,1,210.56,69.1,11
gps_denied/20260928-174305,1,212.56,69.1,11
gps_denied/20260928-174305,1,213.56,69.1,11
gps_denied/20260928-174305,1,214.56,69.1,11
gps_denied/20260928-174305,1,216.56,69.1,11
gps_denied/20260928-174305,1,217.56,69.1,11
gps_denied/20260928-174305,1,218.56,69.1,11
gps_denied/20260928-174305,1,219.56,69.1,11
gps_denied/20260928-174305,1,221.56,69.1,11
gps_denied/20260928-174305,1,223.56,69.1,11
gps_denied/20260928-174305,1,225.56,69.1,11
gps_denied/20260928-174305,1,227.56,69.1,11
gps_denied/20260928-174305,1,229.56,69.1,11
gps_denied/20260928-174305,1,230.56,69.1,11
gps_denied/20260928-174305,1,232.56,69.1,11
gps_denied/20260928-174305,1,233.56,69.1,11
gps_denied/20260928-174305,1,235.56,69.1,11
gps_denied/20260928-174305,1,236.56,69.1,11
gps_denied/20260928-174305,1,238.56,69.1,11
gps_denied/20260928-174305,1,240.56,69.1,11
gps_denied/20260928-174305,1,241.56,69.1,11
gps_denied/20260928-174305,1,243.56,69.1,11
gps_denied/20260928-174305,1,244.56,69.1,11
gps_denied/20260928-174305,1,246.56,69.1,11
gps_denied/20260928-174305,1,248.56,69.1,11
gps_denied/20260928-174305,1,249.56,69.1,11
gps_denied/20260928-174305,1,251.56,69.1,11
gps_denied/20260928-174305,1,253.56,69.1,11
gps_denied/20260928-174305,1,255.56,69.1,11
gps_denied/20260928-174305,1,257.56,69.1,11
gps_denied/20260928-174305,1,259.56,69.1,11
gps_denied/20260928-174305,1,260.56,69.1,11
gps_denied/20260928-174305,1,262.56,69.1,11
gps_denied/20260928-174305,1,264.56,69.1,11
gps_denied/20260928-174305,1,266.56,69.1,11
gps_denied/20260928-174305,1,268.56,69.1,11
gps_denied/20260928-174305,1,269.56,69.1,11
gps_denied/20260928-174305,1,271.56,69.1,11
gps_denied/20260928-174305,1,273.56,69.1,11
gps_denied/20260928-174305,1,274.56,69.1,11
gps_denied/20260928-174305,1,276.56,69.1,11
gps_denied/20260928-174305,1,278.56,69.1,11
gps_denied/20260928-174305,1,280.56,69.1,11
gps_denied/20260928-174305,1,282.56,69.1,11
gps_denied/20260928-174305,1,284.56,69.1,11
gps_denied/20260928-174305,1,286.56,69.1,11
gps_denied/20260928-174305,1,288.56,69.1,11
gps_denied/20260928-174305,2,-3.27,3.4,
gps_denied/20260928-174305,2,-2.01,3.4,
gps_denied/20260928-174305,2,-0.27,3.4,
gps_denied/20260928-174305,2,1.73,3.4,
gps_denied/20260928-174305,2,2.73,3.4,
gps_denied/20260928-174305,2,4.73,3.4,
gps_denied/20260928-174305,2,5.73,3.4,
gps_denied/20260928-174305,2,7.73,3.4,
gps_denied/20260928-174305,2,8.73,3.4,
gps_denied/20260928-174305,2,10.73,3.4,
gps_denied/20260928-174305,2,11.73,3.4,
gps_denied/20260928-174305,2,13.73,3.4,
gps_denied/20260928-174305,2,14.73,3.4,
gps_denied/20260928-174305,2,15.73,3.4,
gps_denied/20260928-174305,2,16.73,3.4,
gps_denied/20260928-174305,2,17.73,3.4,
gps_denied/20260928-174305,2,18.73,3.4,
gps_denied/20260928-174305,2,19.73,3.4,
gps_denied/20260928-174305,2,21.73,3.4,3
gps_denied/20260928-174305,2,22.73,3.4,3
gps_denied/20260928-174305,2,23.73,3.4,3
gps_denied/20260928-174305,2,24.73,9.4,3
gps_denied/20260928-174305,2,26.73,16.1,6
gps_denied/20260928-174305,2,28.73,22.66,6
gps_denied/20260928-174305,2,29.73,24.99,6
gps_denied/20260928-174305,2,30.73,24.99,6
gps_denied/20260928-174305,2,32.73,26.92,6
gps_denied/20260928-174305,2,34.73,29.89,6
gps_denied/20260928-174305,2,35.73,30.58,6
gps_denied/20260928-174305,2,36.73,31.79,6
gps_denied/20260928-174305,2,37.73,33.02,13
gps_denied/20260928-174305,2,38.73,34.34,13
gps_denied/20260928-174305,2,39.73,34.9,13
gps_denied/20260928-174305,2,40.73,34.9,13
gps_denied/20260928-174305,2,41.73,35.47,13
gps_denied/20260928-174305,2,43.73,36.19,13
gps_denied/20260928-174305,2,45.73,36.93,13
gps_denied/20260928-174305,2,47.73,37.58,13
gps_denied/20260928-174305,2,48.73,38.28,13
gps_denied/20260928-174305,2,49.73,39.25,13
gps_denied/20260928-174305,2,51.73,40.71,13
gps_denied/20260928-174305,2,53.73,42.18,13
gps_denied/20260928-174305,2,54.73,42.47,13
gps_denied/20260928-174305,2,55.73,42.86,13
gps_denied/20260928-174305,2,56.73,43.4,13
gps_denied/20260928-174305,2,57.73,43.59,11
gps_denied/20260928-174305,2,59.73,43.93,11
gps_denied/20260928-174305,2,60.73,44.39,11
gps_denied/20260928-174305,2,62.73,46.7,11
gps_denied/20260928-174305,2,63.73,47.63,11
gps_denied/20260928-174305,2,64.73,50.43,11
gps_denied/20260928-174305,2,65.73,51.46,11
gps_denied/20260928-174305,2,67.73,54.14,11
gps_denied/20260928-174305,2,68.73,55.76,11
gps_denied/20260928-174305,2,69.73,56.59,11
gps_denied/20260928-174305,2,71.73,62.0,11
gps_denied/20260928-174305,2,73.73,67.12,11
gps_denied/20260928-174305,2,75.73,68.81,24
gps_denied/20260928-174305,2,77.73,69.6,24
gps_denied/20260928-174305,2,78.73,69.8,24
gps_denied/20260928-174305,2,80.73,70.45,24
gps_denied/20260928-174305,2,82.73,71.74,24
gps_denied/20260928-174305,2,84.73,76.68,24
gps_denied/20260928-174305,2,86.74,81.09,20
gps_denied/20260928-174305,2,88.73,82.18,20
gps_denied/20260928-174305,2,90.73,82.32,20
gps_denied/20260928-174305,2,91.74,82.51,20
gps_denied/20260928-174305,2,93.74,82.66,20
gps_denied/20260928-174305,2,94.74,82.74,20
gps_denied/20260928-174305,2,96.74,82.95,20
gps_denied/20260928-174305,2,98.74,83.43,20
gps_denied/20260928-174305,2,99.74,84.82,20
gps_denied/20260928-174305,2,101.74,92.55,20
gps_denied/20260928-174305,2,103.74,98.67,24
gps_denied/20260928-174305,2,104.74,99.91,24
gps_denied/20260928-174305,2,105.74,101.43,24
gps_denied/20260928-174305,2,107.74,102.38,24
gps_denied/20260928-174305,2,108.74,103.43,24
gps_denied/20260928-174305,2,110.74,104.68,24
gps_denied/20260928-174305,2,112.74,105.68,24
gps_denied/20260928-174305,2,114.74,107.33,24
gps_denied/20260928-174305,2,116.74,113.44,24
gps_denied/20260928-174305,2,117.74,114.92,24
gps_denied/20260928-174305,2,119.74,116.41,15
gps_denied/20260928-174305,2,121.74,117.62,15
gps_denied/20260928-174305,2,122.74,117.86,15
gps_denied/20260928-174305,2,124.74,118.42,15
gps_denied/20260928-174305,2,125.74,118.74,15
gps_denied/20260928-174305,2,127.74,119.3,15
gps_denied/20260928-174305,2,128.74,119.89,15
gps_denied/20260928-174305,2,129.74,120.54,15
gps_denied/20260928-174305,2,130.74,121.84,15
gps_denied/20260928-174305,2,132.74,127.74,15
gps_denied/20260928-174305,2,134.74,133.49,18
gps_denied/20260928-174305,2,136.74,136.07,18
gps_denied/20260928-174305,2,137.74,136.81,18
gps_denied/20260928-174305,2,138.74,137.84,18
gps_denied/20260928-174305,2,139.74,138.98,18
gps_denied/20260928-174305,2,141.74,139.78,18
gps_denied/20260928-174305,2,143.74,140.95,18
gps_denied/20260928-174305,2,144.74,141.72,18
gps_denied/20260928-174305,2,146.74,142.89,18
gps_denied/20260928-174305,2,148.74,143.31,14
gps_denied/20260928-174305,2,150.74,143.72,14
gps_denied/20260928-174305,2,152.74,143.9,14
gps_denied/20260928-174305,2,153.74,144.01,14
gps_denied/20260928-174305,2,155.74,144.14,14
gps_denied/20260928-174305,2,157.74,144.49,14
gps_denied/20260928-174305,2,158.74,144.93,14
gps_denied/20260928-174305,2,159.74,145.2,14
gps_denied/20260928-174305,2,160.74,145.98,14
gps_denied/20260928-174305,2,162.74,147.93,14
gps_denied/20260928-174305,2,164.74,150.01,14
gps_denied/20260928-174305,2,165.74,150.93,14
gps_denied/20260928-174305,2,166.74,152.7,14
gps_denied/20260928-174305,2,167.74,152.7,16
gps_denied/20260928-174305,2,168.75,154.29,16
gps_denied/20260928-174305,2,169.75,154.95,16
gps_denied/20260928-174305,2,171.75,157.64,16
gps_denied/20260928-174305,2,172.75,158.06,16
gps_denied/20260928-174305,2,174.75,159.51,16
gps_denied/20260928-174305,2,176.75,160.93,16
gps_denied/20260928-174305,2,177.75,161.95,16
gps_denied/20260928-174305,2,179.75,163.64,15
gps_denied/20260928-174305,2,181.75,164.65,15
gps_denied/20260928-174305,2,182.75,165.7,15
gps_denied/20260928-174305,2,183.75,166.61,15
gps_denied/20260928-174305,2,185.75,168.5,15
gps_denied/20260928-174305,2,187.75,170.73,15
gps_denied/20260928-174305,2,188.75,171.69,15
gps_denied/20260928-174305,2,189.75,172.13,16
gps_denied/20260928-174305,2,191.75,173.05,16
gps_denied/20260928-174305,2,192.76,174.03,16
gps_denied/20260928-174305,2,194.75,178.86,16
gps_denied/20260928-174305,2,195.75,180.29,16
gps_denied/20260928-174305,2,197.75,186.56,16
gps_denied/20260928-174305,2,198.75,187.52,16
gps_denied/20260928-174305,2,199.75,189.34,16
gps_denied/20260928-174305,2,201.75,191.99,16
gps_denied/20260928-174305,2,203.75,196.62,16
gps_denied/20260928-174305,2,204.76,199.97,16
gps_denied/20260928-174305,2,206.76,202.21,16
gps_denied/20260928-174305,2,208.75,202.93,24
gps_denied/20260928-174305,2,210.76,203.44,24
gps_denied/20260928-174305,2,211.76,203.67,24
gps_denied/20260928-174305,2,213.75,203.92,24
gps_denied/20260928-174305,2,214.75,204.11,24
gps_denied/20260928-174305,2,215.76,204.44,24
gps_denied/20260928-174305,2,217.75,208.46,24
gps_denied/20260928-174305,2,218.75,213.46,24
gps_denied/20260928-174305,2,219.75,216.26,24
gps_denied/20260928-174305,2,221.76,218.26,24
gps_denied/20260928-174305,2,222.76,218.81,24
gps_denied/20260928-174305,2,224.75,219.15,24
gps_denied/20260928-174305,2,225.76,219.22,24
gps_denied/20260928-174305,2,227.76,219.32,24
gps_denied/20260928-174305,2,228.76,219.35,8
gps_denied/20260928-174305,2,230.76,219.39,8
gps_denied/20260928-174305,2,231.76,219.43,8
gps_denied/20260928-174305,2,233.76,219.44,8
gps_denied/20260928-174305,2,235.76,219.53,8
gps_denied/20260928-174305,2,237.76,219.55,8
gps_denied/20260928-174305,2,238.76,219.55,8
gps_denied/20260928-174305,2,239.76,219.59,8
gps_denied/20260928-174305,2,241.76,219.65,8
gps_denied/20260928-174305,2,242.76,219.68,8
gps_denied/20260928-174305,2,244.76,219.71,8
gps_denied/20260928-174305,2,246.76,219.75,7
gps_denied/20260928-174305,2,247.76,219.75,7
gps_denied/20260928-174305,2,249.76,219.75,7
gps_denied/20260928-174305,2,250.76,219.77,7
gps_denied/20260928-174305,2,251.76,219.9,7
gps_denied/20260928-174305,2,253.76,220.04,7
gps_denied/20260928-174305,2,254.76,220.06,7
gps_denied/20260928-174305,2,256.76,220.07,7
gps_denied/20260928-174305,2,257.76,220.13,7
gps_denied/20260928-174305,2,259.75,220.21,7
gps_denied/20260928-174305,2,261.76,220.57,7
gps_denied/20260928-174305,2,263.77,222.22,7
gps_denied/20260928-174305,2,265.77,222.24,7
gps_denied/20260928-174305,2,267.76,222.25,7
gps_denied/20260928-174305,2,269.76,222.3,7
gps_denied/20260928-174305,2,271.76,222.31,7
gps_denied/20260928-174305,2,273.76,222.32,7
gps_denied/20260928-174305,2,275.76,222.32,7
gps_denied/20260928-174305,2,276.77,222.32,7
gps_denied/20260928-174305,2,278.76,222.32,7
gps_denied/20260928-174305,2,280.76,222.32,7
gps_denied/20260928-174305,2,281.76,222.32,7
gps_denied/20260928-174305,2,283.76,222.32,7
gps_denied/20260928-174305,2,285.75,222.32,7
gps_denied/20260928-174305,2,286.76,222.32,7
gps_enabled/20260928-174833,1,-46.18,3.46,
gps_enabled/20260928-174833,1,-44.12,3.46,
gps_enabled/20260928-174833,1,-42.18,3.46,
gps_enabled/20260928-174833,1,-40.18,3.46,
gps_enabled/20260928-174833,1,-38.18,3.46,
gps_enabled/20260928-174833,1,-36.18,3.46,
gps_enabled/20260928-174833,1,-34.18,3.46,
gps_enabled/20260928-174833,1,-32.18,3.46,
gps_enabled/20260928-174833,1,-30.18,3.46,
gps_enabled/20260928-174833,1,-28.18,3.46,
gps_enabled/20260928-174833,1,-27.18,3.46,
gps_enabled/20260928-174833,1,-25.18,3.46,
gps_enabled/20260928-174833,1,-24.18,3.46,
gps_enabled/20260928-174833,1,-23.18,3.46,
gps_enabled/20260928-174833,1,-21.18,3.46,
gps_enabled/20260928-174833,1,-20.18,3.46,
gps_enabled/20260928-174833,1,-18.18,3.46,
gps_enabled/20260928-174833,1,-17.18,3.46,
gps_enabled/20260928-174833,1,-15.18,3.46,
gps_enabled/20260928-174833,1,-14.18,3.46,
gps_enabled/20260928-174833,1,-13.18,3.46,
gps_enabled/20260928-174833,1,-12.18,3.46,
gps_enabled/20260928-174833,1,-10.18,3.46,
gps_enabled/20260928-174833,1,-9.18,3.46,
gps_enabled/20260928-174833,1,-7.18,3.46,
gps_enabled/20260928-174833,1,-5.18,3.46,
gps_enabled/20260928-174833,1,-3.18,3.46,
gps_enabled/20260928-174833,1,-2.18,3.46,
gps_enabled/20260928-174833,1,-0.18,3.46,
gps_enabled/20260928-174833,1,0.82,3.46,
gps_enabled/20260928-174833,1,2.82,3.46,
gps_enabled/20260928-174833,1,3.82,3.46,
gps_enabled/20260928-174833,1,5.82,3.46,
gps_enabled/20260928-174833,1,7.82,3.46,
gps_enabled/20260928-174833,1,8.82,3.46,
gps_enabled/20260928-174833,1,10.82,3.46,
gps_enabled/20260928-174833,1,11.82,3.46,
gps_enabled/20260928-174833,1,13.82,3.46,
gps_enabled/20260928-174833,1,15.82,3.46,
gps_enabled/20260928-174833,1,16.82,3.46,
gps_enabled/20260928-174833,1,17.82,3.46,
gps_enabled/20260928-174833,1,19.82,3.46,
gps_enabled/20260928-174833,1,21.82,3.46,1
gps_enabled/20260928-174833,1,22.82,3.46,1
gps_enabled/20260928-174833,1,24.82,3.46,1
gps_enabled/20260928-174833,1,25.82,7.33,1
gps_enabled/20260928-174833,1,26.82,10.79,4
gps_enabled/20260928-174833,1,27.82,14.73,4
gps_enabled/20260928-174833,1,28.82,16.12,4
gps_enabled/20260928-174833,1,29.82,17.76,4
gps_enabled/20260928-174833,1,31.82,18.78,14
gps_enabled/20260928-174833,1,32.82,20.0,14
gps_enabled/20260928-174833,1,33.82,20.51,14
gps_enabled/20260928-174833,1,34.82,22.02,14
gps_enabled/20260928-174833,1,35.82,23.32,14
gps_enabled/20260928-174833,1,36.82,24.25,14
gps_enabled/20260928-174833,1,37.82,27.56,14
gps_enabled/20260928-174833,1,38.82,33.35,14
gps_enabled/20260928-174833,1,39.82,35.75,14
gps_enabled/20260928-174833,1,40.82,39.1,14
gps_enabled/20260928-174833,1,42.82,42.66,14
gps_enabled/20260928-174833,1,43.82,44.11,22
gps_enabled/20260928-174833,1,44.82,44.64,22
gps_enabled/20260928-174833,1,45.82,44.64,22
gps_enabled/20260928-174833,1,46.82,45.23,22
gps_enabled/20260928-174833,1,48.82,46.55,22
gps_enabled/20260928-174833,1,50.82,47.58,22
gps_enabled/20260928-174833,1,51.82,48.02,22
gps_enabled/20260928-174833,1,52.82,48.31,22
gps_enabled/20260928-174833,1,53.82,48.39,22
gps_enabled/20260928-174833,1,55.82,48.73,22
gps_enabled/20260928-174833,1,57.82,49.28,22
gps_enabled/20260928-174833,1,58.82,49.89,22
gps_enabled/20260928-174833,1,59.82,50.5,22
gps_enabled/20260928-174833,1,61.82,51.01,22
gps_enabled/20260928-174833,1,62.82,51.16,22
gps_enabled/20260928-174833,1,63.82,51.47,6
gps_enabled/20260928-174833,1,64.82,51.66,6
gps_enabled/20260928-174833,1,66.82,52.02,6
gps_enabled/20260928-174833,1,67.82,52.45,6
gps_enabled/20260928-174833,1,69.82,55.74,6
gps_enabled/20260928-174833,1,70.82,61.01,6
gps_enabled/20260928-174833,1,71.82,63.24,6
gps_enabled/20260928-174833,1,73.82,66.79,6
gps_enabled/20260928-174833,1,74.82,67.54,6
gps_enabled/20260928-174833,1,76.82,70.4,6
gps_enabled/20260928-174833,1,78.82,71.39,6
gps_enabled/20260928-174833,1,79.82,71.53,23
gps_enabled/20260928-174833,1,80.82,71.71,23
gps_enabled/20260928-174833,1,82.82,72.07,23
gps_enabled/20260928-174833,1,83.82,72.33,23
gps_enabled/20260928-174833,1,84.83,72.55,23
gps_enabled/20260928-174833,1,86.83,72.72,23
gps_enabled/20260928-174833,1,88.83,72.9,23
gps_enabled/20260928-174833,1,90.82,73.15,23
gps_enabled/20260928-174833,1,92.83,74.0,23
gps_enabled/20260928-174833,1,94.83,76.88,23
gps_enabled/20260928-174833,1,96.83,84.79,23
gps_enabled/20260928-174833,1,97.83,87.23,23
gps_enabled/20260928-174833,1,98.83,90.74,17
gps_enabled/20260928-174833,1,100.83,94.4,17
gps_enabled/20260928-174833,1,102.83,97.31,17
gps_enabled/20260928-174833,1,103.83,97.9,17
gps_enabled/20260928-174833,1,105.83,99.83,17
gps_enabled/20260928-174833,1,106.83,102.75,17
gps_enabled/20260928-174833,1,108.83,108.59,17
gps_enabled/20260928-174833,1,110.83,110.58,20
gps_enabled/20260928-174833,1,111.83,110.81,20
gps_enabled/20260928-174833,1,113.83,111.29,20
gps_enabled/20260928-174833,1,114.83,111.64,20
gps_enabled/20260928-174833,1,116.83,111.97,20
gps_enabled/20260928-174833,1,118.83,112.41,20
gps_enabled/20260928-174833,1,119.83,112.82,20
gps_enabled/20260928-174833,1,121.83,113.37,20
gps_enabled/20260928-174833,1,122.83,113.66,20
gps_enabled/20260928-174833,1,124.83,117.92,20
gps_enabled/20260928-174833,1,126.83,131.31,20
gps_enabled/20260928-174833,1,128.83,138.61,27
gps_enabled/20260928-174833,1,130.83,145.64,27
gps_enabled/20260928-174833,1,132.83,146.04,27
gps_enabled/20260928-174833,1,133.83,146.58,27
gps_enabled/20260928-174833,1,134.84,148.64,27
gps_enabled/20260928-174833,1,135.84,149.08,27
gps_enabled/20260928-174833,1,137.84,152.97,27
gps_enabled/20260928-174833,1,139.83,159.63,27
gps_enabled/20260928-174833,1,140.84,162.06,27
gps_enabled/20260928-174833,1,142.84,164.39,27
gps_enabled/20260928-174833,1,143.84,165.79,27
gps_enabled/20260928-174833,1,144.84,166.94,27
gps_enabled/20260928-174833,1,146.84,167.77,27
gps_enabled/20260928-174833,1,147.84,167.99,27
gps_enabled/20260928-174833,1,148.84,168.18,27
gps_enabled/20260928-174833,1,150.84,168.33,43
gps_enabled/20260928-174833,1,152.84,168.4,43
gps_enabled/20260928-174833,1,154.84,168.46,43
gps_enabled/20260928-174833,1,155.84,168.48,43
gps_enabled/20260928-174833,1,157.83,168.51,43
gps_enabled/20260928-174833,1,158.84,168.52,43
gps_enabled/20260928-174833,1,160.84,168.59,43
gps_enabled/20260928-174833,1,162.84,168.62,31
gps_enabled/20260928-174833,1,164.84,168.62,31
gps_enabled/20260928-174833,1,166.84,168.62,31
gps_enabled/20260928-174833,1,168.84,168.62,31
gps_enabled/20260928-174833,1,169.84,168.62,31
gps_enabled/20260928-174833,1,170.84,168.62,31
gps_enabled/20260928-174833,1,172.84,168.62,31
gps_enabled/20260928-174833,1,173.84,168.63,31
gps_enabled/20260928-174833,1,175.84,168.65,31
gps_enabled/20260928-174833,1,176.84,168.7,31
gps_enabled/20260928-174833,1,178.84,168.84,31
gps_enabled/20260928-174833,1,179.84,169.04,31
gps_enabled/20260928-174833,1,181.84,169.8,31
gps_enabled/20260928-174833,1,182.84,170.56,31
gps_enabled/20260928-174833,1,184.84,171.62,31
gps_enabled/20260928-174833,1,186.84,172.29,31
gps_enabled/20260928-174833,1,187.84,172.66,31
gps_enabled/20260928-174833,1,188.84,173.11,31
gps_enabled/20260928-174833,1,190.84,173.92,30
gps_enabled/20260928-174833,1,192.84,174.29,30
gps_enabled/20260928-174833,1,193.84,174.38,30
gps_enabled/20260928-174833,1,194.84,174.55,30
gps_enabled/20260928-174833,1,195.84,174.6,30
gps_enabled/20260928-174833,1,197.84,174.89,30
gps_enabled/20260928-174833,1,199.84,175.14,30
gps_enabled/20260928-174833,1,200.84,175.23,30
gps_enabled/20260928-174833,1,201.84,175.3,30
gps_enabled/20260928-174833,1,202.85,175.34,29
gps_enabled/20260928-174833,1,204.84,175.41,29
gps_enabled/20260928-174833,1,205.85,175.46,29
gps_enabled/20260928-174833,1,207.84,175.46,29
gps_enabled/20260928-174833,1,208.84,175.46,29
gps_enabled/20260928-174833,1,210.84,175.46,29
gps_enabled/20260928-174833,1,211.84,175.46,29
gps_enabled/20260928-174833,1,213.84,175.46,29
gps_enabled/20260928-174833,1,214.84,175.46,29
gps_enabled/20260928-174833,1,216.84,175.46,29
gps_enabled/20260928-174833,1,218.84,175.48,29
gps_enabled/20260928-174833,1,220.84,175.48,29
gps_enabled/20260928-174833,1,222.84,175.48,29
gps_enabled/20260928-174833,1,224.85,175.48,29
gps_enabled/20260928-174833,1,226.84,175.48,29
gps_enabled/20260928-174833,1,227.84,175.48,29
gps_enabled/20260928-174833,1,229.85,175.48,29
gps_enabled/20260928-174833,1,231.84,175.48,29
gps_enabled/20260928-174833,1,233.84,175.48,29
gps_enabled/20260928-174833,1,235.84,175.48,29
gps_enabled/20260928-174833,1,236.84,175.49,29
gps_enabled/20260928-174833,1,238.84,175.49,29
gps_enabled/20260928-174833,1,239.85,175.49,29
gps_enabled/20260928-174833,1,241.84,175.49,29
gps_enabled/20260928-174833,1,242.85,175.49,29
gps_enabled/20260928-174833,1,244.84,175.49,29
gps_enabled/20260928-174833,1,245.84,175.49,29
gps_enabled/20260928-174833,1,247.85,175.49,29
gps_enabled/20260928-174833,1,249.84,175.49,29
gps_enabled/20260928-174833,1,251.84,175.49,29
gps_enabled/20260928-174833,1,253.84,175.49,29
gps_enabled/20260928-174833,1,254.85,175.49,29
gps_enabled/20260928-174833,1,256.85,175.49,29
gps_enabled/20260928-174833,1,258.84,175.49,29
gps_enabled/20260928-174833,1,259.84,175.49,29
gps_enabled/20260928-174833,1,261.84,175.49,29
gps_enabled/20260928-174833,1,263.84,175.49,29
gps_enabled/20260928-174833,1,264.84,175.49,29
gps_enabled/20260928-174833,1,265.84,175.49,29
gps_enabled/20260928-174833,1,267.84,175.49,29
gps_enabled/20260928-174833,1,269.84,175.49,29
gps_enabled/20260928-174833,1,270.84,175.49,29
gps_enabled/20260928-174833,1,271.84,175.49,29
gps_enabled/20260928-174833,1,272.84,175.49,29
gps_enabled/20260928-174833,1,274.84,175.49,29
gps_enabled/20260928-174833,1,276.84,175.49,29
gps_enabled/20260928-174833,1,277.85,175.49,29
gps_enabled/20260928-174833,1,279.84,175.52,29
gps_enabled/20260928-174833,1,281.84,175.52,29
gps_enabled/20260928-174833,1,283.85,175.52,29
gps_enabled/20260928-174833,1,285.84,175.52,29
gps_enabled/20260928-174833,1,286.84,175.52,29
gps_enabled/20260928-174833,1,287.84,175.52,29
gps_enabled/20260928-174833,1,289.85,175.52,29
gps_enabled/20260928-174833,1,291.84,175.52,29
gps_enabled/20260928-174833,1,293.84,175.52,29
gps_enabled/20260928-174833,1,294.84,175.52,29
gps_enabled/20260928-174833,1,295.85,175.52,29
gps_enabled/20260928-174833,1,297.85,175.52,29
gps_enabled/20260928-174833,1,299.84,175.52,29
gps_enabled/20260928-174833,1,301.84,175.52,29
gps_enabled/20260928-174833,1,303.84,175.52,29
gps_enabled/20260928-174833,1,304.84,175.52,29
gps_enabled/20260928-174833,1,306.84,175.52,29
gps_enabled/20260928-174833,1,307.84,175.52,29
gps_enabled/20260928-174833,1,308.85,175.52,29
gps_enabled/20260928-174833,1,310.84,175.52,29
gps_enabled/20260928-174833,1,311.85,175.52,29
gps_enabled/20260928-174833,1,313.84,175.52,29
gps_enabled/20260928-174833,1,314.84,175.52,29
gps_enabled/20260928-174833,1,315.85,175.52,29
gps_enabled/20260928-174833,1,317.84,175.52,29
gps_enabled/20260928-174833,1,318.85,175.52,29
gps_enabled/20260928-174833,1,319.85,175.52,29
gps_enabled/20260928-174833,1,320.85,175.52,29
gps_enabled/20260928-174833,1,322.84,175.52,29
gps_enabled/20260928-174833,1,323.85,175.52,29
gps_enabled/20260928-174833,1,324.85,175.52,29
gps_enabled/20260928-174833,1,326.84,175.52,29
gps_enabled/20260928-174833,1,327.85,175.52,29
gps_enabled/20260928-174833,1,329.85,175.52,29
gps_enabled/20260928-174833,1,331.85,175.52,29
gps_enabled/20260928-174833,1,333.84,175.52,29
gps_enabled/20260928-174833,1,335.85,175.52,29
gps_enabled/20260928-174833,1,337.84,175.52,29
gps_enabled/20260928-174833,1,339.84,175.52,29
gps_enabled/20260928-174833,1,340.84,175.52,29
gps_enabled/20260928-174833,1,342.84,175.52,29
gps_enabled/20260928-174833,1,343.84,175.52,29
gps_enabled/20260928-174833,1,345.84,175.52,29
gps_enabled/20260928-174833,1,346.84,175.52,29
gps_enabled/20260928-174833,1,348.84,175.52,29
gps_enabled/20260928-174833,1,349.84,175.52,29
gps_enabled/20260928-174833,1,350.85,175.52,29
gps_enabled/20260928-174833,1,352.84,175.52,29
gps_enabled/20260928-174833,1,354.84,175.52,29
gps_enabled/20260928-174833,1,356.84,175.52,29
gps_enabled/20260928-174833,1,357.85,175.52,29
gps_enabled/20260928-174833,1,359.84,175.52,29
gps_enabled/20260928-174833,1,360.84,175.52,29
gps_enabled/20260928-174833,1,362.84,175.54,29
gps_enabled/20260928-174833,1,363.84,175.54,29
gps_enabled/20260928-174833,1,365.85,175.54,29
gps_enabled/20260928-174833,1,367.84,175.54,29
gps_enabled/20260928-174833,1,368.84,175.54,29
gps_enabled/20260928-174833,1,369.84,175.54,29
gps_enabled/20260928-174833,1,371.84,175.54,29
gps_enabled/20260928-174833,1,372.84,175.54,29
gps_enabled/20260928-174833,1,374.84,175.54,29
gps_enabled/20260928-174833,1,375.84,175.54,29
gps_enabled/20260928-174833,1,376.84,175.54,29
gps_enabled/20260928-174833,1,378.84,175.54,29
gps_enabled/20260928-174833,1,380.84,175.54,29
gps_enabled/20260928-174833,1,381.84,175.54,29
gps_enabled/20260928-174833,1,383.84,175.54,29
gps_enabled/20260928-174833,1,385.84,175.54,29
gps_enabled/20260928-174833,1,387.84,175.54,29
gps_enabled/20260928-174833,1,389.84,175.54,29
gps_enabled/20260928-174833,1,390.84,175.54,29
gps_enabled/20260928-174833,1,391.85,175.54,29
gps_enabled/20260928-174833,1,393.84,175.54,29
gps_enabled/20260928-174833,1,395.84,175.54,29
gps_enabled/20260928-174833,1,396.84,175.54,29
gps_enabled/20260928-174833,1,398.85,175.54,29
gps_enabled/20260928-174833,1,400.85,175.54,29
gps_enabled/20260928-174833,1,402.84,175.54,29
gps_enabled/20260928-174833,1,403.84,175.54,29
gps_enabled/20260928-174833,1,404.85,175.54,29
gps_enabled/20260928-174833,1,406.84,175.54,29
gps_enabled/20260928-174833,1,407.84,175.54,29
gps_enabled/20260928-174833,1,409.85,175.54,29
gps_enabled/20260928-174833,1,411.84,175.54,29
gps_enabled/20260928-174833,1,412.84,175.54,29
gps_enabled/20260928-174833,1,414.84,175.54,29
gps_enabled/20260928-174833,1,415.84,175.54,29
gps_enabled/20260928-174833,1,417.84,175.54,29
gps_enabled/20260928-174833,1,418.84,175.54,29
gps_enabled/20260928-174833,1,419.84,175.54,29
gps_enabled/20260928-174833,1,421.84,175.54,29
gps_enabled/20260928-174833,1,422.84,175.54,29
gps_enabled/20260928-174833,1,423.84,175.54,29
gps_enabled/20260928-174833,1,425.84,175.54,29
gps_enabled/20260928-174833,1,426.85,175.54,29
gps_enabled/20260928-174833,1,428.84,175.54,29
gps_enabled/20260928-174833,1,429.84,175.54,29
gps_enabled/20260928-174833,1,431.84,175.54,29
gps_enabled/20260928-174833,1,433.84,175.56,29
gps_enabled/20260928-174833,1,434.85,175.56,29
gps_enabled/20260928-174833,1,436.84,175.56,29
gps_enabled/20260928-174833,1,437.85,175.56,29
gps_enabled/20260928-174833,1,439.85,175.56,29
gps_enabled/20260928-174833,1,441.84,175.56,29
gps_enabled/20260928-174833,1,442.84,175.56,29
gps_enabled/20260928-174833,1,443.84,175.56,29
gps_enabled/20260928-174833,1,445.84,175.56,29
gps_enabled/20260928-174833,1,447.84,175.56,29
gps_enabled/20260928-174833,1,449.84,175.56,29
gps_enabled/20260928-174833,1,450.84,175.56,29
gps_enabled/20260928-174833,1,452.84,175.56,29
gps_enabled/20260928-174833,1,453.84,175.56,29
gps_enabled/20260928-174833,1,455.84,175.56,29
gps_enabled/20260928-174833,1,456.84,175.56,29
gps_enabled/20260928-174833,1,458.84,175.56,29
gps_enabled/20260928-174833,1,459.84,175.56,29
gps_enabled/20260928-174833,1,460.84,175.56,29
gps_enabled/20260928-174833,1,461.84,175.56,29
gps_enabled/20260928-174833,1,463.84,175.56,29
gps_enabled/20260928-174833,1,465.84,175.56,29
gps_enabled/20260928-174833,1,467.84,175.56,29
gps_enabled/20260928-174833,1,468.84,175.56,29
gps_enabled/20260928-174833,1,470.84,175.56,29
gps_enabled/20260928-174833,1,472.84,175.56,29
gps_enabled/20260928-174833,1,473.84,175.56,29
gps_enabled/20260928-174833,1,474.84,175.56,29
gps_enabled/20260928-174833,1,475.84,175.56,29
gps_enabled/20260928-174833,1,477.84,175.56,29
gps_enabled/20260928-174833,1,479.84,175.56,29
gps_enabled/20260928-174833,1,480.84,175.56,29
gps_enabled/20260928-174833,1,482.84,175.56,29
gps_enabled/20260928-174833,1,483.84,175.56,29
gps_enabled/20260928-174833,1,485.85,175.56,29
gps_enabled/20260928-174833,1,487.84,175.56,29
gps_enabled/20260928-174833,1,488.84,175.56,29
gps_enabled/20260928-174833,1,490.84,175.56,29
gps_enabled/20260928-174833,1,491.85,175.56,29
gps_enabled/20260928-174833,1,493.84,175.56,29
gps_enabled/20260928-174833,1,494.84,175.56,29
gps_enabled/20260928-174833,1,495.84,175.56,29
gps_enabled/20260928-174833,1,497.85,175.56,29
gps_enabled/20260928-174833,1,499.84,175.56,29
gps_enabled/20260928-174833,1,501.84,175.56,29
gps_enabled/20260928-174833,1,503.84,175.56,29
gps_enabled/20260928-174833,1,504.84,175.56,29
gps_enabled/20260928-174833,1,506.84,175.56,29
gps_enabled/20260928-174833,1,507.85,175.56,29
gps_enabled/20260928-174833,1,509.84,175.56,29
gps_enabled/20260928-174833,1,511.84,175.56,29
gps_enabled/20260928-174833,1,513.84,175.56,29
gps_enabled/20260928-174833,1,514.84,175.56,29
gps_enabled/20260928-174833,1,515.84,175.56,29
gps_enabled/20260928-174833,1,516.84,175.56,29
gps_enabled/20260928-174833,1,518.84,175.56,29
gps_enabled/20260928-174833,1,519.84,175.56,29
gps_enabled/20260928-174833,1,521.84,175.56,29
gps_enabled/20260928-174833,1,523.84,175.56,29
gps_enabled/20260928-174833,1,525.84,175.56,29
gps_enabled/20260928-174833,1,526.84,175.56,29
gps_enabled/20260928-174833,1,528.84,175.56,29
gps_enabled/20260928-174833,1,529.84,175.56,29
gps_enabled/20260928-174833,1,530.84,175.56,29
gps_enabled/20260928-174833,1,531.85,175.56,29
gps_enabled/20260928-174833,1,533.84,175.56,29
gps_enabled/20260928-174833,1,534.85,175.56,29
gps_enabled/20260928-174833,1,536.84,175.56,29
gps_enabled/20260928-174833,1,537.84,175.56,29
gps_enabled/20260928-174833,1,538.84,175.56,29
gps_enabled/20260928-174833,1,539.85,175.56,29
gps_enabled/20260928-174833,1,541.85,175.56,29
gps_enabled/20260928-174833,1,543.84,175.56,29
gps_enabled/20260928-174833,1,544.85,175.56,29
gps_enabled/20260928-174833,1,545.85,175.56,29
gps_enabled/20260928-174833,1,547.84,175.56,29
gps_enabled/20260928-174833,1,548.85,175.56,29
gps_enabled/20260928-174833,1,550.84,175.56,29
gps_enabled/20260928-174833,1,551.85,175.56,29
gps_enabled/20260928-174833,1,552.85,175.56,29
gps_enabled/20260928-174833,1,554.84,175.56,29
gps_enabled/20260928-174833,1,555.85,175.56,29
gps_enabled/20260928-174833,1,556.85,175.56,29
gps_enabled/20260928-174833,1,558.84,175.56,29
gps_enabled/20260928-174833,1,559.84,175.56,29
gps_enabled/20260928-174833,1,560.84,175.56,29
gps_enabled/20260928-174833,1,562.84,175.56,29
gps_enabled/20260928-174833,1,564.84,175.56,29
gps_enabled/20260928-174833,1,566.84,175.56,29
gps_enabled/20260928-174833,1,567.84,175.56,29
gps_enabled/20260928-174833,1,569.84,175.56,29
gps_enabled/20260928-174833,1,571.84,175.56,29
gps_enabled/20260928-174833,1,572.84,175.56,29
gps_enabled/20260928-174833,1,574.84,175.56,29
gps_enabled/20260928-174833,1,576.85,175.56,29
gps_enabled/20260928-174833,1,578.84,175.56,29
gps_enabled/20260928-174833,1,580.84,175.56,29
gps_enabled/20260928-174833,1,581.84,175.56,29
gps_enabled/20260928-174833,1,582.84,175.56,29
gps_enabled/20260928-174833,1,584.84,175.56,29
gps_enabled/20260928-174833,1,585.85,175.56,29
gps_enabled/20260928-174833,1,587.84,175.56,29
gps_enabled/20260928-174833,1,589.84,175.56,29
gps_enabled/20260928-174833,1,590.84,175.56,29
gps_enabled/20260928-174833,1,591.84,175.56,29
gps_enabled/20260928-174833,1,592.84,175.56,29
gps_enabled/20260928-174833,1,593.84,175.56,29
gps_enabled/20260928-174833,1,594.84,175.56,29
gps_enabled/20260928-174833,1,596.84,175.56,29
gps_enabled/20260928-174833,1,597.84,175.56,29
gps_enabled/20260928-174833,1,598.84,175.56,29
gps_enabled/20260928-174833,1,599.84,175.56,29
gps_enabled/20260928-174833,1,601.84,175.56,29
gps_enabled/20260928-174833,1,602.84,175.56,29
gps_enabled/20260928-174833,1,603.84,175.56,29
gps_enabled/20260928-174833,1,605.84,175.56,29
gps_enabled/20260928-174833,1,606.84,175.56,29
gps_enabled/20260928-174833,1,607.84,175.56,29
gps_enabled/20260928-174833,1,609.84,175.56,29
gps_enabled/20260928-174833,1,610.85,175.56,29
gps_enabled/20260928-174833,1,612.84,175.56,29
gps_enabled/20260928-174833,1,613.85,175.56,29
gps_enabled/20260928-174833,1,615.85,175.56,29
gps_enabled/20260928-174833,1,617.84,175.56,29
gps_enabled/20260928-174833,1,618.84,175.56,29
gps_enabled/20260928-174833,1,619.85,175.56,29
gps_enabled/20260928-174833,1,621.84,175.56,29
gps_enabled/20260928-174833,1,622.84,175.56,29
gps_enabled/20260928-174833,1,623.84,175.56,29
gps_enabled/20260928-174833,1,625.84,175.56,29
gps_enabled/20260928-174833,1,626.84,175.56,29
gps_enabled/20260928-174833,1,628.84,175.56,29
gps_enabled/20260928-174833,1,629.84,175.56,29
gps_enabled/20260928-174833,1,631.84,175.56,29
gps_enabled/20260928-174833,1,632.85,175.56,29
gps_enabled/20260928-174833,1,634.85,175.56,29
gps_enabled/20260928-174833,1,635.85,175.56,29
gps_enabled/20260928-174833,1,637.84,175.56,29
gps_enabled/20260928-174833,1,638.84,175.56,29
gps_enabled/20260928-174833,1,639.85,175.56,29
gps_enabled/20260928-174833,1,641.84,175.56,29
gps_enabled/20260928-174833,1,642.84,175.56,29
gps_enabled/20260928-174833,1,644.84,175.56,29
gps_enabled/20260928-174833,1,645.85,175.56,29
gps_enabled/20260928-174833,1,646.85,175.56,29
gps_enabled/20260928-174833,1,648.84,175.56,29
gps_enabled/20260928-174833,1,650.84,175.56,29
gps_enabled/20260928-174833,1,651.84,175.56,29
gps_enabled/20260928-174833,1,653.84,175.56,29
gps_enabled/20260928-174833,1,654.84,175.56,29
gps_enabled/20260928-174833,1,656.84,175.56,29
gps_enabled/20260928-174833,1,658.84,175.56,29
gps_enabled/20260928-174833,1,659.84,175.56,29
gps_enabled/20260928-174833,1,661.84,175.56,29
gps_enabled/20260928-174833,1,663.84,175.56,29
gps_enabled/20260928-174833,1,664.84,175.56,29
gps_enabled/20260928-174833,1,665.84,175.56,29
gps_enabled/20260928-174833,1,666.84,175.56,29
gps_enabled/20260928-174833,1,667.85,175.56,29
gps_enabled/20260928-174833,1,669.84,175.56,29
gps_enabled/20260928-174833,1,670.85,175.56,29
gps_enabled/20260928-174833,1,672.84,175.56,29
gps_enabled/20260928-174833,1,673.84,175.56,29
gps_enabled/20260928-174833,1,674.85,175.56,29
gps_enabled/20260928-174833,1,676.84,175.56,29
gps_enabled/20260928-174833,1,678.84,175.56,29
gps_enabled/20260928-174833,1,679.85,175.56,29
gps_enabled/20260928-174833,1,681.84,175.56,29
gps_enabled/20260928-174833,1,683.84,175.56,29
gps_enabled/20260928-174833,1,685.84,175.56,29
gps_enabled/20260928-174833,1,686.85,175.56,29
gps_enabled/20260928-174833,1,688.85,175.56,29
gps_enabled/20260928-174833,1,689.85,175.56,29
gps_enabled/20260928-174833,1,691.85,175.56,29
gps_enabled/20260928-174833,1,693.84,175.56,29
gps_enabled/20260928-174833,1,694.85,175.56,29
gps_enabled/20260928-174833,1,696.84,175.56,29
gps_enabled/20260928-174833,1,697.85,175.56,29
gps_enabled/20260928-174833,1,698.85,175.56,29
gps_enabled/20260928-174833,1,700.84,175.56,29
gps_enabled/20260928-174833,1,701.84,175.56,29
gps_enabled/20260928-174833,1,702.84,175.56,29
gps_enabled/20260928-174833,1,704.84,175.56,29
gps_enabled/20260928-174833,1,705.84,175.56,29
gps_enabled/20260928-174833,1,706.85,175.56,29
gps_enabled/20260928-174833,1,708.84,175.56,29
gps_enabled/20260928-174833,1,709.85,175.56,29
gps_enabled/20260928-174833,1,711.84,175.56,29
gps_enabled/20260928-174833,1,712.85,175.56,29
gps_enabled/20260928-174833,1,714.84,175.56,29
gps_enabled/20260928-174833,1,715.84,175.56,29
gps_enabled/20260928-174833,1,716.84,175.56,29
gps_enabled/20260928-174833,1,718.84,175.56,29
gps_enabled/20260928-174833,1,720.84,175.56,29
gps_enabled/20260928-174833,1,721.84,175.56,29
gps_enabled/20260928-174833,1,722.84,175.56,29
gps_enabled/20260928-174833,1,724.84,175.56,29
gps_enabled/20260928-174833,1,726.84,175.56,29
gps_enabled/20260928-174833,1,727.84,175.56,29
gps_enabled/20260928-174833,1,729.84,175.56,29
gps_enabled/20260928-174833,1,730.84,175.56,29
gps_enabled/20260928-174833,1,731.85,175.56,29
gps_enabled/20260928-174833,1,732.85,175.56,29
gps_enabled/20260928-174833,1,733.85,175.56,29
gps_enabled/20260928-174833,1,735.84,175.59,29
gps_enabled/20260928-174833,1,736.84,175.59,29
gps_enabled/20260928-174833,1,737.84,175.59,29
gps_enabled/20260928-174833,1,739.85,175.59,29
gps_enabled/20260928-174833,1,741.85,175.59,29
gps_enabled/20260928-174833,1,743.85,175.59,29
gps_enabled/20260928-174833,1,744.85,175.59,29
gps_enabled/20260928-174833,1,745.85,175.59,29
gps_enabled/20260928-174833,1,747.84,175.59,29
gps_enabled/20260928-174833,1,749.84,175.59,29
gps_enabled/20260928-174833,1,751.84,175.59,29
gps_enabled/20260928-174833,1,753.85,175.59,29
gps_enabled/20260928-174833,1,755.85,175.59,29
gps_enabled/20260928-174833,1,757.84,175.59,29
gps_enabled/20260928-174833,1,758.84,175.59,29
gps_enabled/20260928-174833,1,760.84,175.59,29
gps_enabled/20260928-174833,1,761.84,175.59,29
gps_enabled/20260928-174833,1,763.84,175.59,29
gps_enabled/20260928-174833,1,765.84,175.59,29
gps_enabled/20260928-174833,1,766.84,175.59,29
gps_enabled/20260928-174833,1,768.84,175.59,29
gps_enabled/20260928-174833,1,769.84,175.59,29
gps_enabled/20260928-174833,1,770.84,175.59,29
gps_enabled/20260928-174833,1,772.84,175.59,29
gps_enabled/20260928-174833,1,774.84,175.59,29
gps_enabled/20260928-174833,1,776.84,175.59,29
gps_enabled/20260928-174833,1,778.84,175.59,29
gps_enabled/20260928-174833,1,779.84,175.59,29
gps_enabled/20260928-174833,1,781.84,175.59,29
gps_enabled/20260928-174833,1,782.84,175.59,29
gps_enabled/20260928-174833,1,783.84,175.59,29
gps_enabled/20260928-174833,1,784.85,175.59,29
gps_enabled/20260928-174833,1,786.85,175.59,29
gps_enabled/20260928-174833,1,788.84,175.59,29
gps_enabled/20260928-174833,1,789.84,175.59,29
gps_enabled/20260928-174833,1,791.84,175.59,29
gps_enabled/20260928-174833,1,793.84,175.59,29
gps_enabled/20260928-174833,1,794.84,175.59,29
gps_enabled/20260928-174833,1,795.85,175.59,29
gps_enabled/20260928-174833,1,797.84,175.59,29
gps_enabled/20260928-174833,1,798.85,175.59,29
gps_enabled/20260928-174833,1,800.84,175.59,29
gps_enabled/20260928-174833,1,802.84,175.59,29
gps_enabled/20260928-174833,1,803.84,175.59,29
gps_enabled/20260928-174833,1,804.84,175.59,29
gps_enabled/20260928-174833,1,805.85,175.59,29
gps_enabled/20260928-174833,1,806.85,175.59,29
gps_enabled/20260928-174833,1,808.84,175.59,29
gps_enabled/20260928-174833,1,810.85,175.59,29
gps_enabled/20260928-174833,1,812.84,175.59,29
gps_enabled/20260928-174833,1,813.85,175.59,29
gps_enabled/20260928-174833,1,815.85,175.59,29
gps_enabled/20260928-174833,1,817.84,175.59,29
gps_enabled/20260928-174833,1,819.85,175.59,29
gps_enabled/20260928-174833,1,821.84,175.59,29
gps_enabled/20260928-174833,1,823.85,175.59,29
gps_enabled/20260928-174833,1,825.85,175.59,29
gps_enabled/20260928-174833,1,827.84,175.59,29
gps_enabled/20260928-174833,1,828.84,175.59,29
gps_enabled/20260928-174833,1,830.84,175.59,29
gps_enabled/20260928-174833,1,831.84,175.59,29
gps_enabled/20260928-174833,1,833.84,175.59,29
gps_enabled/20260928-174833,1,834.84,175.59,29
gps_enabled/20260928-174833,1,835.84,175.59,29
gps_enabled/20260928-174833,1,836.85,175.59,29
gps_enabled/20260928-174833,1,837.85,175.59,29
gps_enabled/20260928-174833,1,839.84,175.59,29
gps_enabled/20260928-174833,1,840.85,175.59,29
gps_enabled/20260928-174833,1,842.84,175.59,29
gps_enabled/20260928-174833,1,844.85,175.59,29
gps_enabled/20260928-174833,1,846.84,175.59,29
gps_enabled/20260928-174833,1,847.84,175.59,29
gps_enabled/20260928-174833,1,848.84,175.59,29
gps_enabled/20260928-174833,1,850.84,175.59,29
gps_enabled/20260928-174833,1,851.84,175.59,29
gps_enabled/20260928-174833,1,853.84,175.59,29
gps_enabled/20260928-174833,1,855.84,175.59,29
gps_enabled/20260928-174833,1,856.84,175.59,29
gps_enabled/20260928-174833,1,857.84,175.59,29
gps_enabled/20260928-174833,1,858.84,175.59,29
gps_enabled/20260928-174833,1,860.84,175.59,29
gps_enabled/20260928-174833,1,861.84,175.59,29
gps_enabled/20260928-174833,1,862.84,175.59,29
gps_enabled/20260928-174833,1,864.85,175.59,29
gps_enabled/20260928-174833,1,866.84,175.59,29
gps_enabled/20260928-174833,1,867.84,175.59,29
gps_enabled/20260928-174833,1,868.85,175.59,29
gps_enabled/20260928-174833,1,870.85,175.59,29
gps_enabled/20260928-174833,1,872.84,175.59,29
gps_enabled/20260928-174833,1,874.85,175.59,29
gps_enabled/20260928-174833,1,876.84,175.59,29
gps_enabled/20260928-174833,1,877.85,175.59,29
gps_enabled/20260928-174833,1,879.85,175.59,29
gps_enabled/20260928-174833,1,881.84,175.59,29
gps_enabled/20260928-174833,1,882.84,175.59,29
gps_enabled/20260928-174833,1,883.84,175.59,29
gps_enabled/20260928-174833,1,885.84,175.59,29
gps_enabled/20260928-174833,1,886.85,175.59,29
gps_enabled/20260928-174833,1,887.85,175.59,29
gps_enabled/20260928-174833,1,889.84,175.59,29
gps_enabled/20260928-174833,1,891.84,175.59,29
gps_enabled/20260928-174833,1,893.85,175.59,29
gps_enabled/20260928-174833,1,895.84,175.59,29
gps_enabled/20260928-174833,1,896.84,175.59,29
gps_enabled/20260928-174833,1,898.84,175.59,29
gps_enabled/20260928-174833,1,899.85,175.59,29
gps_enabled/20260928-174833,1,901.84,175.59,29
gps_enabled/20260928-174833,1,903.84,175.59,29
gps_enabled/20260928-174833,1,904.85,175.59,29
gps_enabled/20260928-174833,1,906.84,175.59,29
gps_enabled/20260928-174833,1,908.84,175.59,29
gps_enabled/20260928-174833,1,909.84,175.59,29
gps_enabled/20260928-174833,1,911.84,175.59,29
gps_enabled/20260928-174833,1,913.84,175.59,29
gps_enabled/20260928-174833,1,914.84,175.59,29
gps_enabled/20260928-174833,1,916.85,175.59,29
gps_enabled/20260928-174833,1,918.84,175.59,29
gps_enabled/20260928-174833,1,920.84,175.59,29
gps_enabled/20260928-174833,1,921.85,175.59,29
gps_enabled/20260928-174833,1,923.85,175.59,29
gps_enabled/20260928-174833,1,925.85,175.59,29
gps_enabled/20260928-174833,1,926.85,175.59,29
gps_enabled/20260928-174833,1,928.84,175.59,29
gps_enabled/20260928-174833,1,929.84,175.59,29
gps_enabled/20260928-174833,1,931.84,175.59,29
gps_enabled/20260928-174833,1,932.84,175.59,29
gps_enabled/20260928-174833,1,934.84,175.59,29
gps_enabled/20260928-174833,1,935.84,175.59,29
gps_enabled/20260928-174833,1,936.84,175.59,29
gps_enabled/20260928-174833,1,938.84,175.59,29
gps_enabled/20260928-174833,1,940.84,175.59,29
gps_enabled/20260928-174833,1,942.84,175.59,29
gps_enabled/20260928-174833,1,943.84,175.59,29
gps_enabled/20260928-174833,1,945.84,175.59,29
gps_enabled/20260928-174833,1,946.84,175.59,29
gps_enabled/20260928-174833,1,947.84,175.59,29
gps_enabled/20260928-174833,1,948.84,175.59,29
gps_enabled/20260928-174833,1,950.84,175.59,29
gps_enabled/20260928-174833,1,951.84,175.59,29
gps_enabled/20260928-174833,1,952.84,175.59,29
gps_enabled/20260928-174833,1,954.84,175.59,29
gps_enabled/20260928-174833,1,956.85,175.59,29
gps_enabled/20260928-174833,1,958.84,175.59,29
gps_enabled/20260928-174833,1,960.84,175.59,29
gps_enabled/20260928-174833,1,961.84,175.59,29
gps_enabled/20260928-174833,1,962.84,175.59,29
gps_enabled/20260928-174833,1,964.84,175.59,29
gps_enabled/20260928-174833,1,965.85,175.59,29
gps_enabled/20260928-174833,1,967.84,175.59,29
gps_enabled/20260928-174833,1,969.84,175.59,29
gps_enabled/20260928-174833,1,970.85,175.59,29
gps_enabled/20260928-174833,1,972.84,175.59,29
gps_enabled/20260928-174833,1,973.84,175.59,29
gps_enabled/20260928-174833,1,975.84,175.59,29
gps_enabled/20260928-174833,1,976.84,175.59,29
gps_enabled/20260928-174833,1,978.84,175.59,29
gps_enabled/20260928-174833,1,979.84,175.59,29
gps_enabled/20260928-174833,1,981.84,175.59,29
gps_enabled/20260928-174833,1,982.85,175.59,29
gps_enabled/20260928-174833,1,984.84,175.59,29
gps_enabled/20260928-174833,1,986.84,175.59,29
gps_enabled/20260928-174833,1,987.84,175.59,29
gps_enabled/20260928-174833,1,989.85,175.59,29
gps_enabled/20260928-174833,1,991.84,175.59,29
gps_enabled/20260928-174833,1,992.84,175.59,29
gps_enabled/20260928-174833,1,993.84,175.59,29
gps_enabled/20260928-174833,1,994.85,175.59,29
gps_enabled/20260928-174833,1,995.85,175.59,29
gps_enabled/20260928-174833,1,997.85,175.59,29
gps_enabled/20260928-174833,1,998.85,175.59,29
gps_enabled/20260928-174833,1,1000.84,175.59,29
gps_enabled/20260928-174833,1,1002.84,175.59,29
gps_enabled/20260928-174833,1,1003.84,175.59,29
gps_enabled/20260928-174833,1,1004.84,175.59,29
gps_enabled/20260928-174833,1,1006.84,175.59,29
gps_enabled/20260928-174833,1,1007.84,175.59,29
gps_enabled/20260928-174833,1,1009.84,175.59,29
gps_enabled/20260928-174833,1,1010.84,175.59,29
gps_enabled/20260928-174833,1,1011.84,175.59,29
gps_enabled/20260928-174833,1,1012.84,175.59,29
gps_enabled/20260928-174833,1,1014.84,175.59,29
gps_enabled/20260928-174833,1,1016.84,175.59,29
gps_enabled/20260928-174833,1,1018.84,175.59,29
gps_enabled/20260928-174833,1,1020.84,175.59,29
gps_enabled/20260928-174833,1,1022.84,175.59,29
gps_enabled/20260928-174833,1,1023.84,175.59,29
gps_enabled/20260928-174833,1,1024.85,175.59,29
gps_enabled/20260928-174833,1,1026.84,175.59,29
gps_enabled/20260928-174833,1,1028.85,175.59,29
gps_enabled/20260928-174833,1,1030.85,175.59,29
gps_enabled/20260928-174833,1,1032.84,175.59,29
gps_enabled/20260928-174833,1,1033.84,175.59,29
gps_enabled/20260928-174833,1,1035.85,175.59,29
gps_enabled/20260928-174833,1,1037.84,175.59,29
gps_enabled/20260928-174833,1,1038.84,175.59,29
gps_enabled/20260928-174833,1,1040.84,175.59,29
gps_enabled/20260928-174833,1,1041.85,175.59,29
gps_enabled/20260928-174833,1,1042.85,175.59,29
gps_enabled/20260928-174833,1,1044.84,175.59,29
gps_enabled/20260928-174833,1,1046.84,175.59,29
gps_enabled/20260928-174833,1,1047.84,175.59,29
gps_enabled/20260928-174833,1,1048.84,175.59,29
gps_enabled/20260928-174833,1,1049.84,175.59,29
gps_enabled/20260928-174833,1,1051.84,175.59,29
gps_enabled/20260928-174833,1,1053.84,175.59,29
gps_enabled/20260928-174833,1,1054.84,175.59,29
gps_enabled/20260928-174833,1,1055.84,175.59,29
gps_enabled/20260928-174833,1,1057.85,175.59,29
gps_enabled/20260928-174833,1,1059.85,175.59,29
gps_enabled/20260928-174833,1,1061.84,175.59,29
gps_enabled/20260928-174833,1,1062.85,175.59,29
gps_enabled/20260928-174833,1,1064.84,175.59,29
gps_enabled/20260928-174833,1,1065.85,175.59,29
gps_enabled/20260928-174833,1,1067.84,175.59,29
gps_enabled/20260928-174833,1,1069.84,175.59,29
gps_enabled/20260928-174833,1,1071.84,175.59,29
gps_enabled/20260928-174833,1,1072.84,175.59,29
gps_enabled/20260928-174833,1,1074.84,175.59,29
gps_enabled/20260928-174833,1,1076.83,175.59,29
gps_enabled/20260928-174833,1,1077.84,175.59,29
gps_enabled/20260928-174833,1,1078.85,175.59,29
gps_enabled/20260928-174833,1,1079.85,175.59,29
gps_enabled/20260928-174833,1,1081.84,175.59,29
gps_enabled/20260928-174833,1,1082.84,175.59,29
gps_enabled/20260928-174833,1,1083.84,175.59,29
gps_enabled/20260928-174833,1,1085.84,175.59,29
gps_enabled/20260928-174833,1,1086.84,175.59,29
gps_enabled/20260928-174833,1,1087.85,175.59,29
gps_enabled/20260928-174833,1,1089.85,175.59,29
gps_enabled/20260928-174833,1,1090.85,175.59,29
gps_enabled/20260928-174833,1,1092.84,175.59,29
gps_enabled/20260928-174833,1,1094.84,175.59,29
gps_enabled/20260928-174833,1,1096.84,175.59,29
gps_enabled/20260928-174833,1,1097.84,175.59,29
gps_enabled/20260928-174833,1,1099.84,175.59,29
gps_enabled/20260928-174833,1,1100.84,175.59,29
gps_enabled/20260928-174833,1,1102.84,175.59,29
gps_enabled/20260928-174833,1,1103.84,175.59,29
gps_enabled/20260928-174833,1,1105.84,175.59,29
gps_enabled/20260928-174833,1,1107.85,175.59,29
gps_enabled/20260928-174833,1,1108.85,175.59,29
gps_enabled/20260928-174833,1,1110.84,175.59,29
gps_enabled/20260928-174833,1,1111.84,175.59,29
gps_enabled/20260928-174833,1,1112.85,175.59,29
gps_enabled/20260928-174833,1,1114.84,175.59,29
gps_enabled/20260928-174833,1,1116.85,175.59,29
gps_enabled/20260928-174833,1,1118.85,175.59,29
gps_enabled/20260928-174833,1,1120.84,175.59,29
gps_enabled/20260928-174833,1,1121.84,175.59,29
gps_enabled/20260928-174833,1,1122.84,175.59,29
gps_enabled/20260928-174833,1,1123.84,175.59,29
gps_enabled/20260928-174833,1,1124.85,175.59,29
gps_enabled/20260928-174833,1,1126.84,175.59,29
gps_enabled/20260928-174833,1,1128.84,175.59,29
gps_enabled/20260928-174833,1,1129.85,175.59,29
gps_enabled/20260928-174833,1,1131.85,175.59,29
gps_enabled/20260928-174833,1,1133.85,175.59,29
gps_enabled/20260928-174833,1,1135.84,175.59,29
gps_enabled/20260928-174833,1,1136.85,175.59,29
gps_enabled/20260928-174833,1,1138.84,175.59,29
gps_enabled/20260928-174833,1,1140.84,175.59,29
gps_enabled/20260928-174833,1,1141.85,175.59,29
gps_enabled/20260928-174833,1,1143.85,175.59,29
gps_enabled/20260928-174833,1,1144.85,175.59,29
gps_enabled/20260928-174833,1,1146.84,175.59,29
gps_enabled/20260928-174833,1,1147.85,175.59,29
gps_enabled/20260928-174833,1,1149.85,175.59,29
gps_enabled/20260928-174833,1,1151.85,175.59,29
gps_enabled/20260928-174833,1,1153.85,175.59,29
gps_enabled/20260928-174833,1,1155.84,175.59,29
gps_enabled/20260928-174833,1,1156.84,175.59,29
gps_enabled/20260928-174833,1,1158.84,175.59,29
gps_enabled/20260928-174833,1,1159.85,175.59,29
gps_enabled/20260928-174833,1,1161.84,175.59,29
gps_enabled/20260928-174833,1,1162.84,175.59,29
gps_enabled/20260928-174833,1,1164.84,175.59,29
gps_enabled/20260928-174833,1,1165.84,175.59,29
gps_enabled/20260928-174833,1,1167.84,175.59,29
gps_enabled/20260928-174833,1,1169.84,175.59,29
gps_enabled/20260928-174833,1,1171.84,175.59,29
gps_enabled/20260928-174833,1,1173.84,175.59,29
gps_enabled/20260928-174833,1,1175.84,175.59,29
gps_enabled/20260928-174833,1,1176.84,175.59,29
gps_enabled/20260928-174833,1,1177.85,175.59,29
gps_enabled/20260928-174833,1,1179.84,175.59,29
gps_enabled/20260928-174833,1,1181.84,175.59,29
gps_enabled/20260928-174833,1,1183.84,175.59,29
gps_enabled/20260928-174833,1,1185.84,175.59,29
gps_enabled/20260928-174833,1,1187.84,175.59,29
gps_enabled/20260928-174833,1,1189.84,175.59,29
gps_enabled/20260928-174833,1,1190.84,175.59,29
gps_enabled/20260928-174833,1,1191.84,175.59,29
gps_enabled/20260928-174833,1,1193.84,175.59,29
gps_enabled/20260928-174833,1,1195.84,175.59,29
gps_enabled/20260928-174833,1,1197.84,175.59,29
gps_enabled/20260928-174833,1,1198.84,175.59,29
gps_enabled/20260928-174833,1,1200.84,175.59,29
gps_enabled/20260928-174833,1,1201.84,175.59,29
gps_enabled/20260928-174833,1,1203.84,175.59,29
gps_enabled/20260928-174833,1,1204.84,175.59,29
gps_enabled/20260928-174833,1,1205.84,175.59,29
gps_enabled/20260928-174833,1,1207.84,175.59,29
gps_enabled/20260928-174833,1,1208.84,175.59,29
gps_enabled/20260928-174833,1,1209.85,175.6,29
gps_enabled/20260928-174833,1,1211.84,175.6,29
gps_enabled/20260928-174833,1,1213.84,175.6,29
gps_enabled/20260928-174833,1,1215.84,175.6,29
gps_enabled/20260928-174833,1,1216.84,175.6,29
gps_enabled/20260928-174833,1,1217.85,175.6,29
gps_enabled/20260928-174833,1,1219.85,175.6,29
gps_enabled/20260928-174833,1,1221.84,175.6,29
gps_enabled/20260928-174833,1,1223.84,175.6,29
gps_enabled/20260928-174833,1,1224.84,175.6,29
gps_enabled/20260928-174833,1,1226.84,175.6,29
gps_enabled/20260928-174833,1,1227.84,175.6,29
gps_enabled/20260928-174833,1,1229.84,175.6,29
gps_enabled/20260928-174833,1,1231.85,175.6,29
gps_enabled/20260928-174833,1,1233.84,175.6,29
gps_enabled/20260928-174833,1,1235.85,175.6,29
gps_enabled/20260928-174833,1,1236.85,175.6,29
gps_enabled/20260928-174833,1,1238.84,175.6,29
gps_enabled/20260928-174833,1,1240.84,175.6,29
gps_enabled/20260928-174833,1,1242.84,175.6,29
gps_enabled/20260928-174833,1,1243.85,175.6,29
gps_enabled/20260928-174833,1,1245.84,175.6,29
gps_enabled/20260928-174833,1,1247.84,175.6,29
gps_enabled/20260928-174833,1,1248.84,175.6,29
gps_enabled/20260928-174833,1,1249.84,175.6,29
gps_enabled/20260928-174833,1,1250.84,175.6,29
gps_enabled/20260928-174833,1,1252.84,175.6,29
gps_enabled/20260928-174833,1,1254.84,175.6,29
gps_enabled/20260928-174833,1,1255.84,175.6,29
gps_enabled/20260928-174833,1,1257.84,175.6,29
gps_enabled/20260928-174833,1,1259.84,175.6,29
gps_enabled/20260928-174833,1,1260.84,175.6,29
gps_enabled/20260928-174833,1,1261.84,175.6,29
gps_enabled/20260928-174833,1,1263.84,175.6,29
gps_enabled/20260928-174833,1,1264.84,175.6,29
gps_enabled/20260928-174833,1,1265.85,175.6,29
gps_enabled/20260928-174833,1,1266.85,175.6,29
gps_enabled/20260928-174833,1,1268.84,175.6,29
gps_enabled/20260928-174833,1,1270.85,175.6,29
gps_enabled/20260928-174833,1,1271.85,175.6,29
gps_enabled/20260928-174833,1,1273.85,175.6,29
gps_enabled/20260928-174833,1,1275.85,175.6,29
gps_enabled/20260928-174833,1,1277.85,175.6,29
gps_enabled/20260928-174833,1,1278.85,175.6,29
gps_enabled/20260928-174833,1,1280.84,175.6,29
gps_enabled/20260928-174833,1,1281.85,175.6,29
gps_enabled/20260928-174833,1,1283.85,175.6,29
gps_enabled/20260928-174833,1,1285.85,175.6,29
gps_enabled/20260928-174833,1,1287.84,175.6,29
gps_enabled/20260928-174833,1,1289.84,175.6,29
gps_enabled/20260928-174833,1,1291.84,175.6,29
gps_enabled/20260928-174833,1,1292.84,175.6,29
gps_enabled/20260928-174833,1,1293.84,175.6,29
gps_enabled/20260928-174833,1,1295.85,175.6,29
gps_enabled/20260928-174833,1,1297.84,175.6,29
gps_enabled/20260928-174833,1,1298.85,175.6,29
gps_enabled/20260928-174833,1,1300.84,175.6,29
gps_enabled/20260928-174833,1,1302.84,175.6,29
gps_enabled/20260928-174833,1,1304.84,175.6,29
gps_enabled/20260928-174833,1,1305.84,175.6,29
gps_enabled/20260928-174833,1,1307.84,175.6,29
gps_enabled/20260928-174833,1,1308.84,175.6,29
gps_enabled/20260928-174833,1,1309.84,175.6,29
gps_enabled/20260928-174833,1,1311.84,175.6,29
gps_enabled/20260928-174833,1,1312.84,175.6,29
gps_enabled/20260928-174833,1,1314.84,175.6,29
gps_enabled/20260928-174833,1,1316.84,175.6,29
gps_enabled/20260928-174833,1,1317.85,175.6,29
gps_enabled/20260928-174833,1,1319.84,175.6,29
gps_enabled/20260928-174833,1,1321.84,175.6,29
gps_enabled/20260928-174833,1,1322.84,175.6,29
gps_enabled/20260928-174833,1,1323.85,175.6,29
gps_enabled/20260928-174833,1,1325.84,175.6,29
gps_enabled/20260928-174833,1,1326.84,175.6,29
gps_enabled/20260928-174833,1,1327.85,175.6,29
gps_enabled/20260928-174833,1,1329.84,175.6,29
gps_enabled/20260928-174833,1,1330.84,175.6,29
gps_enabled/20260928-174833,1,1332.84,175.6,29
gps_enabled/20260928-174833,1,1334.84,175.6,29
gps_enabled/20260928-174833,1,1335.84,175.6,29
gps_enabled/20260928-174833,1,1336.84,175.6,29
gps_enabled/20260928-174833,1,1337.84,175.6,29
gps_enabled/20260928-174833,1,1339.84,175.6,29
gps_enabled/20260928-174833,1,1340.84,175.6,29
gps_enabled/20260928-174833,1,1341.84,175.6,29
gps_enabled/20260928-174833,1,1343.84,175.6,29
gps_enabled/20260928-174833,1,1345.84,175.6,29
gps_enabled/20260928-174833,1,1346.84,175.6,29
gps_enabled/20260928-174833,1,1348.84,175.6,29
gps_enabled/20260928-174833,1,1349.84,175.6,29
gps_enabled/20260928-174833,1,1350.84,175.6,29
gps_enabled/20260928-174833,1,1352.84,175.6,29
gps_enabled/20260928-174833,1,1353.84,175.6,29
gps_enabled/20260928-174833,1,1355.84,175.6,29
gps_enabled/20260928-174833,1,1357.84,175.6,29
gps_enabled/20260928-174833,1,1358.84,175.6,29
gps_enabled/20260928-174833,1,1359.84,175.6,29
gps_enabled/20260928-174833,1,1360.84,175.6,29
gps_enabled/20260928-174833,1,1362.84,175.61,29
gps_enabled/20260928-174833,1,1363.84,175.61,29
gps_enabled/20260928-174833,1,1365.84,175.61,29
gps_enabled/20260928-174833,1,1366.84,175.61,29
gps_enabled/20260928-174833,1,1368.85,175.61,29
gps_enabled/20260928-174833,1,1370.84,175.61,29
gps_enabled/20260928-174833,1,1372.84,175.61,29
gps_enabled/20260928-174833,1,1373.84,175.61,29
gps_enabled/20260928-174833,1,1375.84,175.61,29
gps_enabled/20260928-174833,1,1376.85,175.61,29
gps_enabled/20260928-174833,1,1378.85,175.61,29
gps_enabled/20260928-174833,1,1380.84,175.61,29
gps_enabled/20260928-174833,1,1381.85,175.61,29
gps_enabled/20260928-174833,1,1383.85,175.61,29
gps_enabled/20260928-174833,1,1385.85,175.61,29
gps_enabled/20260928-174833,1,1387.85,175.61,29
gps_enabled/20260928-174833,1,1389.84,175.61,29
gps_enabled/20260928-174833,1,1391.84,175.61,29
gps_enabled/20260928-174833,1,1393.85,175.61,29
gps_enabled/20260928-174833,1,1394.85,175.61,29
gps_enabled/20260928-174833,1,1396.84,175.61,29
gps_enabled/20260928-174833,1,1398.84,175.61,29
gps_enabled/20260928-174833,1,1399.84,175.61,29
gps_enabled/20260928-174833,1,1401.84,175.61,29
gps_enabled/20260928-174833,1,1402.84,175.61,29
gps_enabled/20260928-174833,1,1403.84,175.61,29
gps_enabled/20260928-174833,1,1404.85,175.61,29
gps_enabled/20260928-174833,1,1406.84,175.61,29
gps_enabled/20260928-174833,1,1407.84,175.61,29
gps_enabled/20260928-174833,1,1409.84,175.61,29
gps_enabled/20260928-174833,1,1411.84,175.61,29
gps_enabled/20260928-174833,1,1412.84,175.61,29
gps_enabled/20260928-174833,1,1414.84,175.61,29
gps_enabled/20260928-174833,1,1415.84,175.61,29
gps_enabled/20260928-174833,1,1417.85,175.61,29
gps_enabled/20260928-174833,1,1419.84,175.61,29
gps_enabled/20260928-174833,1,1420.84,175.61,29
gps_enabled/20260928-174833,1,1421.85,175.61,29
gps_enabled/20260928-174833,1,1423.84,175.61,29
gps_enabled/20260928-174833,1,1424.84,175.61,29
gps_enabled/20260928-174833,1,1426.84,175.61,29
gps_enabled/20260928-174833,1,1428.84,175.61,29
gps_enabled/20260928-174833,1,1429.84,175.61,29
gps_enabled/20260928-174833,1,1431.84,175.61,29
gps_enabled/20260928-174833,1,1433.84,175.61,29
gps_enabled/20260928-174833,1,1434.85,175.61,29
gps_enabled/20260928-174833,1,1436.84,175.61,29
gps_enabled/20260928-174833,1,1437.84,175.61,29
gps_enabled/20260928-174833,1,1439.85,175.61,29
gps_enabled/20260928-174833,1,1440.85,175.61,29
gps_enabled/20260928-174833,1,1442.84,175.61,29
gps_enabled/20260928-174833,1,1443.85,175.61,29
gps_enabled/20260928-174833,1,1444.85,175.61,29
gps_enabled/20260928-174833,1,1446.85,175.61,29
gps_enabled/20260928-174833,1,1448.84,175.61,29
gps_enabled/20260928-174833,1,1450.84,175.61,29
gps_enabled/20260928-174833,1,1451.84,175.61,29
gps_enabled/20260928-174833,1,1452.84,175.61,29
gps_enabled/20260928-174833,1,1453.84,175.61,29
gps_enabled/20260928-174833,1,1455.84,175.61,29
gps_enabled/20260928-174833,1,1457.84,175.63,29
gps_enabled/20260928-174833,1,1458.84,175.63,29
gps_enabled/20260928-174833,1,1459.84,175.63,29
gps_enabled/20260928-174833,1,1461.84,175.63,29
gps_enabled/20260928-174833,1,1463.84,175.63,29
gps_enabled/20260928-174833,1,1464.84,175.63,29
gps_enabled/20260928-174833,1,1465.85,175.65,29
gps_enabled/20260928-174833,1,1466.85,175.65,29
gps_enabled/20260928-174833,1,1467.85,175.65,29
gps_enabled/20260928-174833,1,1469.84,175.65,29
gps_enabled/20260928-174833,1,1471.84,175.65,29
gps_enabled/20260928-174833,1,1472.84,175.65,29
gps_enabled/20260928-174833,1,1474.84,175.65,29
gps_enabled/20260928-174833,1,1475.84,175.65,29
gps_enabled/20260928-174833,1,1476.85,175.65,29
gps_enabled/20260928-174833,1,1478.84,175.65,29
gps_enabled/20260928-174833,1,1479.84,175.65,29
gps_enabled/20260928-174833,1,1480.85,175.65,29
gps_enabled/20260928-174833,1,1482.84,175.65,29
gps_enabled/20260928-174833,1,1483.85,175.65,29
gps_enabled/20260928-174833,1,1485.84,175.65,29
gps_enabled/20260928-174833,1,1486.85,175.65,29
gps_enabled/20260928-174833,1,1488.84,175.65,29
gps_enabled/20260928-174833,1,1489.84,175.65,29
gps_enabled/20260928-174833,1,1491.84,175.65,29
gps_enabled/20260928-174833,1,1493.84,175.65,29
gps_enabled/20260928-174833,1,1495.84,175.65,29
gps_enabled/20260928-174833,1,1497.84,175.65,29
gps_enabled/20260928-174833,1,1499.84,175.65,29
gps_enabled/20260928-174833,1,1500.84,175.65,29
gps_enabled/20260928-174833,1,1502.84,175.65,29
gps_enabled/20260928-174833,1,1503.84,175.65,29
gps_enabled/20260928-174833,1,1504.84,175.65,29
gps_enabled/20260928-174833,1,1506.84,175.65,29
gps_enabled/20260928-174833,1,1507.84,175.65,29
gps_enabled/20260928-174833,1,1508.84,175.65,29
gps_enabled/20260928-174833,1,1509.85,175.65,29
gps_enabled/20260928-174833,1,1510.85,175.65,29
gps_enabled/20260928-174833,1,1512.84,175.65,29
gps_enabled/20260928-174833,1,1514.84,175.65,29
gps_enabled/20260928-174833,1,1516.84,175.65,29
gps_enabled/20260928-174833,1,1517.85,175.65,29
gps_enabled/20260928-174833,1,1519.84,175.65,29
gps_enabled/20260928-174833,1,1521.84,175.65,29
gps_enabled/20260928-174833,1,1522.85,175.65,29
gps_enabled/20260928-174833,1,1524.85,175.65,29
gps_enabled/20260928-174833,1,1525.85,175.65,29
gps_enabled/20260928-174833,1,1527.85,175.65,29
gps_enabled/20260928-174833,1,1529.84,175.65,29
gps_enabled/20260928-174833,1,1530.85,175.65,29
gps_enabled/20260928-174833,1,1532.84,175.65,29
gps_enabled/20260928-174833,1,1533.84,175.65,29
gps_enabled/20260928-174833,1,1535.85,175.65,29
gps_enabled/20260928-174833,1,1537.85,175.65,29
gps_enabled/20260928-174833,1,1538.85,175.65,29
gps_enabled/20260928-174833,1,1540.84,175.65,29
gps_enabled/20260928-174833,1,1541.84,175.65,29
gps_enabled/20260928-174833,1,1543.84,175.65,29
gps_enabled/20260928-174833,1,1544.84,175.65,29
gps_enabled/20260928-174833,1,1545.85,175.65,29
gps_enabled/20260928-174833,1,1547.84,175.65,29
gps_enabled/20260928-174833,1,1548.84,175.65,29
gps_enabled/20260928-174833,1,1549.85,175.65,29
gps_enabled/20260928-174833,1,1551.85,175.65,29
gps_enabled/20260928-174833,1,1552.85,175.65,29
gps_enabled/20260928-174833,1,1554.84,175.65,29
gps_enabled/20260928-174833,1,1555.85,175.65,29
gps_enabled/20260928-174833,1,1557.85,175.65,29
gps_enabled/20260928-174833,1,1559.84,175.65,29
gps_enabled/20260928-174833,1,1561.85,175.65,29
gps_enabled/20260928-174833,1,1563.84,175.65,29
gps_enabled/20260928-174833,1,1564.84,175.65,29
gps_enabled/20260928-174833,1,1565.85,175.65,29
gps_enabled/20260928-174833,1,1567.84,175.65,29
gps_enabled/20260928-174833,1,1568.84,175.65,29
gps_enabled/20260928-174833,1,1569.85,175.65,29
gps_enabled/20260928-174833,1,1571.85,175.65,29
gps_enabled/20260928-174833,1,1573.84,175.65,29
gps_enabled/20260928-174833,1,1574.84,175.65,29
gps_enabled/20260928-174833,1,1576.84,175.65,29
gps_enabled/20260928-174833,1,1578.84,175.65,29
gps_enabled/20260928-174833,1,1580.84,175.65,29
gps_enabled/20260928-174833,1,1582.84,175.65,29
gps_enabled/20260928-174833,1,1584.84,175.65,29
gps_enabled/20260928-174833,1,1585.84,175.65,29
gps_enabled/20260928-174833,1,1587.84,175.65,29
gps_enabled/20260928-174833,1,1588.84,175.65,29
gps_enabled/20260928-174833,1,1590.84,175.65,29
gps_enabled/20260928-174833,1,1591.84,175.65,29
gps_enabled/20260928-174833,1,1593.84,175.65,29
gps_enabled/20260928-174833,1,1595.84,175.65,29
gps_enabled/20260928-174833,1,1596.84,175.65,29
gps_enabled/20260928-174833,1,1598.84,175.65,29
gps_enabled/20260928-174833,1,1600.85,175.65,29
gps_enabled/20260928-174833,1,1602.84,175.65,29
gps_enabled/20260928-174833,1,1604.84,175.65,29
gps_enabled/20260928-174833,1,1606.84,175.65,29
gps_enabled/20260928-174833,1,1607.84,175.65,29
gps_enabled/20260928-174833,1,1608.85,175.65,29
gps_enabled/20260928-174833,1,1610.85,175.65,29
gps_enabled/20260928-174833,1,1612.84,175.65,29
gps_enabled/20260928-174833,1,1613.85,175.65,29
gps_enabled/20260928-174833,1,1615.85,175.65,29
gps_enabled/20260928-174833,1,1617.85,175.65,29
gps_enabled/20260928-174833,1,1619.85,175.65,29
gps_enabled/20260928-174833,1,1621.85,175.65,29
gps_enabled/20260928-174833,1,1623.84,175.65,29
gps_enabled/20260928-174833,1,1624.85,175.65,29
gps_enabled/20260928-174833,1,1626.85,175.65,29
gps_enabled/20260928-174833,1,1627.85,175.65,29
gps_enabled/20260928-174833,1,1629.84,175.65,29
gps_enabled/20260928-174833,1,1630.85,175.65,29
gps_enabled/20260928-174833,1,1631.85,175.65,29
gps_enabled/20260928-174833,1,1633.84,175.65,29
gps_enabled/20260928-174833,1,1634.84,175.65,29
gps_enabled/20260928-174833,1,1636.84,175.65,29
gps_enabled/20260928-174833,1,1637.84,175.65,29
gps_enabled/20260928-174833,1,1638.84,175.65,29
gps_enabled/20260928-174833,1,1639.85,175.65,29
gps_enabled/20260928-174833,1,1641.84,175.65,29
gps_enabled/20260928-174833,1,1642.85,175.65,29
gps_enabled/20260928-174833,1,1644.85,175.65,29
gps_enabled/20260928-174833,1,1646.84,175.65,29
gps_enabled/20260928-174833,1,1648.84,175.67,29
gps_enabled/20260928-174833,1,1650.85,175.67,29
gps_enabled/20260928-174833,1,1652.84,175.67,29
gps_enabled/20260928-174833,1,1653.85,175.67,29
gps_enabled/20260928-174833,1,1655.84,175.68,29
gps_enabled/20260928-174833,1,1656.85,175.7,29
gps_enabled/20260928-174833,1,1657.85,175.72,29
gps_enabled/20260928-174833,1,1659.84,175.73,29
gps_enabled/20260928-174833,1,1660.84,175.75,29
gps_enabled/20260928-174833,1,1661.85,175.77,29
gps_enabled/20260928-174833,1,1663.85,175.79,29
gps_enabled/20260928-174833,1,1665.84,175.8,29
gps_enabled/20260928-174833,1,1666.84,175.81,29
gps_enabled/20260928-174833,1,1668.84,175.83,29
gps_enabled/20260928-174833,1,1669.85,175.83,29
gps_enabled/20260928-174833,1,1671.84,175.83,29
gps_enabled/20260928-174833,1,1673.85,175.98,29
gps_enabled/20260928-174833,1,1675.84,176.24,29
gps_enabled/20260928-174833,1,1676.85,176.29,29
gps_enabled/20260928-174833,1,1678.84,176.34,29
gps_enabled/20260928-174833,1,1679.85,176.35,29
gps_enabled/20260928-174833,1,1681.84,176.43,29
gps_enabled/20260928-174833,1,1683.84,176.44,29
gps_enabled/20260928-174833,1,1685.85,176.55,29
gps_enabled/20260928-174833,1,1687.84,176.67,29
gps_enabled/20260928-174833,1,1688.84,176.67,29
gps_enabled/20260928-174833,1,1690.84,176.67,29
gps_enabled/20260928-174833,1,1691.84,176.67,29
gps_enabled/20260928-174833,1,1693.85,176.67,29
gps_enabled/20260928-174833,1,1695.84,176.67,29
gps_enabled/20260928-174833,1,1696.84,176.67,29
gps_enabled/20260928-174833,1,1698.84,176.67,29
gps_enabled/20260928-174833,1,1699.85,176.67,29
gps_enabled/20260928-174833,1,1701.84,176.67,29
gps_enabled/20260928-174833,1,1702.84,176.67,29
gps_enabled/20260928-174833,1,1703.84,176.67,29
gps_enabled/20260928-174833,1,1705.84,176.67,29
gps_enabled/20260928-174833,1,1706.84,176.67,29
gps_enabled/20260928-174833,1,1708.84,176.67,29
gps_enabled/20260928-174833,2,-46.22,3.42,
gps_enabled/20260928-174833,2,-44.22,3.42,
gps_enabled/20260928-174833,2,-43.22,3.42,
gps_enabled/20260928-174833,2,-41.22,3.42,
gps_enabled/20260928-174833,2,-40.22,3.42,
gps_enabled/20260928-174833,2,-38.22,3.42,
gps_enabled/20260928-174833,2,-37.22,3.42,
gps_enabled/20260928-174833,2,-35.22,3.42,
gps_enabled/20260928-174833,2,-33.22,3.42,
gps_enabled/20260928-174833,2,-31.22,3.42,
gps_enabled/20260928-174833,2,-30.22,3.42,
gps_enabled/20260928-174833,2,-29.22,3.42,
gps_enabled/20260928-174833,2,-27.22,3.42,
gps_enabled/20260928-174833,2,-26.22,3.42,
gps_enabled/20260928-174833,2,-24.22,3.42,
gps_enabled/20260928-174833,2,-22.22,3.42,
gps_enabled/20260928-174833,2,-21.22,3.42,
gps_enabled/20260928-174833,2,-20.22,3.42,
gps_enabled/20260928-174833,2,-18.22,3.42,
gps_enabled/20260928-174833,2,-16.22,3.42,
gps_enabled/20260928-174833,2,-14.22,3.42,
gps_enabled/20260928-174833,2,-12.22,3.42,
gps_enabled/20260928-174833,2,-11.22,3.42,
gps_enabled/20260928-174833,2,-9.22,3.42,
gps_enabled/20260928-174833,2,-7.22,3.42,
gps_enabled/20260928-174833,2,-5.22,3.42,
gps_enabled/20260928-174833,2,-4.22,3.42,
gps_enabled/20260928-174833,2,-3.22,3.42,
gps_enabled/20260928-174833,2,-2.22,3.42,
gps_enabled/20260928-174833,2,-0.22,3.42,
gps_enabled/20260928-174833,2,1.78,3.42,
gps_enabled/20260928-174833,2,3.78,3.42,
gps_enabled/20260928-174833,2,5.78,3.42,
gps_enabled/20260928-174833,2,6.78,3.42,
gps_enabled/20260928-174833,2,8.78,3.42,
gps_enabled/20260928-174833,2,10.78,3.42,
gps_enabled/20260928-174833,2,12.78,3.42,
gps_enabled/20260928-174833,2,13.78,3.42,
gps_enabled/20260928-174833,2,14.78,3.42,
gps_enabled/20260928-174833,2,15.78,3.42,
gps_enabled/20260928-174833,2,16.78,3.42,
gps_enabled/20260928-174833,2,17.78,3.42,
gps_enabled/20260928-174833,2,19.78,3.42,
gps_enabled/20260928-174833,2,20.78,3.42,3
gps_enabled/20260928-174833,2,21.78,3.42,3
gps_enabled/20260928-174833,2,23.78,9.3,3
gps_enabled/20260928-174833,2,24.78,9.3,3
gps_enabled/20260928-174833,2,26.78,22.86,3
gps_enabled/20260928-174833,2,27.78,24.67,13
gps_enabled/20260928-174833,2,28.78,24.67,13
gps_enabled/20260928-174833,2,29.78,26.32,13
gps_enabled/20260928-174833,2,31.78,29.88,13
gps_enabled/20260928-174833,2,32.78,30.31,13
gps_enabled/20260928-174833,2,33.78,30.75,13
gps_enabled/20260928-174833,2,34.78,31.52,13
gps_enabled/20260928-174833,2,35.78,31.76,13
gps_enabled/20260928-174833,2,36.78,32.18,13
gps_enabled/20260928-174833,2,37.78,32.69,13
gps_enabled/20260928-174833,2,38.78,33.49,13
gps_enabled/20260928-174833,2,40.78,34.37,13
gps_enabled/20260928-174833,2,41.78,34.91,13
gps_enabled/20260928-174833,2,42.78,35.74,13
gps_enabled/20260928-174833,2,43.78,36.17,13
gps_enabled/20260928-174833,2,44.78,37.21,13
gps_enabled/20260928-174833,2,45.78,38.28,6
gps_enabled/20260928-174833,2,47.78,40.03,6
gps_enabled/20260928-174833,2,48.78,41.7,6
gps_enabled/20260928-174833,2,49.78,44.41,6
gps_enabled/20260928-174833,2,51.78,48.3,6
gps_enabled/20260928-174833,2,52.78,50.29,6
gps_enabled/20260928-174833,2,54.78,52.81,6
gps_enabled/20260928-174833,2,55.78,53.6,6
gps_enabled/20260928-174833,2,56.78,54.84,6
gps_enabled/20260928-174833,2,57.78,56.09,6
gps_enabled/20260928-174833,2,58.78,56.77,16
gps_enabled/20260928-174833,2,60.78,57.92,16
gps_enabled/20260928-174833,2,62.78,59.07,16
gps_enabled/20260928-174833,2,63.79,60.8,16
gps_enabled/20260928-174833,2,65.78,61.01,16
gps_enabled/20260928-174833,2,67.78,61.16,16
gps_enabled/20260928-174833,2,69.78,61.2,16
gps_enabled/20260928-174833,2,71.78,61.27,16
gps_enabled/20260928-174833,2,72.78,61.3,16
gps_enabled/20260928-174833,2,73.79,61.38,16
gps_enabled/20260928-174833,2,74.79,61.4,16
gps_enabled/20260928-174833,2,76.78,61.4,6
gps_enabled/20260928-174833,2,78.79,61.42,6
gps_enabled/20260928-174833,2,79.79,61.43,6
gps_enabled/20260928-174833,2,81.79,61.45,6
gps_enabled/20260928-174833,2,83.78,61.46,6
gps_enabled/20260928-174833,2,84.79,61.47,6
gps_enabled/20260928-174833,2,86.79,61.48,6
gps_enabled/20260928-174833,2,88.79,61.48,6
gps_enabled/20260928-174833,2,90.79,61.5,6
gps_enabled/20260928-174833,2,92.8,61.76,6
gps_enabled/20260928-174833,2,94.79,62.2,6
gps_enabled/20260928-174833,2,96.79,62.32,8
gps_enabled/20260928-174833,2,97.79,62.33,8
gps_enabled/20260928-174833,2,98.79,62.34,8
gps_enabled/20260928-174833,2,100.79,62.36,8
gps_enabled/20260928-174833,2,101.79,62.4,8
gps_enabled/20260928-174833,2,103.79,63.65,8
gps_enabled/20260928-174833,2,104.79,63.71,8
gps_enabled/20260928-174833,2,105.79,63.93,8
gps_enabled/20260928-174833,2,107.79,64.64,8
gps_enabled/20260928-174833,2,108.79,65.0,8
gps_enabled/20260928-174833,2,109.79,66.13,8
gps_enabled/20260928-174833,2,110.79,67.62,8
gps_enabled/20260928-174833,2,111.79,68.34,8
gps_enabled/20260928-174833,2,113.79,70.1,8
gps_enabled/20260928-174833,2,115.79,71.31,18
gps_enabled/20260928-174833,2,117.79,73.24,18
gps_enabled/20260928-174833,2,119.79,75.22,18
gps_enabled/20260928-174833,2,121.79,77.79,18
gps_enabled/20260928-174833,2,123.8,87.6,18
gps_enabled/20260928-174833,2,125.79,95.96,18
gps_enabled/20260928-174833,2,127.79,100.67,15
gps_enabled/20260928-174833,2,129.79,104.08,15
gps_enabled/20260928-174833,2,130.8,104.68,15
gps_enabled/20260928-174833,2,132.79,106.17,15
gps_enabled/20260928-174833,2,133.79,107.4,1
gps_enabled/20260928-174833,2,134.8,107.48,28
gps_enabled/20260928-174833,2,135.8,107.55,28
gps_enabled/20260928-174833,2,137.8,107.55,28
gps_enabled/20260928-174833,2,139.8,107.55,28
gps_enabled/20260928-174833,2,140.8,107.55,28
gps_enabled/20260928-174833,2,142.8,107.55,28
gps_enabled/20260928-174833,2,143.8,107.55,28
gps_enabled/20260928-174833,2,145.8,107.55,28
gps_enabled/20260928-174833,2,147.8,107.55,28
gps_enabled/20260928-174833,2,148.8,107.55,28
gps_enabled/20260928-174833,2,150.8,107.55,28
gps_enabled/20260928-174833,2,152.8,107.55,28
gps_enabled/20260928-174833,2,154.8,107.55,28
gps_enabled/20260928-174833,2,155.8,107.55,28
gps_enabled/20260928-174833,2,157.8,107.55,28
gps_enabled/20260928-174833,2,158.8,107.55,28
gps_enabled/20260928-174833,2,160.8,107.55,28
gps_enabled/20260928-174833,2,161.8,107.55,28
gps_enabled/20260928-174833,2,162.8,107.55,28
gps_enabled/20260928-174833,2,164.8,107.55,28
gps_enabled/20260928-174833,2,166.79,107.55,28
gps_enabled/20260928-174833,2,167.8,107.55,28
gps_enabled/20260928-174833,2,168.8,107.55,28
gps_enabled/20260928-174833,2,170.8,107.55,28
gps_enabled/20260928-174833,2,172.79,107.55,28
gps_enabled/20260928-174833,2,173.79,107.55,28
gps_enabled/20260928-174833,2,175.79,107.55,28
gps_enabled/20260928-174833,2,176.8,107.55,28
gps_enabled/20260928-174833,2,178.8,107.55,28
gps_enabled/20260928-174833,2,179.8,107.55,28
gps_enabled/20260928-174833,2,181.8,107.55,28
gps_enabled/20260928-174833,2,182.8,107.55,28
gps_enabled/20260928-174833,2,184.79,107.55,28
gps_enabled/20260928-174833,2,185.8,107.55,28
gps_enabled/20260928-174833,2,187.8,107.55,28
gps_enabled/20260928-174833,2,189.79,107.55,28
gps_enabled/20260928-174833,2,190.79,107.55,28
gps_enabled/20260928-174833,2,192.79,107.55,28
gps_enabled/20260928-174833,2,193.79,107.55,28
gps_enabled/20260928-174833,2,194.8,107.55,28
gps_enabled/20260928-174833,2,196.8,107.55,28
gps_enabled/20260928-174833,2,198.8,107.55,28
gps_enabled/20260928-174833,2,199.8,107.55,28
gps_enabled/20260928-174833,2,201.8,107.55,28
gps_enabled/20260928-174833,2,203.8,107.55,28
gps_enabled/20260928-174833,2,204.8,107.55,28
gps_enabled/20260928-174833,2,205.8,107.55,28
gps_enabled/20260928-174833,2,206.8,107.55,28
gps_enabled/20260928-174833,2,208.79,107.55,28
gps_enabled/20260928-174833,2,209.79,107.55,28
gps_enabled/20260928-174833,2,211.8,107.55,28
gps_enabled/20260928-174833,2,213.8,107.55,28
gps_enabled/20260928-174833,2,215.79,107.55,28
gps_enabled/20260928-174833,2,216.8,107.55,28
gps_enabled/20260928-174833,2,218.8,107.55,28
gps_enabled/20260928-174833,2,220.8,107.55,28
gps_enabled/20260928-174833,2,222.79,107.55,28
gps_enabled/20260928-174833,2,223.8,107.55,28
gps_enabled/20260928-174833,2,225.8,107.55,28
gps_enabled/20260928-174833,2,227.8,107.55,28
gps_enabled/20260928-174833,2,229.8,107.55,28
gps_enabled/20260928-174833,2,230.8,107.55,28
gps_enabled/20260928-174833,2,232.8,107.55,28
gps_enabled/20260928-174833,2,233.8,107.55,28
gps_enabled/20260928-174833,2,235.79,107.55,28
gps_enabled/20260928-174833,2,237.79,107.55,28
gps_enabled/20260928-174833,2,239.8,107.55,28
gps_enabled/20260928-174833,2,240.8,107.55,28
gps_enabled/20260928-174833,2,242.8,107.55,28
gps_enabled/20260928-174833,2,244.8,107.55,28
gps_enabled/20260928-174833,2,246.79,107.55,28
gps_enabled/20260928-174833,2,247.8,107.55,28
gps_enabled/20260928-174833,2,248.8,107.55,28
gps_enabled/20260928-174833,2,250.8,107.55,28
gps_enabled/20260928-174833,2,252.8,107.55,28
gps_enabled/20260928-174833,2,253.8,107.55,28
gps_enabled/20260928-174833,2,255.8,107.55,28
gps_enabled/20260928-174833,2,257.8,107.55,28
gps_enabled/20260928-174833,2,259.8,107.55,28
gps_enabled/20260928-174833,2,261.79,107.55,28
gps_enabled/20260928-174833,2,263.8,107.55,28
gps_enabled/20260928-174833,2,264.8,107.55,28
gps_enabled/20260928-174833,2,266.8,107.55,28
gps_enabled/20260928-174833,2,267.8,107.55,28
gps_enabled/20260928-174833,2,269.8,107.55,28
gps_enabled/20260928-174833,2,271.8,107.55,28
gps_enabled/20260928-174833,2,273.8,107.55,28
gps_enabled/20260928-174833,2,274.8,108.19,28
gps_enabled/20260928-174833,2,276.8,108.19,28
gps_enabled/20260928-174833,2,277.8,108.19,28
gps_enabled/20260928-174833,2,278.8,108.19,28
gps_enabled/20260928-174833,2,280.8,108.19,28
gps_enabled/20260928-174833,2,282.8,108.19,28
gps_enabled/20260928-174833,2,283.8,108.19,28
gps_enabled/20260928-174833,2,285.79,108.19,28
gps_enabled/20260928-174833,2,286.8,108.19,28
gps_enabled/20260928-174833,2,288.79,108.19,28
gps_enabled/20260928-174833,2,289.79,108.19,28
gps_enabled/20260928-174833,2,290.79,108.19,28
gps_enabled/20260928-174833,2,291.8,108.19,28
gps_enabled/20260928-174833,2,293.79,108.19,28
gps_enabled/20260928-174833,2,294.8,108.19,28
gps_enabled/20260928-174833,2,295.8,108.19,28
gps_enabled/20260928-174833,2,297.8,108.19,28
gps_enabled/20260928-174833,2,299.79,108.19,28
gps_enabled/20260928-174833,2,301.79,108.19,28
gps_enabled/20260928-174833,2,303.79,108.19,28
gps_enabled/20260928-174833,2,304.79,108.19,28
gps_enabled/20260928-174833,2,305.79,108.19,28
gps_enabled/20260928-174833,2,307.79,108.19,28
gps_enabled/20260928-174833,2,308.79,108.19,28
gps_enabled/20260928-174833,2,310.79,108.19,28
gps_enabled/20260928-174833,2,311.79,108.19,28
gps_enabled/20260928-174833,2,313.79,108.19,28
gps_enabled/20260928-174833,2,315.79,108.19,28
gps_enabled/20260928-174833,2,317.79,108.19,28
gps_enabled/20260928-174833,2,319.79,108.19,28
gps_enabled/20260928-174833,2,321.79,108.19,28
gps_enabled/20260928-174833,2,322.8,108.19,28
gps_enabled/20260928-174833,2,323.8,108.19,28
gps_enabled/20260928-174833,2,325.8,108.19,28
gps_enabled/20260928-174833,2,327.8,108.19,28
gps_enabled/20260928-174833,2,329.79,108.19,28
gps_enabled/20260928-174833,2,330.8,108.19,28
gps_enabled/20260928-174833,2,332.79,108.19,28
gps_enabled/20260928-174833,2,333.79,108.19,28
gps_enabled/20260928-174833,2,334.8,108.19,28
gps_enabled/20260928-174833,2,335.8,108.19,28
gps_enabled/20260928-174833,2,336.8,108.19,28
gps_enabled/20260928-174833,2,338.8,108.19,28
gps_enabled/20260928-174833,2,340.8,108.19,28
gps_enabled/20260928-174833,2,341.8,108.19,28
gps_enabled/20260928-174833,2,343.8,108.19,28
gps_enabled/20260928-174833,2,345.8,108.19,28
gps_enabled/20260928-174833,2,346.8,108.19,28
gps_enabled/20260928-174833,2,347.8,108.19,28
gps_enabled/20260928-174833,2,349.8,108.19,28
gps_enabled/20260928-174833,2,351.8,108.19,28
gps_enabled/20260928-174833,2,353.8,108.19,28
gps_enabled/20260928-174833,2,355.8,108.19,28
gps_enabled/20260928-174833,2,357.8,108.19,28
gps_enabled/20260928-174833,2,359.79,108.19,28
gps_enabled/20260928-174833,2,361.79,108.19,28
gps_enabled/20260928-174833,2,363.79,108.19,28
gps_enabled/20260928-174833,2,364.79,108.19,28
gps_enabled/20260928-174833,2,366.79,108.19,28
gps_enabled/20260928-174833,2,367.8,108.19,28
gps_enabled/20260928-174833,2,368.8,108.19,28
gps_enabled/20260928-174833,2,369.8,108.19,28
gps_enabled/20260928-174833,2,371.8,108.19,28
gps_enabled/20260928-174833,2,373.79,108.19,28
gps_enabled/20260928-174833,2,374.8,108.19,28
gps_enabled/20260928-174833,2,375.8,108.19,28
gps_enabled/20260928-174833,2,377.8,108.19,28
gps_enabled/20260928-174833,2,379.8,108.19,28
gps_enabled/20260928-174833,2,380.8,108.19,28
gps_enabled/20260928-174833,2,382.8,108.19,28
gps_enabled/20260928-174833,2,383.8,108.19,28
gps_enabled/20260928-174833,2,384.8,108.19,28
gps_enabled/20260928-174833,2,386.79,108.19,28
gps_enabled/20260928-174833,2,388.8,108.19,28
gps_enabled/20260928-174833,2,390.8,108.19,28
gps_enabled/20260928-174833,2,391.8,108.19,28
gps_enabled/20260928-174833,2,393.79,108.19,28
gps_enabled/20260928-174833,2,394.8,108.19,28
gps_enabled/20260928-174833,2,396.8,108.19,28
gps_enabled/20260928-174833,2,398.8,108.19,28
gps_enabled/20260928-174833,2,399.8,108.19,28
gps_enabled/20260928-174833,2,401.79,108.19,28
gps_enabled/20260928-174833,2,403.79,108.19,28
gps_enabled/20260928-174833,2,404.8,108.19,28
gps_enabled/20260928-174833,2,406.8,108.19,28
gps_enabled/20260928-174833,2,407.8,108.19,28
gps_enabled/20260928-174833,2,408.8,108.19,28
gps_enabled/20260928-174833,2,410.79,108.19,28
gps_enabled/20260928-174833,2,411.79,108.19,28
gps_enabled/20260928-174833,2,412.8,108.19,28
gps_enabled/20260928-174833,2,414.79,108.19,28
gps_enabled/20260928-174833,2,415.79,108.19,28
gps_enabled/20260928-174833,2,417.8,108.19,28
gps_enabled/20260928-174833,2,418.8,108.19,28
gps_enabled/20260928-174833,2,420.8,108.19,28
gps_enabled/20260928-174833,2,422.79,108.19,28
gps_enabled/20260928-174833,2,424.79,108.19,28
gps_enabled/20260928-174833,2,425.8,108.19,28
gps_enabled/20260928-174833,2,427.8,108.19,28
gps_enabled/20260928-174833,2,429.79,108.19,28
gps_enabled/20260928-174833,2,430.8,108.19,28
gps_enabled/20260928-174833,2,431.8,108.19,28
gps_enabled/20260928-174833,2,433.79,108.19,28
gps_enabled/20260928-174833,2,434.8,108.19,28
gps_enabled/20260928-174833,2,436.79,108.19,28
gps_enabled/20260928-174833,2,437.8,108.19,28
gps_enabled/20260928-174833,2,438.8,108.19,28
gps_enabled/20260928-174833,2,440.79,108.19,28
gps_enabled/20260928-174833,2,441.79,108.19,28
gps_enabled/20260928-174833,2,442.79,108.19,28
gps_enabled/20260928-174833,2,444.79,108.19,28
gps_enabled/20260928-174833,2,445.79,108.19,28
gps_enabled/20260928-174833,2,447.8,108.19,28
gps_enabled/20260928-174833,2,449.8,108.19,28
gps_enabled/20260928-174833,2,450.8,108.19,28
gps_enabled/20260928-174833,2,452.8,108.19,28
gps_enabled/20260928-174833,2,454.79,108.19,28
gps_enabled/20260928-174833,2,455.79,108.19,28
gps_enabled/20260928-174833,2,456.8,108.19,28
gps_enabled/20260928-174833,2,458.79,108.19,28
gps_enabled/20260928-174833,2,459.8,108.19,28
gps_enabled/20260928-174833,2,461.8,108.19,28
gps_enabled/20260928-174833,2,462.8,108.19,28
gps_enabled/20260928-174833,2,464.79,108.19,28
gps_enabled/20260928-174833,2,465.79,108.19,28
gps_enabled/20260928-174833,2,467.8,108.19,28
gps_enabled/20260928-174833,2,469.8,108.19,28
gps_enabled/20260928-174833,2,471.79,108.19,28
gps_enabled/20260928-174833,2,472.79,108.19,28
gps_enabled/20260928-174833,2,473.8,108.19,28
gps_enabled/20260928-174833,2,475.79,108.19,28
gps_enabled/20260928-174833,2,476.79,108.19,28
gps_enabled/20260928-174833,2,477.8,108.19,28
gps_enabled/20260928-174833,2,479.79,108.19,28
gps_enabled/20260928-174833,2,480.8,108.19,28
gps_enabled/20260928-174833,2,481.8,108.19,28
gps_enabled/20260928-174833,2,482.8,108.19,28
gps_enabled/20260928-174833,2,484.8,108.19,28
gps_enabled/20260928-174833,2,485.8,108.19,28
gps_enabled/20260928-174833,2,487.8,108.19,28
gps_enabled/20260928-174833,2,489.8,108.19,28
gps_enabled/20260928-174833,2,491.8,108.19,28
gps_enabled/20260928-174833,2,493.8,108.19,28
gps_enabled/20260928-174833,2,494.8,108.19,28
gps_enabled/20260928-174833,2,496.8,108.19,28
gps_enabled/20260928-174833,2,498.8,108.19,28
gps_enabled/20260928-174833,2,499.8,108.19,28
gps_enabled/20260928-174833,2,501.8,108.19,28
gps_enabled/20260928-174833,2,503.79,108.19,28
gps_enabled/20260928-174833,2,504.8,108.19,28
gps_enabled/20260928-174833,2,506.8,108.19,28
gps_enabled/20260928-174833,2,507.8,108.19,28
gps_enabled/20260928-174833,2,509.79,108.19,28
gps_enabled/20260928-174833,2,511.79,108.19,28
gps_enabled/20260928-174833,2,512.79,108.19,28
gps_enabled/20260928-174833,2,513.8,108.19,28
gps_enabled/20260928-174833,2,514.8,108.19,28
gps_enabled/20260928-174833,2,516.79,108.19,28
gps_enabled/20260928-174833,2,518.79,108.19,28
gps_enabled/20260928-174833,2,519.79,108.19,28
gps_enabled/20260928-174833,2,521.79,108.19,28
gps_enabled/20260928-174833,2,522.79,108.19,28
gps_enabled/20260928-174833,2,524.79,108.19,28
gps_enabled/20260928-174833,2,526.79,108.19,28
gps_enabled/20260928-174833,2,528.79,108.19,28
gps_enabled/20260928-174833,2,529.8,108.19,28
gps_enabled/20260928-174833,2,531.79,108.19,28
gps_enabled/20260928-174833,2,533.79,108.19,28
gps_enabled/20260928-174833,2,534.79,108.19,28
gps_enabled/20260928-174833,2,535.79,108.19,28
gps_enabled/20260928-174833,2,537.79,108.19,28
gps_enabled/20260928-174833,2,539.79,108.19,28
gps_enabled/20260928-174833,2,541.79,108.19,28
gps_enabled/20260928-174833,2,543.79,108.19,28
gps_enabled/20260928-174833,2,544.8,108.19,28
gps_enabled/20260928-174833,2,546.79,108.19,28
gps_enabled/20260928-174833,2,548.79,108.19,28
gps_enabled/20260928-174833,2,550.79,108.19,28
gps_enabled/20260928-174833,2,551.79,108.19,28
gps_enabled/20260928-174833,2,552.8,108.19,28
gps_enabled/20260928-174833,2,554.79,108.19,28
gps_enabled/20260928-174833,2,555.79,108.19,28
gps_enabled/20260928-174833,2,557.79,108.19,28
gps_enabled/20260928-174833,2,558.79,108.19,28
gps_enabled/20260928-174833,2,560.79,108.19,28
gps_enabled/20260928-174833,2,561.8,108.19,28
gps_enabled/20260928-174833,2,562.8,108.19,28
gps_enabled/20260928-174833,2,563.8,108.19,28
gps_enabled/20260928-174833,2,564.8,108.19,28
gps_enabled/20260928-174833,2,566.79,108.19,28
gps_enabled/20260928-174833,2,567.8,108.19,28
gps_enabled/20260928-174833,2,569.8,108.19,28
gps_enabled/20260928-174833,2,571.79,108.19,28
gps_enabled/20260928-174833,2,572.8,108.19,28
gps_enabled/20260928-174833,2,574.79,108.19,28
gps_enabled/20260928-174833,2,576.79,108.19,28
gps_enabled/20260928-174833,2,578.79,108.19,28
gps_enabled/20260928-174833,2,580.79,108.19,28
gps_enabled/20260928-174833,2,581.79,108.19,28
gps_enabled/20260928-174833,2,582.8,108.19,28
gps_enabled/20260928-174833,2,583.8,108.19,28
gps_enabled/20260928-174833,2,585.8,108.19,28
gps_enabled/20260928-174833,2,586.8,108.19,28
gps_enabled/20260928-174833,2,587.8,108.19,28
gps_enabled/20260928-174833,2,589.8,108.19,28
gps_enabled/20260928-174833,2,591.8,108.19,28
gps_enabled/20260928-174833,2,593.8,108.19,28
gps_enabled/20260928-174833,2,595.8,108.19,28
gps_enabled/20260928-174833,2,596.8,108.19,28
gps_enabled/20260928-174833,2,598.8,108.19,28
gps_enabled/20260928-174833,2,600.8,108.19,28
gps_enabled/20260928-174833,2,601.8,108.19,28
gps_enabled/20260928-174833,2,603.79,108.19,28
gps_enabled/20260928-174833,2,604.8,108.19,28
gps_enabled/20260928-174833,2,606.8,108.19,28
gps_enabled/20260928-174833,2,608.8,108.77,28
gps_enabled/20260928-174833,2,609.8,108.77,28
gps_enabled/20260928-174833,2,610.8,108.77,28
gps_enabled/20260928-174833,2,612.79,108.77,28
gps_enabled/20260928-174833,2,613.8,108.77,28
gps_enabled/20260928-174833,2,614.8,108.77,28
gps_enabled/20260928-174833,2,615.8,108.77,28
gps_enabled/20260928-174833,2,617.79,108.77,28
gps_enabled/20260928-174833,2,618.8,108.77,28
gps_enabled/20260928-174833,2,620.8,108.77,28
gps_enabled/20260928-174833,2,621.8,108.77,28
gps_enabled/20260928-174833,2,623.8,108.77,28
gps_enabled/20260928-174833,2,625.79,108.77,28
gps_enabled/20260928-174833,2,626.8,108.77,28
gps_enabled/20260928-174833,2,628.8,108.77,28
gps_enabled/20260928-174833,2,629.8,108.77,28
gps_enabled/20260928-174833,2,631.8,108.77,28
gps_enabled/20260928-174833,2,632.8,108.77,28
gps_enabled/20260928-174833,2,634.79,108.77,28
gps_enabled/20260928-174833,2,635.8,108.77,28
gps_enabled/20260928-174833,2,637.8,108.77,28
gps_enabled/20260928-174833,2,638.8,108.77,28
gps_enabled/20260928-174833,2,640.79,108.77,28
gps_enabled/20260928-174833,2,641.8,108.77,28
gps_enabled/20260928-174833,2,642.8,108.77,28
gps_enabled/20260928-174833,2,644.8,108.77,28
gps_enabled/20260928-174833,2,645.8,108.77,28
gps_enabled/20260928-174833,2,646.8,108.77,28
gps_enabled/20260928-174833,2,648.8,108.77,28
gps_enabled/20260928-174833,2,650.8,108.77,28
gps_enabled/20260928-174833,2,652.8,108.77,28
gps_enabled/20260928-174833,2,654.8,108.77,28
gps_enabled/20260928-174833,2,656.8,108.77,28
gps_enabled/20260928-174833,2,658.8,108.77,28
gps_enabled/20260928-174833,2,659.8,108.77,28
gps_enabled/20260928-174833,2,661.8,108.77,28
gps_enabled/20260928-174833,2,663.79,108.77,28
gps_enabled/20260928-174833,2,664.8,108.77,28
gps_enabled/20260928-174833,2,666.79,108.77,28
gps_enabled/20260928-174833,2,667.79,108.77,28
gps_enabled/20260928-174833,2,669.79,108.77,28
gps_enabled/20260928-174833,2,671.79,108.77,28
gps_enabled/20260928-174833,2,672.79,108.77,28
gps_enabled/20260928-174833,2,673.79,108.77,28
gps_enabled/20260928-174833,2,675.79,108.77,28
gps_enabled/20260928-174833,2,677.8,108.77,28
gps_enabled/20260928-174833,2,679.8,108.77,28
gps_enabled/20260928-174833,2,681.79,108.77,28
gps_enabled/20260928-174833,2,683.79,108.77,28
gps_enabled/20260928-174833,2,685.79,108.77,28
gps_enabled/20260928-174833,2,687.79,108.77,28
gps_enabled/20260928-174833,2,688.79,108.77,28
gps_enabled/20260928-174833,2,690.79,108.77,28
gps_enabled/20260928-174833,2,691.8,108.77,28
gps_enabled/20260928-174833,2,692.8,108.77,28
gps_enabled/20260928-174833,2,694.8,108.77,28
gps_enabled/20260928-174833,2,696.8,108.77,28
gps_enabled/20260928-174833,2,697.8,108.77,28
gps_enabled/20260928-174833,2,698.8,108.77,28
gps_enabled/20260928-174833,2,700.8,108.77,28
gps_enabled/20260928-174833,2,701.8,108.77,28
gps_enabled/20260928-174833,2,703.8,108.77,28
gps_enabled/20260928-174833,2,704.8,108.77,28
gps_enabled/20260928-174833,2,706.8,108.77,28
gps_enabled/20260928-174833,2,708.8,108.77,28
gps_enabled/20260928-174833,2,710.79,108.77,28
gps_enabled/20260928-174833,2,711.8,108.77,28
gps_enabled/20260928-174833,2,713.8,108.77,28
gps_enabled/20260928-174833,2,714.8,108.77,28
gps_enabled/20260928-174833,2,715.8,108.77,28
gps_enabled/20260928-174833,2,717.8,108.77,28
gps_enabled/20260928-174833,2,719.8,108.77,28
gps_enabled/20260928-174833,2,721.8,108.77,28
gps_enabled/20260928-174833,2,723.79,108.77,28
gps_enabled/20260928-174833,2,724.8,108.77,28
gps_enabled/20260928-174833,2,726.79,108.77,28
gps_enabled/20260928-174833,2,727.8,108.77,28
gps_enabled/20260928-174833,2,729.79,108.77,28
gps_enabled/20260928-174833,2,730.8,108.77,28
gps_enabled/20260928-174833,2,732.79,108.77,28
gps_enabled/20260928-174833,2,733.8,108.77,28
gps_enabled/20260928-174833,2,735.8,108.77,28
gps_enabled/20260928-174833,2,736.8,108.77,28
gps_enabled/20260928-174833,2,738.79,108.77,28
gps_enabled/20260928-174833,2,739.8,108.77,28
gps_enabled/20260928-174833,2,741.79,108.77,28
gps_enabled/20260928-174833,2,743.79,108.77,28
gps_enabled/20260928-174833,2,744.8,108.77,28
gps_enabled/20260928-174833,2,745.8,108.77,28
gps_enabled/20260928-174833,2,747.8,108.77,28
gps_enabled/20260928-174833,2,748.8,108.77,28
gps_enabled/20260928-174833,2,750.8,108.77,28
gps_enabled/20260928-174833,2,752.8,108.77,28
gps_enabled/20260928-174833,2,753.8,108.77,28
gps_enabled/20260928-174833,2,754.8,108.77,28
gps_enabled/20260928-174833,2,756.79,108.77,28
gps_enabled/20260928-174833,2,758.79,108.77,28
gps_enabled/20260928-174833,2,759.8,108.77,28
gps_enabled/20260928-174833,2,760.8,108.77,28
gps_enabled/20260928-174833,2,761.8,108.77,28
gps_enabled/20260928-174833,2,763.79,108.77,28
gps_enabled/20260928-174833,2,764.8,108.77,28
gps_enabled/20260928-174833,2,766.8,108.77,28
gps_enabled/20260928-174833,2,767.8,108.77,28
gps_enabled/20260928-174833,2,769.79,108.77,28
gps_enabled/20260928-174833,2,771.79,108.77,28
gps_enabled/20260928-174833,2,773.8,108.77,28
gps_enabled/20260928-174833,2,775.79,108.77,28
gps_enabled/20260928-174833,2,776.79,108.77,28
gps_enabled/20260928-174833,2,778.79,108.77,28
gps_enabled/20260928-174833,2,779.79,108.77,28
gps_enabled/20260928-174833,2,781.79,108.77,28
gps_enabled/20260928-174833,2,783.79,108.77,28
gps_enabled/20260928-174833,2,784.79,108.77,28
gps_enabled/20260928-174833,2,785.79,108.77,28
gps_enabled/20260928-174833,2,787.8,108.77,28
gps_enabled/20260928-174833,2,789.8,108.77,28
gps_enabled/20260928-174833,2,790.8,108.77,28
gps_enabled/20260928-174833,2,792.8,108.77,28
gps_enabled/20260928-174833,2,794.8,108.77,28
gps_enabled/20260928-174833,2,796.79,108.77,28
gps_enabled/20260928-174833,2,797.79,108.77,28
gps_enabled/20260928-174833,2,799.79,108.77,28
gps_enabled/20260928-174833,2,800.79,108.77,28
gps_enabled/20260928-174833,2,802.79,108.77,28
gps_enabled/20260928-174833,2,803.79,108.77,28
gps_enabled/20260928-174833,2,804.8,108.77,28
gps_enabled/20260928-174833,2,805.8,108.77,28
gps_enabled/20260928-174833,2,807.8,108.77,28
gps_enabled/20260928-174833,2,808.8,108.77,28
gps_enabled/20260928-174833,2,809.8,108.77,28
gps_enabled/20260928-174833,2,810.8,108.77,28
gps_enabled/20260928-174833,2,812.8,108.77,28
gps_enabled/20260928-174833,2,814.8,108.77,28
gps_enabled/20260928-174833,2,815.8,108.77,28
gps_enabled/20260928-174833,2,817.79,108.77,28
gps_enabled/20260928-174833,2,818.79,108.77,28
gps_enabled/20260928-174833,2,819.8,108.77,28
gps_enabled/20260928-174833,2,821.79,108.77,28
gps_enabled/20260928-174833,2,822.8,108.77,28
gps_enabled/20260928-174833,2,823.8,108.77,28
gps_enabled/20260928-174833,2,825.8,108.77,28
gps_enabled/20260928-174833,2,827.79,108.77,28
gps_enabled/20260928-174833,2,828.8,108.77,28
gps_enabled/20260928-174833,2,830.8,108.77,28
gps_enabled/20260928-174833,2,832.8,108.77,28
gps_enabled/20260928-174833,2,834.8,108.77,28
gps_enabled/20260928-174833,2,835.8,108.77,28
gps_enabled/20260928-174833,2,837.8,108.77,28
gps_enabled/20260928-174833,2,839.8,108.77,28
gps_enabled/20260928-174833,2,840.8,108.77,28
gps_enabled/20260928-174833,2,842.8,108.77,28
gps_enabled/20260928-174833,2,843.8,108.77,28
gps_enabled/20260928-174833,2,845.8,108.77,28
gps_enabled/20260928-174833,2,846.8,108.77,28
gps_enabled/20260928-174833,2,848.8,108.77,28
gps_enabled/20260928-174833,2,850.79,108.77,28
gps_enabled/20260928-174833,2,851.8,108.77,28
gps_enabled/20260928-174833,2,853.8,108.77,28
gps_enabled/20260928-174833,2,854.8,108.77,28
gps_enabled/20260928-174833,2,856.79,108.77,28
gps_enabled/20260928-174833,2,857.8,108.77,28
gps_enabled/20260928-174833,2,859.8,108.77,28
gps_enabled/20260928-174833,2,861.8,108.77,28
gps_enabled/20260928-174833,2,862.8,108.77,28
gps_enabled/20260928-174833,2,864.8,108.77,28
gps_enabled/20260928-174833,2,866.8,108.77,28
gps_enabled/20260928-174833,2,868.79,108.77,28
gps_enabled/20260928-174833,2,869.79,108.77,28
gps_enabled/20260928-174833,2,871.79,108.77,28
gps_enabled/20260928-174833,2,872.79,108.77,28
gps_enabled/20260928-174833,2,873.79,108.77,28
gps_enabled/20260928-174833,2,875.79,108.77,28
gps_enabled/20260928-174833,2,876.79,108.77,28
gps_enabled/20260928-174833,2,877.8,108.77,28
gps_enabled/20260928-174833,2,879.79,108.77,28
gps_enabled/20260928-174833,2,881.79,108.77,28
gps_enabled/20260928-174833,2,883.79,108.77,28
gps_enabled/20260928-174833,2,885.8,108.77,28
gps_enabled/20260928-174833,2,887.8,108.77,28
gps_enabled/20260928-174833,2,889.8,108.77,28
gps_enabled/20260928-174833,2,891.8,108.77,28
gps_enabled/20260928-174833,2,892.8,108.77,28
gps_enabled/20260928-174833,2,894.8,108.77,28
gps_enabled/20260928-174833,2,896.79,108.77,28
gps_enabled/20260928-174833,2,897.79,108.77,28
gps_enabled/20260928-174833,2,899.8,108.77,28
gps_enabled/20260928-174833,2,901.79,108.77,28
gps_enabled/20260928-174833,2,902.79,108.77,28
gps_enabled/20260928-174833,2,904.79,108.77,28
gps_enabled/20260928-174833,2,906.8,108.77,28
gps_enabled/20260928-174833,2,907.8,108.77,28
gps_enabled/20260928-174833,2,909.8,108.77,28
gps_enabled/20260928-174833,2,910.8,108.77,28
gps_enabled/20260928-174833,2,912.79,108.77,28
gps_enabled/20260928-174833,2,913.8,108.77,28
gps_enabled/20260928-174833,2,914.8,108.77,28
gps_enabled/20260928-174833,2,916.8,108.77,28
gps_enabled/20260928-174833,2,918.79,108.77,28
gps_enabled/20260928-174833,2,919.79,108.77,28
gps_enabled/20260928-174833,2,920.8,108.77,28
gps_enabled/20260928-174833,2,922.8,108.77,28
gps_enabled/20260928-174833,2,923.8,108.77,28
gps_enabled/20260928-174833,2,925.8,108.77,28
gps_enabled/20260928-174833,2,927.8,108.77,28
gps_enabled/20260928-174833,2,929.79,108.77,28
gps_enabled/20260928-174833,2,930.8,108.77,28
gps_enabled/20260928-174833,2,931.8,108.77,28
gps_enabled/20260928-174833,2,933.8,108.77,28
gps_enabled/20260928-174833,2,935.8,108.77,28
gps_enabled/20260928-174833,2,936.8,108.77,28
gps_enabled/20260928-174833,2,938.79,108.77,28
gps_enabled/20260928-174833,2,940.8,108.77,28
gps_enabled/20260928-174833,2,942.8,108.77,28
gps_enabled/20260928-174833,2,943.8,108.77,28
gps_enabled/20260928-174833,2,945.8,108.77,28
gps_enabled/20260928-174833,2,947.79,108.77,28
gps_enabled/20260928-174833,2,948.79,108.77,28
gps_enabled/20260928-174833,2,950.79,108.77,28
gps_enabled/20260928-174833,2,952.79,108.77,28
gps_enabled/20260928-174833,2,953.79,108.77,28
gps_enabled/20260928-174833,2,954.79,108.77,28
gps_enabled/20260928-174833,2,956.79,108.77,28
gps_enabled/20260928-174833,2,957.8,108.77,28
gps_enabled/20260928-174833,2,958.8,108.77,28
gps_enabled/20260928-174833,2,959.8,108.77,28
gps_enabled/20260928-174833,2,961.8,108.77,28
gps_enabled/20260928-174833,2,963.8,108.77,28
gps_enabled/20260928-174833,2,964.8,108.77,28
gps_enabled/20260928-174833,2,965.8,108.77,28
gps_enabled/20260928-174833,2,967.8,108.77,28
gps_enabled/20260928-174833,2,969.79,108.77,28
gps_enabled/20260928-174833,2,970.8,108.77,28
gps_enabled/20260928-174833,2,972.8,108.77,28
gps_enabled/20260928-174833,2,974.79,108.77,28
gps_enabled/20260928-174833,2,976.8,108.77,28
gps_enabled/20260928-174833,2,978.8,108.77,28
gps_enabled/20260928-174833,2,980.8,108.77,28
gps_enabled/20260928-174833,2,981.8,108.77,28
gps_enabled/20260928-174833,2,982.8,108.77,28
gps_enabled/20260928-174833,2,984.79,108.77,28
gps_enabled/20260928-174833,2,985.8,108.77,28
gps_enabled/20260928-174833,2,986.8,108.77,28
gps_enabled/20260928-174833,2,988.8,108.77,28
gps_enabled/20260928-174833,2,990.8,108.77,28
gps_enabled/20260928-174833,2,992.8,108.77,28
gps_enabled/20260928-174833,2,994.8,108.77,28
gps_enabled/20260928-174833,2,996.8,108.77,28
gps_enabled/20260928-174833,2,998.8,108.77,28
gps_enabled/20260928-174833,2,1000.79,108.77,28
gps_enabled/20260928-174833,2,1001.8,108.77,28
gps_enabled/20260928-174833,2,1003.79,108.77,28
gps_enabled/20260928-174833,2,1004.8,108.77,28
gps_enabled/20260928-174833,2,1005.8,108.77,28
gps_enabled/20260928-174833,2,1006.8,108.77,28
gps_enabled/20260928-174833,2,1008.79,108.77,28
gps_enabled/20260928-174833,2,1009.8,108.77,28
gps_enabled/20260928-174833,2,1010.8,108.77,28
gps_enabled/20260928-174833,2,1011.8,108.77,28
gps_enabled/20260928-174833,2,1013.79,108.77,28
gps_enabled/20260928-174833,2,1014.8,108.77,28
gps_enabled/20260928-174833,2,1016.8,108.77,28
gps_enabled/20260928-174833,2,1018.79,108.77,28
gps_enabled/20260928-174833,2,1020.79,108.77,28
gps_enabled/20260928-174833,2,1021.8,108.77,28
gps_enabled/20260928-174833,2,1023.8,108.77,28
gps_enabled/20260928-174833,2,1025.8,108.77,28
gps_enabled/20260928-174833,2,1026.8,108.77,28
gps_enabled/20260928-174833,2,1028.8,108.77,28
gps_enabled/20260928-174833,2,1030.8,108.77,28
gps_enabled/20260928-174833,2,1032.8,108.77,28
gps_enabled/20260928-174833,2,1034.8,108.77,28
gps_enabled/20260928-174833,2,1036.79,108.77,28
gps_enabled/20260928-174833,2,1037.79,108.77,28
gps_enabled/20260928-174833,2,1038.8,108.77,28
gps_enabled/20260928-174833,2,1039.8,108.77,28
gps_enabled/20260928-174833,2,1040.8,108.77,28
gps_enabled/20260928-174833,2,1042.8,108.77,28
gps_enabled/20260928-174833,2,1044.79,108.77,28
gps_enabled/20260928-174833,2,1046.79,108.77,28
gps_enabled/20260928-174833,2,1047.8,108.77,28
gps_enabled/20260928-174833,2,1049.79,109.13,28
gps_enabled/20260928-174833,2,1051.79,109.13,28
gps_enabled/20260928-174833,2,1053.79,109.13,28
gps_enabled/20260928-174833,2,1054.8,109.13,28
gps_enabled/20260928-174833,2,1055.8,109.13,28
gps_enabled/20260928-174833,2,1057.8,109.13,28
gps_enabled/20260928-174833,2,1059.8,109.13,28
gps_enabled/20260928-174833,2,1061.8,109.13,28
gps_enabled/20260928-174833,2,1063.79,109.13,28
gps_enabled/20260928-174833,2,1064.8,109.13,28
gps_enabled/20260928-174833,2,1066.8,109.13,28
gps_enabled/20260928-174833,2,1068.8,109.13,28
gps_enabled/20260928-174833,2,1069.8,109.13,28
gps_enabled/20260928-174833,2,1071.8,109.13,28
gps_enabled/20260928-174833,2,1073.79,109.13,28
gps_enabled/20260928-174833,2,1075.8,109.13,28
gps_enabled/20260928-174833,2,1077.8,109.13,28
gps_enabled/20260928-174833,2,1078.8,109.13,28
gps_enabled/20260928-174833,2,1080.8,109.13,28
gps_enabled/20260928-174833,2,1081.8,109.13,28
gps_enabled/20260928-174833,2,1082.8,109.13,28
gps_enabled/20260928-174833,2,1083.8,109.13,28
gps_enabled/20260928-174833,2,1085.8,109.13,28
gps_enabled/20260928-174833,2,1087.8,109.13,28
gps_enabled/20260928-174833,2,1089.8,109.13,28
gps_enabled/20260928-174833,2,1091.8,109.13,28
gps_enabled/20260928-174833,2,1093.8,109.13,28
gps_enabled/20260928-174833,2,1095.8,109.13,28
gps_enabled/20260928-174833,2,1096.8,109.13,28
gps_enabled/20260928-174833,2,1098.8,109.13,28
gps_enabled/20260928-174833,2,1100.8,109.13,28
gps_enabled/20260928-174833,2,1102.8,109.13,28
gps_enabled/20260928-174833,2,1103.8,109.13,28
gps_enabled/20260928-174833,2,1105.8,109.13,28
gps_enabled/20260928-174833,2,1106.8,109.13,28
gps_enabled/20260928-174833,2,1108.8,109.13,28
gps_enabled/20260928-174833,2,1110.8,109.13,28
gps_enabled/20260928-174833,2,1111.8,109.13,28
gps_enabled/20260928-174833,2,1113.79,109.13,28
gps_enabled/20260928-174833,2,1115.79,109.13,28
gps_enabled/20260928-174833,2,1116.8,109.13,28
gps_enabled/20260928-174833,2,1117.8,109.13,28
gps_enabled/20260928-174833,2,1119.79,109.13,28
gps_enabled/20260928-174833,2,1120.79,109.13,28
gps_enabled/20260928-174833,2,1122.79,109.13,28
gps_enabled/20260928-174833,2,1123.79,109.13,28
gps_enabled/20260928-174833,2,1125.79,109.13,28
gps_enabled/20260928-174833,2,1126.79,109.13,28
gps_enabled/20260928-174833,2,1127.79,109.13,28
gps_enabled/20260928-174833,2,1129.8,109.13,28
gps_enabled/20260928-174833,2,1131.79,109.13,28
gps_enabled/20260928-174833,2,1132.79,109.13,28
gps_enabled/20260928-174833,2,1134.79,109.13,28
gps_enabled/20260928-174833,2,1135.79,109.13,28
gps_enabled/20260928-174833,2,1137.79,109.13,28
gps_enabled/20260928-174833,2,1138.8,109.13,28
gps_enabled/20260928-174833,2,1140.79,109.13,28
gps_enabled/20260928-174833,2,1141.8,109.13,28
gps_enabled/20260928-174833,2,1143.79,109.13,28
gps_enabled/20260928-174833,2,1145.79,109.13,28
gps_enabled/20260928-174833,2,1146.79,109.13,28
gps_enabled/20260928-174833,2,1147.8,109.13,28
gps_enabled/20260928-174833,2,1149.79,109.13,28
gps_enabled/20260928-174833,2,1150.8,109.13,28
gps_enabled/20260928-174833,2,1152.8,109.13,28
gps_enabled/20260928-174833,2,1153.8,109.13,28
gps_enabled/20260928-174833,2,1155.79,109.13,28
gps_enabled/20260928-174833,2,1156.8,109.13,28
gps_enabled/20260928-174833,2,1158.8,109.13,28
gps_enabled/20260928-174833,2,1159.8,109.13,28
gps_enabled/20260928-174833,2,1161.8,109.13,28
gps_enabled/20260928-174833,2,1163.79,109.13,28
gps_enabled/20260928-174833,2,1164.8,109.13,28
gps_enabled/20260928-174833,2,1166.8,109.13,28
gps_enabled/20260928-174833,2,1168.8,109.13,28
gps_enabled/20260928-174833,2,1170.8,109.13,28
gps_enabled/20260928-174833,2,1172.79,109.13,28
gps_enabled/20260928-174833,2,1173.8,109.13,28
gps_enabled/20260928-174833,2,1175.8,109.13,28
gps_enabled/20260928-174833,2,1176.8,109.13,28
gps_enabled/20260928-174833,2,1177.8,109.13,28
gps_enabled/20260928-174833,2,1179.79,109.13,28
gps_enabled/20260928-174833,2,1181.8,109.13,28
gps_enabled/20260928-174833,2,1183.79,109.13,28
gps_enabled/20260928-174833,2,1184.8,109.13,28
gps_enabled/20260928-174833,2,1186.8,109.13,28
gps_enabled/20260928-174833,2,1187.8,109.13,28
gps_enabled/20260928-174833,2,1189.79,109.13,28
gps_enabled/20260928-174833,2,1191.79,109.13,28
gps_enabled/20260928-174833,2,1192.8,109.13,28
gps_enabled/20260928-174833,2,1194.79,109.13,28
gps_enabled/20260928-174833,2,1195.8,109.13,28
gps_enabled/20260928-174833,2,1197.8,109.13,28
gps_enabled/20260928-174833,2,1199.8,109.13,28
gps_enabled/20260928-174833,2,1201.8,109.13,28
gps_enabled/20260928-174833,2,1203.8,109.13,28
gps_enabled/20260928-174833,2,1204.8,109.13,28
gps_enabled/20260928-174833,2,1206.79,109.13,28
gps_enabled/20260928-174833,2,1207.79,109.13,28
gps_enabled/20260928-174833,2,1208.8,109.13,28
gps_enabled/20260928-174833,2,1209.8,109.13,28
gps_enabled/20260928-174833,2,1211.79,109.13,28
gps_enabled/20260928-174833,2,1212.8,109.13,28
gps_enabled/20260928-174833,2,1214.79,109.13,28
gps_enabled/20260928-174833,2,1215.79,109.13,28
gps_enabled/20260928-174833,2,1216.8,109.13,28
gps_enabled/20260928-174833,2,1218.79,109.13,28
gps_enabled/20260928-174833,2,1219.8,109.13,28
gps_enabled/20260928-174833,2,1221.79,109.13,28
gps_enabled/20260928-174833,2,1222.79,109.13,28
gps_enabled/20260928-174833,2,1223.8,109.13,28
gps_enabled/20260928-174833,2,1224.8,109.13,28
gps_enabled/20260928-174833,2,1225.8,109.13,28
gps_enabled/20260928-174833,2,1226.8,109.13,28
gps_enabled/20260928-174833,2,1227.8,109.13,28
gps_enabled/20260928-174833,2,1229.79,109.13,28
gps_enabled/20260928-174833,2,1230.8,109.13,28
gps_enabled/20260928-174833,2,1231.8,109.13,28
gps_enabled/20260928-174833,2,1233.79,109.13,28
gps_enabled/20260928-174833,2,1234.79,109.13,28
gps_enabled/20260928-174833,2,1235.8,109.13,28
gps_enabled/20260928-174833,2,1237.8,109.13,28
gps_enabled/20260928-174833,2,1239.79,109.13,28
gps_enabled/20260928-174833,2,1240.8,109.13,28
gps_enabled/20260928-174833,2,1242.8,109.13,28
gps_enabled/20260928-174833,2,1244.79,109.13,28
gps_enabled/20260928-174833,2,1245.8,109.13,28
gps_enabled/20260928-174833,2,1247.79,109.13,28
gps_enabled/20260928-174833,2,1249.8,109.13,28
gps_enabled/20260928-174833,2,1251.8,109.13,28
gps_enabled/20260928-174833,2,1253.79,109.13,28
gps_enabled/20260928-174833,2,1255.79,109.13,28
gps_enabled/20260928-174833,2,1257.79,109.13,28
gps_enabled/20260928-174833,2,1258.79,109.13,28
gps_enabled/20260928-174833,2,1259.79,109.13,28
gps_enabled/20260928-174833,2,1260.79,109.13,28
gps_enabled/20260928-174833,2,1261.8,109.13,28
gps_enabled/20260928-174833,2,1263.8,109.13,28
gps_enabled/20260928-174833,2,1265.79,109.13,28
gps_enabled/20260928-174833,2,1267.79,109.13,28
gps_enabled/20260928-174833,2,1269.79,109.13,28
gps_enabled/20260928-174833,2,1270.8,109.13,28
gps_enabled/20260928-174833,2,1272.79,109.13,28
gps_enabled/20260928-174833,2,1273.79,109.13,28
gps_enabled/20260928-174833,2,1275.8,109.13,28
gps_enabled/20260928-174833,2,1277.8,109.13,28
gps_enabled/20260928-174833,2,1278.8,109.13,28
gps_enabled/20260928-174833,2,1280.8,109.13,28
gps_enabled/20260928-174833,2,1281.8,109.13,28
gps_enabled/20260928-174833,2,1282.8,109.13,28
gps_enabled/20260928-174833,2,1284.8,109.13,28
gps_enabled/20260928-174833,2,1285.8,109.13,28
gps_enabled/20260928-174833,2,1287.8,109.13,28
gps_enabled/20260928-174833,2,1289.8,109.13,28
gps_enabled/20260928-174833,2,1291.79,109.13,28
gps_enabled/20260928-174833,2,1292.79,109.13,28
gps_enabled/20260928-174833,2,1294.8,109.13,28
gps_enabled/20260928-174833,2,1296.79,109.13,28
gps_enabled/20260928-174833,2,1297.8,109.13,28
gps_enabled/20260928-174833,2,1298.8,109.13,28
gps_enabled/20260928-174833,2,1300.79,109.13,28
gps_enabled/20260928-174833,2,1301.79,109.13,28
gps_enabled/20260928-174833,2,1302.8,109.13,28
gps_enabled/20260928-174833,2,1304.8,109.13,28
gps_enabled/20260928-174833,2,1306.79,109.13,28
gps_enabled/20260928-174833,2,1307.8,109.13,28
gps_enabled/20260928-174833,2,1309.8,109.13,28
gps_enabled/20260928-174833,2,1310.8,109.13,28
gps_enabled/20260928-174833,2,1312.8,109.13,28
gps_enabled/20260928-174833,2,1313.8,109.13,28
gps_enabled/20260928-174833,2,1315.79,109.13,28
gps_enabled/20260928-174833,2,1316.8,109.13,28
gps_enabled/20260928-174833,2,1318.8,109.13,28
gps_enabled/20260928-174833,2,1319.8,109.13,28
gps_enabled/20260928-174833,2,1321.8,109.13,28
gps_enabled/20260928-174833,2,1323.8,109.13,28
gps_enabled/20260928-174833,2,1325.8,109.13,28
gps_enabled/20260928-174833,2,1326.8,109.13,28
gps_enabled/20260928-174833,2,1328.8,109.13,28
gps_enabled/20260928-174833,2,1330.8,109.13,28
gps_enabled/20260928-174833,2,1332.8,109.13,28
gps_enabled/20260928-174833,2,1334.79,109.13,28
gps_enabled/20260928-174833,2,1335.8,109.13,28
gps_enabled/20260928-174833,2,1336.8,109.13,28
gps_enabled/20260928-174833,2,1338.79,109.13,28
gps_enabled/20260928-174833,2,1339.79,109.13,28
gps_enabled/20260928-174833,2,1340.8,109.13,28
gps_enabled/20260928-174833,2,1342.79,109.13,28
gps_enabled/20260928-174833,2,1343.8,109.13,28
gps_enabled/20260928-174833,2,1345.79,109.13,28
gps_enabled/20260928-174833,2,1346.8,109.13,28
gps_enabled/20260928-174833,2,1348.79,109.13,28
gps_enabled/20260928-174833,2,1349.8,109.13,28
gps_enabled/20260928-174833,2,1351.79,109.13,28
gps_enabled/20260928-174833,2,1352.79,109.13,28
gps_enabled/20260928-174833,2,1354.79,109.13,28
gps_enabled/20260928-174833,2,1355.79,109.13,28
gps_enabled/20260928-174833,2,1356.79,109.13,28
gps_enabled/20260928-174833,2,1357.79,109.13,28
gps_enabled/20260928-174833,2,1359.79,109.13,28
gps_enabled/20260928-174833,2,1361.79,109.13,28
gps_enabled/20260928-174833,2,1363.8,109.13,28
gps_enabled/20260928-174833,2,1365.8,109.13,28
gps_enabled/20260928-174833,2,1367.8,109.13,28
gps_enabled/20260928-174833,2,1368.8,109.13,28
gps_enabled/20260928-174833,2,1370.8,109.13,28
gps_enabled/20260928-174833,2,1372.8,109.13,28
gps_enabled/20260928-174833,2,1374.8,109.13,28
gps_enabled/20260928-174833,2,1376.79,109.13,28
gps_enabled/20260928-174833,2,1377.79,109.13,28
gps_enabled/20260928-174833,2,1378.8,109.13,28
gps_enabled/20260928-174833,2,1379.8,109.13,28
gps_enabled/20260928-174833,2,1380.8,109.13,28
gps_enabled/20260928-174833,2,1382.8,109.13,28
gps_enabled/20260928-174833,2,1383.8,109.13,28
gps_enabled/20260928-174833,2,1385.8,109.13,28
gps_enabled/20260928-174833,2,1386.8,109.13,28
gps_enabled/20260928-174833,2,1388.79,109.13,28
gps_enabled/20260928-174833,2,1389.8,109.13,28
gps_enabled/20260928-174833,2,1391.79,109.13,28
gps_enabled/20260928-174833,2,1392.8,109.13,28
gps_enabled/20260928-174833,2,1394.79,109.13,28
gps_enabled/20260928-174833,2,1395.79,109.13,28
gps_enabled/20260928-174833,2,1396.79,109.13,28
gps_enabled/20260928-174833,2,1397.8,109.13,28
gps_enabled/20260928-174833,2,1398.8,109.13,28
gps_enabled/20260928-174833,2,1400.79,109.13,28
gps_enabled/20260928-174833,2,1401.79,109.13,28
gps_enabled/20260928-174833,2,1402.8,109.13,28
gps_enabled/20260928-174833,2,1404.79,109.13,28
gps_enabled/20260928-174833,2,1405.79,109.13,28
gps_enabled/20260928-174833,2,1406.8,109.13,28
gps_enabled/20260928-174833,2,1408.79,109.13,28
gps_enabled/20260928-174833,2,1409.8,109.13,28
gps_enabled/20260928-174833,2,1410.8,109.13,28
gps_enabled/20260928-174833,2,1412.79,109.13,28
gps_enabled/20260928-174833,2,1413.79,109.13,28
gps_enabled/20260928-174833,2,1415.79,109.13,28
gps_enabled/20260928-174833,2,1416.8,109.13,28
gps_enabled/20260928-174833,2,1418.79,109.13,28
gps_enabled/20260928-174833,2,1419.8,109.13,28
gps_enabled/20260928-174833,2,1421.8,109.13,28
gps_enabled/20260928-174833,2,1423.79,109.13,28
gps_enabled/20260928-174833,2,1424.79,109.13,28
gps_enabled/20260928-174833,2,1425.8,109.13,28
gps_enabled/20260928-174833,2,1427.8,109.13,28
gps_enabled/20260928-174833,2,1429.8,109.13,28
gps_enabled/20260928-174833,2,1430.8,109.13,28
gps_enabled/20260928-174833,2,1432.8,109.13,28
gps_enabled/20260928-174833,2,1433.8,109.13,28
gps_enabled/20260928-174833,2,1434.8,109.13,28
gps_enabled/20260928-174833,2,1436.8,109.13,28
gps_enabled/20260928-174833,2,1438.8,109.13,28
gps_enabled/20260928-174833,2,1440.8,109.13,28
gps_enabled/20260928-174833,2,1442.8,109.13,28
gps_enabled/20260928-174833,2,1443.8,109.13,28
gps_enabled/20260928-174833,2,1444.8,109.13,28
gps_enabled/20260928-174833,2,1446.8,109.13,28
gps_enabled/20260928-174833,2,1448.8,109.13,28
gps_enabled/20260928-174833,2,1450.8,109.13,28
gps_enabled/20260928-174833,2,1451.8,109.13,28
gps_enabled/20260928-174833,2,1452.8,109.13,28
gps_enabled/20260928-174833,2,1454.79,109.13,28
gps_enabled/20260928-174833,2,1455.79,109.13,28
gps_enabled/20260928-174833,2,1456.8,109.13,28
gps_enabled/20260928-174833,2,1458.8,109.13,28
gps_enabled/20260928-174833,2,1460.8,109.13,28
gps_enabled/20260928-174833,2,1462.79,109.13,28
gps_enabled/20260928-174833,2,1463.8,109.13,28
gps_enabled/20260928-174833,2,1464.8,109.13,28
gps_enabled/20260928-174833,2,1465.8,109.13,28
gps_enabled/20260928-174833,2,1467.8,109.13,28
gps_enabled/20260928-174833,2,1469.79,109.13,28
gps_enabled/20260928-174833,2,1470.8,109.13,28
gps_enabled/20260928-174833,2,1471.8,109.13,28
gps_enabled/20260928-174833,2,1473.79,109.13,28
gps_enabled/20260928-174833,2,1474.8,109.13,28
gps_enabled/20260928-174833,2,1476.8,109.13,28
gps_enabled/20260928-174833,2,1478.79,109.13,28
gps_enabled/20260928-174833,2,1479.79,109.31,28
gps_enabled/20260928-174833,2,1480.8,109.31,28
gps_enabled/20260928-174833,2,1481.8,109.31,28
gps_enabled/20260928-174833,2,1483.8,109.31,28
gps_enabled/20260928-174833,2,1485.8,109.31,28
gps_enabled/20260928-174833,2,1487.79,109.31,28
gps_enabled/20260928-174833,2,1489.8,109.31,28
gps_enabled/20260928-174833,2,1490.8,109.31,28
gps_enabled/20260928-174833,2,1491.8,109.31,28
gps_enabled/20260928-174833,2,1493.79,109.31,28
gps_enabled/20260928-174833,2,1495.79,109.31,28
gps_enabled/20260928-174833,2,1496.79,109.31,28
gps_enabled/20260928-174833,2,1497.79,109.31,28
gps_enabled/20260928-174833,2,1499.79,109.31,28
gps_enabled/20260928-174833,2,1500.8,109.31,28
gps_enabled/20260928-174833,2,1502.8,109.31,28
gps_enabled/20260928-174833,2,1504.8,109.31,28
gps_enabled/20260928-174833,2,1505.8,109.31,28
gps_enabled/20260928-174833,2,1507.8,109.31,28
gps_enabled/20260928-174833,2,1509.8,109.31,28
gps_enabled/20260928-174833,2,1511.79,109.31,28
gps_enabled/20260928-174833,2,1512.79,109.31,28
gps_enabled/20260928-174833,2,1513.8,109.31,28
gps_enabled/20260928-174833,2,1515.79,109.31,28
gps_enabled/20260928-174833,2,1516.8,109.31,28
gps_enabled/20260928-174833,2,1518.79,109.31,28
gps_enabled/20260928-174833,2,1519.79,109.31,28
gps_enabled/20260928-174833,2,1520.8,109.31,28
gps_enabled/20260928-174833,2,1521.8,109.31,28
gps_enabled/20260928-174833,2,1523.8,109.31,28
gps_enabled/20260928-174833,2,1525.8,109.31,28
gps_enabled/20260928-174833,2,1527.8,109.31,28
gps_enabled/20260928-174833,2,1528.8,109.31,28
gps_enabled/20260928-174833,2,1530.8,109.31,28
gps_enabled/20260928-174833,2,1532.8,109.31,28
gps_enabled/20260928-174833,2,1533.8,109.31,28
gps_enabled/20260928-174833,2,1535.8,109.31,28
gps_enabled/20260928-174833,2,1536.8,109.31,28
gps_enabled/20260928-174833,2,1538.8,109.31,28
gps_enabled/20260928-174833,2,1540.8,109.31,28
gps_enabled/20260928-174833,2,1542.8,109.31,28
gps_enabled/20260928-174833,2,1544.8,109.31,28
gps_enabled/20260928-174833,2,1545.8,109.31,28
gps_enabled/20260928-174833,2,1547.8,109.31,28
gps_enabled/20260928-174833,2,1548.8,109.31,28
gps_enabled/20260928-174833,2,1550.8,109.31,28
gps_enabled/20260928-174833,2,1551.8,109.31,28
gps_enabled/20260928-174833,2,1552.8,109.31,28
gps_enabled/20260928-174833,2,1554.8,109.31,28
gps_enabled/20260928-174833,2,1556.8,109.31,28
gps_enabled/20260928-174833,2,1557.8,109.31,28
gps_enabled/20260928-174833,2,1559.8,109.31,28
gps_enabled/20260928-174833,2,1560.8,109.31,28
gps_enabled/20260928-174833,2,1562.8,109.31,28
gps_enabled/20260928-174833,2,1564.8,109.31,28
gps_enabled/20260928-174833,2,1565.8,109.31,28
gps_enabled/20260928-174833,2,1567.79,109.31,28
gps_enabled/20260928-174833,2,1568.8,109.31,28
gps_enabled/20260928-174833,2,1570.79,109.31,28
gps_enabled/20260928-174833,2,1571.79,109.31,28
gps_enabled/20260928-174833,2,1573.79,109.31,28
gps_enabled/20260928-174833,2,1574.8,109.31,28
gps_enabled/20260928-174833,2,1576.79,109.31,28
gps_enabled/20260928-174833,2,1578.8,109.31,28
gps_enabled/20260928-174833,2,1580.8,109.31,28
gps_enabled/20260928-174833,2,1581.8,109.31,28
gps_enabled/20260928-174833,2,1583.79,109.31,28
gps_enabled/20260928-174833,2,1584.8,109.31,28
gps_enabled/20260928-174833,2,1585.8,109.31,28
gps_enabled/20260928-174833,2,1587.8,109.31,28
gps_enabled/20260928-174833,2,1588.8,109.31,28
gps_enabled/20260928-174833,2,1590.79,109.31,28
gps_enabled/20260928-174833,2,1591.8,109.31,28
gps_enabled/20260928-174833,2,1592.8,109.31,28
gps_enabled/20260928-174833,2,1594.8,109.31,28
gps_enabled/20260928-174833,2,1596.8,109.31,28
gps_enabled/20260928-174833,2,1598.8,109.31,28
gps_enabled/20260928-174833,2,1600.79,109.31,28
gps_enabled/20260928-174833,2,1601.8,109.31,28
gps_enabled/20260928-174833,2,1603.79,109.31,28
gps_enabled/20260928-174833,2,1605.79,109.31,28
gps_enabled/20260928-174833,2,1606.79,109.31,28
gps_enabled/20260928-174833,2,1607.8,109.31,28
gps_enabled/20260928-174833,2,1609.79,109.31,28
gps_enabled/20260928-174833,2,1610.79,109.31,28
gps_enabled/20260928-174833,2,1612.8,109.31,28
gps_enabled/20260928-174833,2,1613.8,109.31,28
gps_enabled/20260928-174833,2,1615.8,109.31,28
gps_enabled/20260928-174833,2,1617.79,109.31,28
gps_enabled/20260928-174833,2,1619.79,109.31,28
gps_enabled/20260928-174833,2,1621.8,109.31,28
gps_enabled/20260928-174833,2,1623.79,109.31,28
gps_enabled/20260928-174833,2,1624.79,109.31,28
gps_enabled/20260928-174833,2,1626.79,109.31,28
gps_enabled/20260928-174833,2,1627.8,109.31,28
gps_enabled/20260928-174833,2,1628.8,109.31,28
gps_enabled/20260928-174833,2,1630.8,109.31,28
gps_enabled/20260928-174833,2,1632.8,109.31,28
gps_enabled/20260928-174833,2,1634.79,109.31,28
gps_enabled/20260928-174833,2,1635.79,109.31,28
gps_enabled/20260928-174833,2,1636.8,109.31,28
gps_enabled/20260928-174833,2,1638.8,109.31,28
gps_enabled/20260928-174833,2,1640.8,109.31,28
gps_enabled/20260928-174833,2,1641.8,109.31,28
gps_enabled/20260928-174833,2,1643.79,109.31,28
gps_enabled/20260928-174833,2,1644.8,109.31,28
gps_enabled/20260928-174833,2,1646.79,109.31,28
gps_enabled/20260928-174833,2,1647.8,109.31,28
gps_enabled/20260928-174833,2,1649.8,109.31,28
gps_enabled/20260928-174833,2,1651.79,109.31,28
gps_enabled/20260928-174833,2,1652.8,109.31,28
gps_enabled/20260928-174833,2,1654.79,109.31,28
gps_enabled/20260928-174833,2,1655.8,109.31,28
gps_enabled/20260928-174833,2,1657.79,109.31,28
gps_enabled/20260928-174833,2,1658.8,109.31,28
gps_enabled/20260928-174833,2,1660.8,109.31,28
gps_enabled/20260928-174833,2,1661.8,109.31,28
gps_enabled/20260928-174833,2,1663.8,109.31,28
gps_enabled/20260928-174833,2,1665.79,109.31,28
gps_enabled/20260928-174833,2,1666.8,109.31,28
gps_enabled/20260928-174833,2,1668.8,109.31,28
gps_enabled/20260928-174833,2,1669.8,109.31,28
gps_enabled/20260928-174833,2,1671.79,109.31,28
gps_enabled/20260928-174833,2,1672.8,109.31,28
gps_enabled/20260928-174833,2,1673.8,109.31,28
gps_enabled/20260928-174833,2,1675.79,109.31,28
gps_enabled/20260928-174833,2,1676.8,109.31,28
gps_enabled/20260928-174833,2,1677.8,109.31,28
gps_enabled/20260928-174833,2,1679.79,109.31,28
gps_enabled/20260928-174833,2,1680.8,109.31,28
gps_enabled/20260928-174833,2,1682.8,109.31,28
gps_enabled/20260928-174833,2,1684.79,109.31,28
gps_enabled/20260928-174833,2,1685.8,109.31,28
gps_enabled/20260928-174833,2,1687.8,109.31,28
gps_enabled/20260928-174833,2,1688.8,109.31,28
gps_enabled/20260928-174833,2,1690.8,109.31,28
gps_enabled/20260928-174833,2,1692.79,109.31,28
gps_enabled/20260928-174833,2,1693.8,109.31,28
gps_enabled/20260928-174833,2,1695.79,109.31,28
gps_enabled/20260928-174833,2,1696.79,109.31,28
gps_enabled/20260928-174833,2,1698.79,109.31,28
gps_enabled/20260928-174833,2,1700.79,109.31,28
gps_enabled/20260928-174833,2,1702.79,109.31,28
gps_enabled/20260928-174833,2,1703.79,109.31,28
gps_enabled/20260928-174833,2,1705.79,109.31,28
gps_enabled/20260928-174833,2,1706.79,109.31,28
gps_enabled/20260928-174833,2,1708.79,109.31,28
gps_enabled/20260928-181822,1,-45.46,3.65,
gps_enabled/20260928-181822,1,-43.46,3.65,
gps_enabled/20260928-181822,1,-42.46,3.65,
gps_enabled/20260928-181822,1,-40.46,3.65,
gps_enabled/20260928-181822,1,-38.46,3.65,
gps_enabled/20260928-181822,1,-37.46,3.65,
gps_enabled/20260928-181822,1,-35.46,3.65,
gps_enabled/20260928-181822,1,-33.46,3.65,
gps_enabled/20260928-181822,1,-31.46,3.65,
gps_enabled/20260928-181822,1,-29.46,3.65,
gps_enabled/20260928-181822,1,-28.46,3.65,
gps_enabled/20260928-181822,1,-26.46,3.65,
gps_enabled/20260928-181822,1,-25.46,3.65,
gps_enabled/20260928-181822,1,-23.46,3.65,
gps_enabled/20260928-181822,1,-22.46,3.65,
gps_enabled/20260928-181822,1,-20.46,3.65,
gps_enabled/20260928-181822,1,-18.46,3.65,
gps_enabled/20260928-181822,1,-17.46,3.65,
gps_enabled/20260928-181822,1,-15.46,3.65,
gps_enabled/20260928-181822,1,-14.46,3.65,
gps_enabled/20260928-181822,1,-13.46,3.65,
gps_enabled/20260928-181822,1,-11.46,3.65,
gps_enabled/20260928-181822,1,-10.46,3.65,
gps_enabled/20260928-181822,1,-8.46,3.65,
gps_enabled/20260928-181822,1,-7.46,3.65,
gps_enabled/20260928-181822,1,-5.46,3.65,
gps_enabled/20260928-181822,1,-3.46,3.65,
gps_enabled/20260928-181822,1,-2.46,3.65,
gps_enabled/20260928-181822,1,-0.46,3.65,
gps_enabled/20260928-181822,1,0.54,3.65,
gps_enabled/20260928-181822,1,2.54,3.65,
gps_enabled/20260928-181822,1,4.54,3.65,
gps_enabled/20260928-181822,1,6.54,3.65,
gps_enabled/20260928-181822,1,7.54,3.65,
gps_enabled/20260928-181822,1,8.54,3.65,
gps_enabled/20260928-181822,1,10.54,3.65,
gps_enabled/20260928-181822,1,12.54,3.65,
gps_enabled/20260928-181822,1,13.54,3.65,
gps_enabled/20260928-181822,1,15.54,3.65,
gps_enabled/20260928-181822,1,17.54,3.65,
gps_enabled/20260928-181822,1,19.54,3.65,
gps_enabled/20260928-181822,1,20.54,3.65,
gps_enabled/20260928-181822,1,22.54,3.65,3
gps_enabled/20260928-181822,1,23.54,7.3,3
gps_enabled/20260928-181822,1,24.54,7.3,7
gps_enabled/20260928-181822,1,25.54,10.6,7
gps_enabled/20260928-181822,1,27.54,12.76,7
gps_enabled/20260928-181822,1,28.54,14.2,7
gps_enabled/20260928-181822,1,29.54,15.27,7
gps_enabled/20260928-181822,1,30.54,16.2,7
gps_enabled/20260928-181822,1,31.54,16.8,7
gps_enabled/20260928-181822,1,32.54,18.07,7
gps_enabled/20260928-181822,1,34.54,19.18,7
gps_enabled/20260928-181822,1,35.54,19.94,7
gps_enabled/20260928-181822,1,37.54,20.64,8
gps_enabled/20260928-181822,1,38.54,21.54,8
gps_enabled/20260928-181822,1,39.54,22.16,8
gps_enabled/20260928-181822,1,40.54,23.4,8
gps_enabled/20260928-181822,1,42.54,25.57,8
gps_enabled/20260928-181822,1,43.54,29.22,8
gps_enabled/20260928-181822,1,44.54,34.29,8
gps_enabled/20260928-181822,1,45.54,36.56,8
gps_enabled/20260928-181822,1,46.54,39.89,8
gps_enabled/20260928-181822,1,48.54,42.15,8
gps_enabled/20260928-181822,1,49.54,42.15,11
gps_enabled/20260928-181822,1,50.54,42.92,11
gps_enabled/20260928-181822,1,52.54,44.04,11
gps_enabled/20260928-181822,1,53.54,44.58,11
gps_enabled/20260928-181822,1,54.54,45.68,11
gps_enabled/20260928-181822,1,56.54,46.51,11
gps_enabled/20260928-181822,1,58.54,47.13,11
gps_enabled/20260928-181822,1,59.54,47.7,11
gps_enabled/20260928-181822,1,61.54,48.78,11
gps_enabled/20260928-181822,1,63.54,49.77,11
gps_enabled/20260928-181822,1,64.54,50.16,11
gps_enabled/20260928-181822,1,65.54,50.28,11
gps_enabled/20260928-181822,1,66.54,50.8,11
gps_enabled/20260928-181822,1,68.54,52.32,11
gps_enabled/20260928-181822,1,70.54,57.85,11
gps_enabled/20260928-181822,1,71.54,60.01,11
gps_enabled/20260928-181822,1,73.54,65.97,11
gps_enabled/20260928-181822,1,75.54,68.29,11
gps_enabled/20260928-181822,1,77.54,70.29,11
gps_enabled/20260928-181822,1,78.54,70.9,11
gps_enabled/20260928-181822,1,79.54,71.09,11
gps_enabled/20260928-181822,1,81.54,71.5,26
gps_enabled/20260928-181822,1,82.54,71.5,26
gps_enabled/20260928-181822,1,83.54,71.61,26
gps_enabled/20260928-181822,1,85.54,71.74,26
gps_enabled/20260928-181822,1,86.54,71.9,26
gps_enabled/20260928-181822,1,87.55,72.03,26
gps_enabled/20260928-181822,1,89.54,72.22,26
gps_enabled/20260928-181822,1,90.55,72.26,26
gps_enabled/20260928-181822,1,92.54,72.36,26
gps_enabled/20260928-181822,1,93.54,72.4,26
gps_enabled/20260928-181822,1,94.55,72.43,26
gps_enabled/20260928-181822,1,96.54,72.47,26
gps_enabled/20260928-181822,1,97.54,72.47,26
gps_enabled/20260928-181822,1,98.55,72.47,26
gps_enabled/20260928-181822,1,100.54,72.48,14
gps_enabled/20260928-181822,1,101.54,72.48,14
gps_enabled/20260928-181822,1,102.55,72.48,14
gps_enabled/20260928-181822,1,103.55,72.48,14
gps_enabled/20260928-181822,1,105.55,72.48,14
gps_enabled/20260928-181822,1,106.55,72.48,14
gps_enabled/20260928-181822,1,107.55,72.48,14
gps_enabled/20260928-181822,1,108.55,72.48,14
gps_enabled/20260928-181822,1,110.55,72.49,14
gps_enabled/20260928-181822,1,112.55,72.87,14
gps_enabled/20260928-181822,1,113.55,72.98,14
gps_enabled/20260928-181822,1,115.55,73.14,14
gps_enabled/20260928-181822,1,116.55,73.18,14
gps_enabled/20260928-181822,1,118.55,73.27,14
gps_enabled/20260928-181822,1,119.55,73.37,11
gps_enabled/20260928-181822,1,120.55,73.53,11
gps_enabled/20260928-181822,1,122.55,73.99,11
gps_enabled/20260928-181822,1,124.55,74.41,11
gps_enabled/20260928-181822,1,126.55,75.72,11
gps_enabled/20260928-181822,1,127.55,77.62,11
gps_enabled/20260928-181822,1,129.55,81.36,11
gps_enabled/20260928-181822,1,131.55,83.7,11
gps_enabled/20260928-181822,1,133.55,85.64,11
gps_enabled/20260928-181822,1,135.55,86.74,14
gps_enabled/20260928-181822,1,136.55,86.92,14
gps_enabled/20260928-181822,1,137.55,87.04,14
gps_enabled/20260928-181822,1,139.55,87.59,14
gps_enabled/20260928-181822,1,140.55,87.66,14
gps_enabled/20260928-181822,1,141.55,87.84,14
gps_enabled/20260928-181822,1,142.55,87.95,14
gps_enabled/20260928-181822,1,144.55,88.72,14
gps_enabled/20260928-181822,1,145.55,89.22,14
gps_enabled/20260928-181822,1,146.55,89.39,14
gps_enabled/20260928-181822,1,148.55,90.69,14
gps_enabled/20260928-181822,1,149.55,92.33,14
gps_enabled/20260928-181822,1,150.55,93.44,14
gps_enabled/20260928-181822,1,151.55,95.53,14
gps_enabled/20260928-181822,1,152.56,96.49,14
gps_enabled/20260928-181822,1,154.55,99.49,14
gps_enabled/20260928-181822,1,156.55,100.38,20
gps_enabled/20260928-181822,1,157.55,101.02,20
gps_enabled/20260928-181822,1,158.55,101.48,20
gps_enabled/20260928-181822,1,160.55,102.23,20
gps_enabled/20260928-181822,1,161.55,102.56,20
gps_enabled/20260928-181822,1,163.55,103.28,20
gps_enabled/20260928-181822,1,165.55,104.09,20
gps_enabled/20260928-181822,1,167.55,104.06,20
gps_enabled/20260928-181822,1,168.55,105.59,20
gps_enabled/20260928-181822,1,170.55,109.1,20
gps_enabled/20260928-181822,1,171.55,110.37,20
gps_enabled/20260928-181822,1,173.56,111.28,20
gps_enabled/20260928-181822,1,175.55,112.15,20
gps_enabled/20260928-181822,1,176.56,112.67,15
gps_enabled/20260928-181822,1,178.55,114.55,15
gps_enabled/20260928-181822,1,179.56,115.42,15
gps_enabled/20260928-181822,1,181.56,116.3,15
gps_enabled/20260928-181822,1,183.56,116.92,15
gps_enabled/20260928-181822,1,185.55,117.52,19
gps_enabled/20260928-181822,1,186.56,117.77,19
gps_enabled/20260928-181822,1,188.55,118.1,19
gps_enabled/20260928-181822,1,189.56,118.47,19
gps_enabled/20260928-181822,1,190.56,118.62,19
gps_enabled/20260928-181822,1,192.56,119.63,19
gps_enabled/20260928-181822,1,193.56,121.16,19
gps_enabled/20260928-181822,1,194.56,123.23,19
gps_enabled/20260928-181822,1,195.56,124.61,19
gps_enabled/20260928-181822,1,197.56,128.06,19
gps_enabled/20260928-181822,1,198.56,131.83,19
gps_enabled/20260928-181822,1,200.56,136.43,17
gps_enabled/20260928-181822,1,202.56,142.84,17
gps_enabled/20260928-181822,1,204.56,146.39,17
gps_enabled/20260928-181822,1,205.56,147.49,17
gps_enabled/20260928-181822,1,207.56,148.46,17
gps_enabled/20260928-181822,1,208.56,149.26,17
gps_enabled/20260928-181822,1,209.56,150.02,17
gps_enabled/20260928-181822,1,211.56,155.41,17
gps_enabled/20260928-181822,1,213.56,162.53,25
gps_enabled/20260928-181822,1,214.57,164.31,25
gps_enabled/20260928-181822,1,216.57,166.36,25
gps_enabled/20260928-181822,1,218.56,167.17,25
gps_enabled/20260928-181822,1,220.57,167.8,25
gps_enabled/20260928-181822,1,222.57,167.97,25
gps_enabled/20260928-181822,1,224.57,168.18,25
gps_enabled/20260928-181822,1,226.56,168.34,25
gps_enabled/20260928-181822,1,228.57,169.63,25
gps_enabled/20260928-181822,1,229.57,170.1,25
gps_enabled/20260928-181822,1,231.57,172.02,25
gps_enabled/20260928-181822,1,232.57,172.39,33
gps_enabled/20260928-181822,1,233.57,172.92,33
gps_enabled/20260928-181822,1,235.56,173.47,33
gps_enabled/20260928-181822,1,236.56,173.61,33
gps_enabled/20260928-181822,1,237.57,173.89,33
gps_enabled/20260928-181822,1,238.57,174.2,33
gps_enabled/20260928-181822,1,240.57,174.46,33
gps_enabled/20260928-181822,1,242.57,174.72,33
gps_enabled/20260928-181822,1,243.57,174.78,33
gps_enabled/20260928-181822,1,244.57,174.82,33
gps_enabled/20260928-181822,1,245.57,174.96,33
gps_enabled/20260928-181822,1,247.57,175.08,33
gps_enabled/20260928-181822,1,248.57,175.21,33
gps_enabled/20260928-181822,1,250.56,175.33,33
gps_enabled/20260928-181822,1,252.56,175.4,11
gps_enabled/20260928-181822,1,253.57,175.41,11
gps_enabled/20260928-181822,1,255.56,175.6,11
gps_enabled/20260928-181822,1,256.57,175.75,11
gps_enabled/20260928-181822,1,257.57,176.19,11
gps_enabled/20260928-181822,1,259.57,177.21,11
gps_enabled/20260928-181822,1,261.56,181.18,11
gps_enabled/20260928-181822,1,262.56,182.75,11
gps_enabled/20260928-181822,1,263.56,185.33,11
gps_enabled/20260928-181822,1,264.56,187.4,11
gps_enabled/20260928-181822,1,265.57,188.31,11
gps_enabled/20260928-181822,1,266.57,189.9,11
gps_enabled/20260928-181822,1,268.57,191.54,23
gps_enabled/20260928-181822,1,269.58,191.94,23
gps_enabled/20260928-181822,1,271.57,192.97,23
gps_enabled/20260928-181822,1,273.56,194.25,23
gps_enabled/20260928-181822,1,274.57,194.47,23
gps_enabled/20260928-181822,1,275.57,195.82,23
gps_enabled/20260928-181822,1,277.57,200.13,23
gps_enabled/20260928-181822,1,279.57,204.25,23
gps_enabled/20260928-181822,1,281.57,206.89,23
gps_enabled/20260928-181822,1,282.57,208.25,22
gps_enabled/20260928-181822,1,283.57,208.6,22
gps_enabled/20260928-181822,1,284.58,209.08,22
gps_enabled/20260928-181822,1,286.57,210.18,22
gps_enabled/20260928-181822,1,287.58,210.76,22
gps_enabled/20260928-181822,1,289.57,212.46,22
gps_enabled/20260928-181822,1,290.57,213.53,22
gps_enabled/20260928-181822,1,292.57,219.99,22
gps_enabled/20260928-181822,1,293.57,221.01,22
gps_enabled/20260928-181822,1,295.57,222.65,22
gps_enabled/20260928-181822,1,296.57,223.35,22
gps_enabled/20260928-181822,1,298.57,224.37,22
gps_enabled/20260928-181822,1,300.58,225.57,22
gps_enabled/20260928-181822,1,301.58,226.75,22
gps_enabled/20260928-181822,1,303.58,229.5,24
gps_enabled/20260928-181822,1,304.58,234.38,24
gps_enabled/20260928-181822,1,305.58,236.46,24
gps_enabled/20260928-181822,1,306.58,239.64,24
gps_enabled/20260928-181822,1,308.58,242.67,24
gps_enabled/20260928-181822,1,310.58,244.32,24
gps_enabled/20260928-181822,1,312.58,245.8,24
gps_enabled/20260928-181822,1,313.58,246.47,24
gps_enabled/20260928-181822,1,314.58,247.06,24
gps_enabled/20260928-181822,1,316.58,247.21,33
gps_enabled/20260928-181822,1,318.58,247.38,33
gps_enabled/20260928-181822,1,319.58,247.49,33
gps_enabled/20260928-181822,1,321.58,247.65,33
gps_enabled/20260928-181822,1,322.58,247.8,33
gps_enabled/20260928-181822,1,324.58,247.92,33
gps_enabled/20260928-181822,1,325.58,247.95,33
gps_enabled/20260928-181822,1,327.58,248.11,33
gps_enabled/20260928-181822,1,329.58,248.2,33
gps_enabled/20260928-181822,1,330.58,248.21,33
gps_enabled/20260928-181822,1,331.58,248.21,33
gps_enabled/20260928-181822,1,333.58,248.23,33
gps_enabled/20260928-181822,1,334.58,248.23,23
gps_enabled/20260928-181822,1,336.58,248.24,23
gps_enabled/20260928-181822,1,338.58,248.24,23
gps_enabled/20260928-181822,1,340.57,248.27,23
gps_enabled/20260928-181822,1,341.58,248.27,23
gps_enabled/20260928-181822,1,343.58,248.28,23
gps_enabled/20260928-181822,1,344.58,248.28,23
gps_enabled/20260928-181822,1,346.57,248.28,23
gps_enabled/20260928-181822,1,347.58,248.28,23
gps_enabled/20260928-181822,1,349.59,248.29,23
gps_enabled/20260928-181822,1,351.58,248.61,23
gps_enabled/20260928-181822,1,352.59,248.77,23
gps_enabled/20260928-181822,1,354.58,248.98,18
gps_enabled/20260928-181822,1,355.59,249.02,18
gps_enabled/20260928-181822,1,357.58,249.12,18
gps_enabled/20260928-181822,1,358.58,249.14,18
gps_enabled/20260928-181822,1,359.58,249.17,18
gps_enabled/20260928-181822,1,360.59,249.18,18
gps_enabled/20260928-181822,1,362.59,249.19,18
gps_enabled/20260928-181822,1,364.58,249.21,18
gps_enabled/20260928-181822,1,365.59,249.22,18
gps_enabled/20260928-181822,1,367.59,250.0,18
gps_enabled/20260928-181822,1,368.59,250.62,18
gps_enabled/20260928-181822,1,370.58,250.93,18
gps_enabled/20260928-181822,1,371.59,250.99,18
gps_enabled/20260928-181822,1,373.59,251.07,18
gps_enabled/20260928-181822,1,374.59,251.08,5
gps_enabled/20260928-181822,1,376.59,251.16,5
gps_enabled/20260928-181822,1,377.59,251.17,5
gps_enabled/20260928-181822,1,379.59,251.2,5
gps_enabled/20260928-181822,1,381.59,251.21,5
gps_enabled/20260928-181822,1,382.59,251.22,5
gps_enabled/20260928-181822,1,383.59,251.23,5
gps_enabled/20260928-181822,1,385.58,251.24,5
gps_enabled/20260928-181822,1,386.59,251.25,5
gps_enabled/20260928-181822,1,388.59,251.25,5
gps_enabled/20260928-181822,1,389.6,251.25,5
gps_enabled/20260928-181822,1,391.59,251.26,5
gps_enabled/20260928-181822,1,392.59,251.26,5
gps_enabled/20260928-181822,1,394.59,251.26,4
gps_enabled/20260928-181822,1,396.59,251.28,4
gps_enabled/20260928-181822,1,398.58,251.28,4
gps_enabled/20260928-181822,1,400.58,251.28,4
gps_enabled/20260928-181822,1,401.58,251.29,4
gps_enabled/20260928-181822,1,402.59,251.29,4
gps_enabled/20260928-181822,1,404.58,251.29,4
gps_enabled/20260928-181822,1,405.59,251.29,4
gps_enabled/20260928-181822,1,407.58,251.3,4
gps_enabled/20260928-181822,1,408.58,251.31,4
gps_enabled/20260928-181822,1,409.59,251.32,4
gps_enabled/20260928-181822,1,410.59,251.32,4
gps_enabled/20260928-181822,1,411.59,251.34,4
gps_enabled/20260928-181822,1,413.59,251.34,4
gps_enabled/20260928-181822,1,414.6,251.35,4
gps_enabled/20260928-181822,1,416.59,251.37,4
gps_enabled/20260928-181822,1,418.6,251.4,4
gps_enabled/20260928-181822,1,420.59,251.4,4
gps_enabled/20260928-181822,1,421.59,251.41,4
gps_enabled/20260928-181822,1,422.6,251.44,4
gps_enabled/20260928-181822,1,424.6,251.47,4
gps_enabled/20260928-181822,1,425.6,251.51,4
gps_enabled/20260928-181822,1,427.59,251.52,4
gps_enabled/20260928-181822,1,428.59,251.56,4
gps_enabled/20260928-181822,1,429.61,251.6,4
gps_enabled/20260928-181822,1,431.59,251.66,4
gps_enabled/20260928-181822,1,432.59,251.71,4
gps_enabled/20260928-181822,1,433.6,251.84,4
gps_enabled/20260928-181822,1,435.59,252.19,4
gps_enabled/20260928-181822,1,437.6,254.27,4
gps_enabled/20260928-181822,1,439.59,257.81,4
gps_enabled/20260928-181822,1,441.58,267.96,4
gps_enabled/20260928-181822,1,442.59,270.41,4
gps_enabled/20260928-181822,1,443.59,273.46,4
gps_enabled/20260928-181822,1,445.59,274.8,4
gps_enabled/20260928-181822,1,446.59,275.38,4
gps_enabled/20260928-181822,1,447.6,275.51,4
gps_enabled/20260928-181822,1,448.6,275.8,20
gps_enabled/20260928-181822,1,450.59,275.9,20
gps_enabled/20260928-181822,1,451.59,275.97,20
gps_enabled/20260928-181822,1,452.59,275.99,20
gps_enabled/20260928-181822,1,454.59,276.06,20
gps_enabled/20260928-181822,1,456.59,276.1,20
gps_enabled/20260928-181822,1,458.59,276.13,20
gps_enabled/20260928-181822,1,460.59,276.19,20
gps_enabled/20260928-181822,1,462.6,276.32,20
gps_enabled/20260928-181822,1,463.61,276.43,20
gps_enabled/20260928-181822,1,464.61,276.59,20
gps_enabled/20260928-181822,1,466.6,277.16,20
gps_enabled/20260928-181822,1,468.6,278.57,8
gps_enabled/20260928-181822,1,470.6,284.66,8
gps_enabled/20260928-181822,1,471.6,293.06,8
gps_enabled/20260928-181822,1,473.59,301.37,8
gps_enabled/20260928-181822,1,474.6,303.04,8
gps_enabled/20260928-181822,1,475.6,305.01,8
gps_enabled/20260928-181822,1,477.6,306.39,36
gps_enabled/20260928-181822,1,478.61,306.92,36
gps_enabled/20260928-181822,1,480.6,308.57,36
gps_enabled/20260928-181822,1,482.6,309.19,36
gps_enabled/20260928-181822,1,484.6,309.54,36
gps_enabled/20260928-181822,1,485.61,309.64,36
gps_enabled/20260928-181822,1,487.6,309.8,36
gps_enabled/20260928-181822,1,489.59,309.86,36
gps_enabled/20260928-181822,1,490.61,309.91,36
gps_enabled/20260928-181822,1,492.61,309.96,36
gps_enabled/20260928-181822,1,493.62,309.98,12
gps_enabled/20260928-181822,1,495.59,309.99,12
gps_enabled/20260928-181822,1,496.61,309.99,12
gps_enabled/20260928-181822,1,498.6,310.02,12
gps_enabled/20260928-181822,1,500.61,310.07,12
gps_enabled/20260928-181822,1,502.61,310.11,12
gps_enabled/20260928-181822,1,504.61,310.13,12
gps_enabled/20260928-181822,1,505.61,310.14,12
gps_enabled/20260928-181822,1,507.6,310.18,12
gps_enabled/20260928-181822,1,509.61,310.2,12
gps_enabled/20260928-181822,1,511.61,310.22,12
gps_enabled/20260928-181822,1,512.61,310.22,12
gps_enabled/20260928-181822,1,514.61,310.25,12
gps_enabled/20260928-181822,1,515.61,310.2,12
gps_enabled/20260928-181822,1,517.6,310.24,12
gps_enabled/20260928-181822,1,519.59,310.25,12
gps_enabled/20260928-181822,1,520.6,310.26,12
gps_enabled/20260928-181822,1,522.6,310.32,12
gps_enabled/20260928-181822,1,524.59,310.36,12
gps_enabled/20260928-181822,1,525.61,310.37,12
gps_enabled/20260928-181822,1,526.62,310.38,12
gps_enabled/20260928-181822,1,528.6,310.4,12
gps_enabled/20260928-181822,1,529.61,310.4,12
gps_enabled/20260928-181822,1,531.61,310.45,12
gps_enabled/20260928-181822,1,532.62,310.46,12
gps_enabled/20260928-181822,1,534.61,310.47,4
gps_enabled/20260928-181822,1,535.61,310.49,4
gps_enabled/20260928-181822,1,537.6,313.68,6
gps_enabled/20260928-181822,1,538.61,314.18,8
gps_enabled/20260928-181822,1,540.6,314.57,7
gps_enabled/20260928-181822,1,541.61,314.85,7
gps_enabled/20260928-181822,1,542.61,314.85,7
gps_enabled/20260928-181822,1,543.61,314.85,7
gps_enabled/20260928-181822,1,544.62,314.85,7
gps_enabled/20260928-181822,1,546.6,314.85,7
gps_enabled/20260928-181822,1,547.6,314.85,7
gps_enabled/20260928-181822,1,548.6,314.85,7
gps_enabled/20260928-181822,2,-44.25,3.44,
gps_enabled/20260928-181822,2,-42.84,3.44,
gps_enabled/20260928-181822,2,-40.84,3.44,
gps_enabled/20260928-181822,2,-38.84,3.44,
gps_enabled/20260928-181822,2,-37.84,3.44,
gps_enabled/20260928-181822,2,-36.84,3.44,
gps_enabled/20260928-181822,2,-34.84,3.44,
gps_enabled/20260928-181822,2,-33.84,3.44,
gps_enabled/20260928-181822,2,-31.84,3.44,
gps_enabled/20260928-181822,2,-30.84,3.44,
gps_enabled/20260928-181822,2,-28.84,3.44,
gps_enabled/20260928-181822,2,-27.84,3.44,
gps_enabled/20260928-181822,2,-25.84,3.44,
gps_enabled/20260928-181822,2,-24.84,3.44,
gps_enabled/20260928-181822,2,-23.84,3.44,
gps_enabled/20260928-181822,2,-22.84,3.44,
gps_enabled/20260928-181822,2,-21.84,3.44,
gps_enabled/20260928-181822,2,-19.84,3.44,
gps_enabled/20260928-181822,2,-17.84,3.44,
gps_enabled/20260928-181822,2,-16.84,3.44,
gps_enabled/20260928-181822,2,-15.84,3.44,
gps_enabled/20260928-181822,2,-13.84,3.44,
gps_enabled/20260928-181822,2,-12.84,3.44,
gps_enabled/20260928-181822,2,-10.84,3.44,
gps_enabled/20260928-181822,2,-8.84,3.44,
gps_enabled/20260928-181822,2,-6.84,3.44,
gps_enabled/20260928-181822,2,-4.84,3.44,
gps_enabled/20260928-181822,2,-2.84,3.44,
gps_enabled/20260928-181822,2,-0.84,3.44,
gps_enabled/20260928-181822,2,0.16,3.44,
gps_enabled/20260928-181822,2,1.16,3.44,
gps_enabled/20260928-181822,2,3.16,3.44,
gps_enabled/20260928-181822,2,4.16,3.44,
gps_enabled/20260928-181822,2,5.16,3.44,
gps_enabled/20260928-181822,2,7.16,3.44,
gps_enabled/20260928-181822,2,8.16,3.44,
gps_enabled/20260928-181822,2,10.16,3.44,
gps_enabled/20260928-181822,2,12.16,3.44,
gps_enabled/20260928-181822,2,13.16,3.44,
gps_enabled/20260928-181822,2,15.16,3.44,
gps_enabled/20260928-181822,2,16.16,3.44,
gps_enabled/20260928-181822,2,18.16,3.44,
gps_enabled/20260928-181822,2,20.16,3.44,
gps_enabled/20260928-181822,2,21.16,3.44,
gps_enabled/20260928-181822,2,23.16,3.44,3
gps_enabled/20260928-181822,2,24.16,9.3,3
gps_enabled/20260928-181822,2,25.16,15.66,3
gps_enabled/20260928-181822,2,26.16,19.7,3
gps_enabled/20260928-181822,2,28.16,25.22,19
gps_enabled/20260928-181822,2,29.16,26.67,19
gps_enabled/20260928-181822,2,30.17,27.95,19
gps_enabled/20260928-181822,2,32.17,29.55,19
gps_enabled/20260928-181822,2,33.17,30.14,19
gps_enabled/20260928-181822,2,34.17,31.04,19
gps_enabled/20260928-181822,2,35.17,31.43,19
gps_enabled/20260928-181822,2,36.17,31.82,19
gps_enabled/20260928-181822,2,37.17,32.31,19
gps_enabled/20260928-181822,2,38.17,34.2,19
gps_enabled/20260928-181822,2,40.17,35.8,19
gps_enabled/20260928-181822,2,41.17,36.05,19
gps_enabled/20260928-181822,2,42.17,36.77,19
gps_enabled/20260928-181822,2,43.17,37.53,19
gps_enabled/20260928-181822,2,44.17,37.78,19
gps_enabled/20260928-181822,2,45.17,37.94,10
gps_enabled/20260928-181822,2,47.17,38.22,10
gps_enabled/20260928-181822,2,49.17,38.67,10
gps_enabled/20260928-181822,2,51.17,38.91,10
gps_enabled/20260928-181822,2,53.17,39.76,10
gps_enabled/20260928-181822,2,54.17,39.94,10
gps_enabled/20260928-181822,2,56.17,40.56,10
gps_enabled/20260928-181822,2,57.17,40.93,10
gps_enabled/20260928-181822,2,59.17,41.35,10
gps_enabled/20260928-181822,2,60.17,42.51,10
gps_enabled/20260928-181822,2,62.17,43.06,10
gps_enabled/20260928-181822,2,64.17,43.23,19
gps_enabled/20260928-181822,2,65.17,43.25,19
gps_enabled/20260928-181822,2,67.17,43.47,19
gps_enabled/20260928-181822,2,68.17,43.6,19
gps_enabled/20260928-181822,2,70.17,44.13,19
gps_enabled/20260928-181822,2,71.17,44.52,19
gps_enabled/20260928-181822,2,73.17,45.48,19
gps_enabled/20260928-181822,2,74.17,45.82,19
gps_enabled/20260928-181822,2,76.17,46.83,19
gps_enabled/20260928-181822,2,77.17,49.53,19
gps_enabled/20260928-181822,2,78.17,50.8,19
gps_enabled/20260928-181822,2,79.17,52.82,19
gps_enabled/20260928-181822,2,80.17,55.7,19
gps_enabled/20260928-181822,2,81.17,56.59,19
gps_enabled/20260928-181822,2,83.17,58.85,19
gps_enabled/20260928-181822,2,84.17,59.28,20
gps_enabled/20260928-181822,2,86.17,60.03,20
gps_enabled/20260928-181822,2,87.17,60.64,20
gps_enabled/20260928-181822,2,89.17,61.65,20
gps_enabled/20260928-181822,2,90.17,62.02,20
gps_enabled/20260928-181822,2,92.17,62.86,20
gps_enabled/20260928-181822,2,93.17,63.11,20
gps_enabled/20260928-181822,2,95.17,63.54,20
gps_enabled/20260928-181822,2,97.17,63.67,20
gps_enabled/20260928-181822,2,99.17,63.72,20
gps_enabled/20260928-181822,2,101.17,63.75,20
gps_enabled/20260928-181822,2,102.17,63.81,20
gps_enabled/20260928-181822,2,103.17,63.88,20
gps_enabled/20260928-181822,2,105.18,63.88,14
gps_enabled/20260928-181822,2,107.17,63.89,14
gps_enabled/20260928-181822,2,109.17,63.92,14
gps_enabled/20260928-181822,2,111.17,63.94,14
gps_enabled/20260928-181822,2,112.18,63.95,14
gps_enabled/20260928-181822,2,113.18,63.95,14
gps_enabled/20260928-181822,2,114.18,63.95,14
gps_enabled/20260928-181822,2,115.18,63.96,14
gps_enabled/20260928-181822,2,117.18,63.97,14
gps_enabled/20260928-181822,2,118.18,63.97,14
gps_enabled/20260928-181822,2,119.18,64.02,14
gps_enabled/20260928-181822,2,120.18,64.02,14
gps_enabled/20260928-181822,2,121.18,64.19,14
gps_enabled/20260928-181822,2,123.18,64.75,16
gps_enabled/20260928-181822,2,125.18,66.1,16
gps_enabled/20260928-181822,2,127.18,67.92,16
gps_enabled/20260928-181822,2,128.18,68.8,16
gps_enabled/20260928-181822,2,130.18,71.47,16
gps_enabled/20260928-181822,2,131.18,73.1,16
gps_enabled/20260928-181822,2,133.18,74.8,16
gps_enabled/20260928-181822,2,135.18,79.67,16
gps_enabled/20260928-181822,2,137.18,89.5,16
gps_enabled/20260928-181822,2,138.18,94.84,16
gps_enabled/20260928-181822,2,140.18,99.64,16
gps_enabled/20260928-181822,2,142.18,102.54,16
gps_enabled/20260928-181822,2,144.18,103.82,33
gps_enabled/20260928-181822,2,146.18,105.3,33
gps_enabled/20260928-181822,2,147.18,105.65,33
gps_enabled/20260928-181822,2,149.18,106.34,33
gps_enabled/20260928-181822,2,151.18,106.66,33
gps_enabled/20260928-181822,2,152.19,106.89,33
gps_enabled/20260928-181822,2,154.18,107.15,33
gps_enabled/20260928-181822,2,156.18,107.39,33
gps_enabled/20260928-181822,2,157.18,107.73,33
gps_enabled/20260928-181822,2,158.18,108.55,33
gps_enabled/20260928-181822,2,160.18,109.12,33
gps_enabled/20260928-181822,2,162.18,111.38,33
gps_enabled/20260928-181822,2,163.18,112.1,21
gps_enabled/20260928-181822,2,165.18,112.1,21
gps_enabled/20260928-181822,2,166.18,112.55,21
gps_enabled/20260928-181822,2,168.18,114.15,21
gps_enabled/20260928-181822,2,170.18,116.19,21
gps_enabled/20260928-181822,2,172.19,117.82,21
gps_enabled/20260928-181822,2,174.19,119.23,21
gps_enabled/20260928-181822,2,176.18,120.29,21
gps_enabled/20260928-181822,2,177.19,120.74,21
gps_enabled/20260928-181822,2,179.19,122.26,21
gps_enabled/20260928-181822,2,181.19,123.21,32
gps_enabled/20260928-181822,2,182.19,123.47,32
gps_enabled/20260928-181822,2,184.19,125.42,32
gps_enabled/20260928-181822,2,185.19,125.96,32
gps_enabled/20260928-181822,2,186.19,127.24,32
gps_enabled/20260928-181822,2,188.18,128.8,32
gps_enabled/20260928-181822,2,190.19,130.56,32
gps_enabled/20260928-181822,2,192.19,130.6,28
gps_enabled/20260928-181822,2,193.19,130.63,28
gps_enabled/20260928-181822,2,195.19,130.63,28
gps_enabled/20260928-181822,2,197.19,130.88,28
gps_enabled/20260928-181822,2,198.19,130.88,28
gps_enabled/20260928-181822,2,200.19,130.88,28
gps_enabled/20260928-181822,2,202.18,130.88,28
gps_enabled/20260928-181822,2,204.19,130.88,28
gps_enabled/20260928-181822,2,205.19,130.88,28
gps_enabled/20260928-181822,2,206.19,130.88,28
gps_enabled/20260928-181822,2,208.19,130.88,28
gps_enabled/20260928-181822,2,209.19,130.88,28
gps_enabled/20260928-181822,2,211.18,130.88,28
gps_enabled/20260928-181822,2,212.19,130.88,28
gps_enabled/20260928-181822,2,213.19,130.88,28
gps_enabled/20260928-181822,2,215.19,130.88,28
gps_enabled/20260928-181822,2,216.19,130.88,28
gps_enabled/20260928-181822,2,217.19,130.88,28
gps_enabled/20260928-181822,2,219.19,130.88,28
gps_enabled/20260928-181822,2,221.19,130.88,28
gps_enabled/20260928-181822,2,223.18,130.88,28
gps_enabled/20260928-181822,2,224.19,130.88,28
gps_enabled/20260928-181822,2,226.18,130.88,28
gps_enabled/20260928-181822,2,227.19,130.88,28
gps_enabled/20260928-181822,2,228.19,130.88,28
gps_enabled/20260928-181822,2,230.19,130.88,28
gps_enabled/20260928-181822,2,231.19,130.88,28
gps_enabled/20260928-181822,2,233.19,130.88,28
gps_enabled/20260928-181822,2,235.18,130.88,28
gps_enabled/20260928-181822,2,236.18,130.88,28
gps_enabled/20260928-181822,2,237.19,130.88,28
gps_enabled/20260928-181822,2,238.19,130.88,28
gps_enabled/20260928-181822,2,240.19,130.88,28
gps_enabled/20260928-181822,2,242.19,130.88,28
gps_enabled/20260928-181822,2,244.19,130.88,28
gps_enabled/20260928-181822,2,245.19,130.88,28
gps_enabled/20260928-181822,2,247.19,130.88,28
gps_enabled/20260928-181822,2,248.19,130.88,28
gps_enabled/20260928-181822,2,250.18,130.88,28
gps_enabled/20260928-181822,2,251.19,130.88,28
gps_enabled/20260928-181822,2,253.19,130.88,28
gps_enabled/20260928-181822,2,254.19,130.88,28
gps_enabled/20260928-181822,2,256.19,130.88,28
gps_enabled/20260928-181822,2,258.19,130.88,28
gps_enabled/20260928-181822,2,260.19,130.88,28
gps_enabled/20260928-181822,2,261.19,130.88,28
gps_enabled/20260928-181822,2,263.19,130.88,28
gps_enabled/20260928-181822,2,265.19,130.88,28
gps_enabled/20260928-181822,2,266.19,130.88,28
gps_enabled/20260928-181822,2,268.18,130.88,28
gps_enabled/20260928-181822,2,269.19,130.88,28
gps_enabled/20260928-181822,2,270.19,130.88,28
gps_enabled/20260928-181822,2,272.19,130.88,28
gps_enabled/20260928-181822,2,273.19,130.88,28
gps_enabled/20260928-181822,2,275.19,130.88,28
gps_enabled/20260928-181822,2,277.19,130.88,28
gps_enabled/20260928-181822,2,279.19,130.88,28
gps_enabled/20260928-181822,2,281.18,130.88,28
gps_enabled/20260928-181822,2,282.19,130.88,28
gps_enabled/20260928-181822,2,284.19,130.88,28
gps_enabled/20260928-181822,2,285.19,130.88,28
gps_enabled/20260928-181822,2,287.19,130.88,28
gps_enabled/20260928-181822,2,289.18,130.88,28
gps_enabled/20260928-181822,2,290.19,130.88,28
gps_enabled/20260928-181822,2,292.18,130.88,28
gps_enabled/20260928-181822,2,293.18,130.88,28
gps_enabled/20260928-181822,2,294.18,130.88,28
gps_enabled/20260928-181822,2,296.19,130.88,28
gps_enabled/20260928-181822,2,298.19,130.88,28
gps_enabled/20260928-181822,2,300.18,130.88,28
gps_enabled/20260928-181822,2,301.19,130.88,28
gps_enabled/20260928-181822,2,303.19,130.88,28
gps_enabled/20260928-181822,2,304.19,130.88,28
gps_enabled/20260928-181822,2,305.19,130.88,28
gps_enabled/20260928-181822,2,307.19,130.88,28
gps_enabled/20260928-181822,2,308.19,130.88,28
gps_enabled/20260928-181822,2,310.19,130.88,28
gps_enabled/20260928-181822,2,312.19,130.88,28
gps_enabled/20260928-181822,2,313.19,130.88,28
gps_enabled/20260928-181822,2,315.18,130.88,28
gps_enabled/20260928-181822,2,316.19,130.88,28
gps_enabled/20260928-181822,2,318.19,130.88,28
gps_enabled/20260928-181822,2,320.19,130.88,28
gps_enabled/20260928-181822,2,322.19,130.88,28
gps_enabled/20260928-181822,2,324.19,130.88,28
gps_enabled/20260928-181822,2,326.19,130.88,28
gps_enabled/20260928-181822,2,328.18,130.88,28
gps_enabled/20260928-181822,2,329.19,130.88,28
gps_enabled/20260928-181822,2,331.19,130.88,28
gps_enabled/20260928-181822,2,333.19,130.88,28
gps_enabled/20260928-181822,2,335.19,130.88,28
gps_enabled/20260928-181822,2,336.19,130.88,28
gps_enabled/20260928-181822,2,337.19,130.88,28
gps_enabled/20260928-181822,2,339.19,130.88,28
gps_enabled/20260928-181822,2,341.19,130.88,28
gps_enabled/20260928-181822,2,343.19,130.88,28
gps_enabled/20260928-181822,2,344.19,130.88,28
gps_enabled/20260928-181822,2,346.18,130.88,28
gps_enabled/20260928-181822,2,347.19,130.88,28
gps_enabled/20260928-181822,2,348.19,130.88,28
gps_enabled/20260928-181822,2,349.19,130.88,28
gps_enabled/20260928-181822,2,351.19,130.88,28
gps_enabled/20260928-181822,2,352.19,130.88,28
gps_enabled/20260928-181822,2,354.18,130.88,28
gps_enabled/20260928-181822,2,355.19,130.88,28
gps_enabled/20260928-181822,2,357.19,130.88,28
gps_enabled/20260928-181822,2,359.19,130.88,28
gps_enabled/20260928-181822,2,361.18,130.88,28
gps_enabled/20260928-181822,2,362.19,130.88,28
gps_enabled/20260928-181822,2,364.18,130.88,28
gps_enabled/20260928-181822,2,365.18,130.88,28
gps_enabled/20260928-181822,2,367.18,130.88,28
gps_enabled/20260928-181822,2,369.18,130.88,28
gps_enabled/20260928-181822,2,370.18,130.88,28
gps_enabled/20260928-181822,2,371.18,130.88,28
gps_enabled/20260928-181822,2,372.18,130.88,28
gps_enabled/20260928-181822,2,374.18,130.88,28
gps_enabled/20260928-181822,2,375.19,130.88,28
gps_enabled/20260928-181822,2,377.19,130.88,28
gps_enabled/20260928-181822,2,378.19,130.88,28
gps_enabled/20260928-181822,2,380.19,130.88,28
gps_enabled/20260928-181822,2,382.19,130.88,28
gps_enabled/20260928-181822,2,383.19,130.88,28
gps_enabled/20260928-181822,2,385.18,130.88,28
gps_enabled/20260928-181822,2,386.19,130.88,28
gps_enabled/20260928-181822,2,387.19,130.88,28
gps_enabled/20260928-181822,2,389.19,130.88,28
gps_enabled/20260928-181822,2,391.19,130.88,28
gps_enabled/20260928-181822,2,392.19,130.88,28
gps_enabled/20260928-181822,2,394.19,130.88,28
gps_enabled/20260928-181822,2,396.19,130.88,28
gps_enabled/20260928-181822,2,397.19,130.88,28
gps_enabled/20260928-181822,2,399.18,130.88,28
gps_enabled/20260928-181822,2,400.19,130.88,28
gps_enabled/20260928-181822,2,402.19,130.88,28
gps_enabled/20260928-181822,2,404.18,130.88,28
gps_enabled/20260928-181822,2,405.18,130.88,28
gps_enabled/20260928-181822,2,406.19,130.88,28
gps_enabled/20260928-181822,2,408.19,130.88,28
gps_enabled/20260928-181822,2,410.19,130.88,28
gps_enabled/20260928-181822,2,412.18,130.88,28
gps_enabled/20260928-181822,2,413.18,130.88,28
gps_enabled/20260928-181822,2,414.19,130.88,28
gps_enabled/20260928-181822,2,416.19,130.88,28
gps_enabled/20260928-181822,2,417.19,130.88,28
gps_enabled/20260928-181822,2,418.19,130.88,28
gps_enabled/20260928-181822,2,420.19,130.88,28
gps_enabled/20260928-181822,2,421.19,130.88,28
gps_enabled/20260928-181822,2,423.18,130.88,28
gps_enabled/20260928-181822,2,424.19,130.88,28
gps_enabled/20260928-181822,2,425.19,130.88,28
gps_enabled/20260928-181822,2,427.19,130.88,28
gps_enabled/20260928-181822,2,429.19,130.88,28
gps_enabled/20260928-181822,2,431.19,130.88,28
gps_enabled/20260928-181822,2,433.19,130.88,28
gps_enabled/20260928-181822,2,435.19,130.88,28
gps_enabled/20260928-181822,2,437.19,130.88,28
gps_enabled/20260928-181822,2,439.19,130.88,28
gps_enabled/20260928-181822,2,441.18,130.88,28
gps_enabled/20260928-181822,2,442.19,130.88,28
gps_enabled/20260928-181822,2,444.19,130.88,28
gps_enabled/20260928-181822,2,446.19,130.88,28
gps_enabled/20260928-181822,2,448.19,130.88,28
gps_enabled/20260928-181822,2,449.19,130.88,28
gps_enabled/20260928-181822,2,451.19,130.88,28
gps_enabled/20260928-181822,2,452.19,130.88,28
gps_enabled/20260928-181822,2,454.19,130.88,28
gps_enabled/20260928-181822,2,455.19,130.88,28
gps_enabled/20260928-181822,2,457.19,130.88,28
gps_enabled/20260928-181822,2,458.19,130.88,28
gps_enabled/20260928-181822,2,460.19,130.88,28
gps_enabled/20260928-181822,2,462.19,130.88,28
gps_enabled/20260928-181822,2,463.19,130.88,28
gps_enabled/20260928-181822,2,464.19,130.88,28
gps_enabled/20260928-181822,2,466.18,130.88,28
gps_enabled/20260928-181822,2,467.19,130.88,28
gps_enabled/20260928-181822,2,468.19,130.88,28
gps_enabled/20260928-181822,2,470.19,130.88,28
gps_enabled/20260928-181822,2,472.18,130.88,28
gps_enabled/20260928-181822,2,473.19,130.88,28
gps_enabled/20260928-181822,2,474.19,130.88,28
gps_enabled/20260928-181822,2,476.19,130.88,28
gps_enabled/20260928-181822,2,477.19,130.88,28
gps_enabled/20260928-181822,2,478.19,130.88,28
gps_enabled/20260928-181822,2,480.19,130.88,28
gps_enabled/20260928-181822,2,482.18,130.88,28
gps_enabled/20260928-181822,2,483.19,130.88,28
gps_enabled/20260928-181822,2,484.19,130.88,28
gps_enabled/20260928-181822,2,486.19,130.88,28
gps_enabled/20260928-181822,2,488.18,130.88,28
gps_enabled/20260928-181822,2,489.19,130.88,28
gps_enabled/20260928-181822,2,490.19,130.88,28
gps_enabled/20260928-181822,2,492.19,130.88,28
gps_enabled/20260928-181822,2,493.19,130.88,28
gps_enabled/20260928-181822,2,495.19,130.88,28
gps_enabled/20260928-181822,2,496.19,130.88,28
gps_enabled/20260928-181822,2,498.19,130.88,28
gps_enabled/20260928-181822,2,499.19,130.88,28
gps_enabled/20260928-181822,2,501.19,130.88,28
gps_enabled/20260928-181822,2,502.19,130.88,28
gps_enabled/20260928-181822,2,504.18,130.88,28
gps_enabled/20260928-181822,2,505.18,130.88,28
gps_enabled/20260928-181822,2,507.18,130.88,28
gps_enabled/20260928-181822,2,509.18,130.88,28
gps_enabled/20260928-181822,2,511.18,130.88,28
gps_enabled/20260928-181822,2,513.18,130.88,28
gps_enabled/20260928-181822,2,514.18,130.88,28
gps_enabled/20260928-181822,2,516.18,130.88,28
gps_enabled/20260928-181822,2,517.18,130.88,28
gps_enabled/20260928-181822,2,519.18,130.88,28
gps_enabled/20260928-181822,2,520.18,130.88,28
gps_enabled/20260928-181822,2,522.18,130.88,28
gps_enabled/20260928-181822,2,524.18,130.88,28
gps_enabled/20260928-181822,2,526.18,130.88,28
gps_enabled/20260928-181822,2,528.18,130.88,28
gps_enabled/20260928-181822,2,529.18,130.88,28
gps_enabled/20260928-181822,2,530.18,130.88,28
gps_enabled/20260928-181822,2,531.19,130.88,28
gps_enabled/20260928-181822,2,532.19,130.88,28
gps_enabled/20260928-181822,2,534.19,130.88,28
gps_enabled/20260928-181822,2,536.18,130.88,28
gps_enabled/20260928-181822,2,537.19,130.88,28
gps_enabled/20260928-181822,2,539.19,130.88,28
gps_enabled/20260928-181822,2,540.19,130.88,28
gps_enabled/20260928-181822,2,542.19,130.88,28
gps_enabled/20260928-181822,2,544.19,130.88,28
gps_enabled/20260928-181822,2,546.18,130.88,28
gps_enabled/20260928-181822,2,547.18,130.88,28
gps_enabled/20260928-181822,2,548.19,130.88,28
gps_enabled/20260928-182850,1,-45.47,3.47,
gps_enabled/20260928-182850,1,-44.43,3.47,
gps_enabled/20260928-182850,1,-42.47,3.47,
gps_enabled/20260928-182850,1,-40.47,3.47,
gps_enabled/20260928-182850,1,-38.47,3.47,
gps_enabled/20260928-182850,1,-37.47,3.47,
gps_enabled/20260928-182850,1,-35.47,3.47,
gps_enabled/20260928-182850,1,-34.47,3.47,
gps_enabled/20260928-182850,1,-33.47,3.47,
gps_enabled/20260928-182850,1,-31.47,3.47,
gps_enabled/20260928-182850,1,-30.47,3.47,
gps_enabled/20260928-182850,1,-28.47,3.47,
gps_enabled/20260928-182850,1,-26.47,3.47,
gps_enabled/20260928-182850,1,-24.47,3.47,
gps_enabled/20260928-182850,1,-22.47,3.47,
gps_enabled/20260928-182850,1,-20.47,3.47,
gps_enabled/20260928-182850,1,-18.47,3.47,
gps_enabled/20260928-182850,1,-17.47,3.47,
gps_enabled/20260928-182850,1,-15.47,3.47,
gps_enabled/20260928-182850,1,-13.47,3.47,
gps_enabled/20260928-182850,1,-12.47,3.47,
gps_enabled/20260928-182850,1,-11.47,3.47,
gps_enabled/20260928-182850,1,-10.47,3.47,
gps_enabled/20260928-182850,1,-8.47,3.47,
gps_enabled/20260928-182850,1,-6.47,3.47,
gps_enabled/20260928-182850,1,-5.47,3.47,
gps_enabled/20260928-182850,1,-3.47,3.47,
gps_enabled/20260928-182850,1,-2.47,3.47,
gps_enabled/20260928-182850,1,-0.47,3.47,
gps_enabled/20260928-182850,1,0.53,3.47,
gps_enabled/20260928-182850,1,2.53,3.47,
gps_enabled/20260928-182850,1,3.53,3.47,
gps_enabled/20260928-182850,1,5.53,3.47,
gps_enabled/20260928-182850,1,7.53,3.47,
gps_enabled/20260928-182850,1,9.53,3.47,
gps_enabled/20260928-182850,1,11.53,3.47,
gps_enabled/20260928-182850,1,13.53,3.47,
gps_enabled/20260928-182850,1,15.53,3.47,
gps_enabled/20260928-182850,1,17.53,3.47,
gps_enabled/20260928-182850,1,19.53,3.47,
gps_enabled/20260928-182850,1,20.53,3.47,
gps_enabled/20260928-182850,1,22.53,3.47,2
gps_enabled/20260928-182850,1,23.53,7.39,2
gps_enabled/20260928-182850,1,24.53,10.57,4
gps_enabled/20260928-182850,1,26.53,13.98,4
gps_enabled/20260928-182850,1,27.53,15.06,4
gps_enabled/20260928-182850,1,28.53,15.99,4
gps_enabled/20260928-182850,1,29.53,15.99,4
gps_enabled/20260928-182850,1,31.53,17.75,4
gps_enabled/20260928-182850,1,32.53,18.05,4
gps_enabled/20260928-182850,1,33.53,18.81,4
gps_enabled/20260928-182850,1,34.53,19.6,4
gps_enabled/20260928-182850,1,35.53,20.1,4
gps_enabled/20260928-182850,1,37.53,20.85,7
gps_enabled/20260928-182850,1,38.53,21.39,7
gps_enabled/20260928-182850,1,39.53,22.53,7
gps_enabled/20260928-182850,1,41.53,23.95,7
gps_enabled/20260928-182850,1,43.53,29.12,7
gps_enabled/20260928-182850,1,45.53,36.68,7
gps_enabled/20260928-182850,1,46.53,38.57,7
gps_enabled/20260928-182850,1,47.53,40.98,7
gps_enabled/20260928-182850,1,49.53,43.04,20
gps_enabled/20260928-182850,1,50.53,43.77,20
gps_enabled/20260928-182850,1,51.53,45.0,20
gps_enabled/20260928-182850,1,53.53,46.54,20
gps_enabled/20260928-182850,1,55.53,48.86,20
gps_enabled/20260928-182850,1,56.53,49.29,20
gps_enabled/20260928-182850,1,58.53,51.33,20
gps_enabled/20260928-182850,1,59.53,54.78,20
gps_enabled/20260928-182850,1,61.53,57.29,12
gps_enabled/20260928-182850,1,63.53,58.44,12
gps_enabled/20260928-182850,1,65.53,60.15,12
gps_enabled/20260928-182850,1,66.53,60.66,12
gps_enabled/20260928-182850,1,67.53,60.97,12
gps_enabled/20260928-182850,1,69.53,61.47,12
gps_enabled/20260928-182850,1,71.53,61.84,12
gps_enabled/20260928-182850,1,73.53,61.9,12
gps_enabled/20260928-182850,1,74.53,61.93,12
gps_enabled/20260928-182850,1,76.53,61.98,12
gps_enabled/20260928-182850,1,77.53,61.99,12
gps_enabled/20260928-182850,1,78.53,62.0,12
gps_enabled/20260928-182850,1,79.54,62.01,12
gps_enabled/20260928-182850,1,81.54,62.05,12
gps_enabled/20260928-182850,1,83.53,62.08,12
gps_enabled/20260928-182850,1,84.54,62.09,12
gps_enabled/20260928-182850,1,86.53,62.11,12
gps_enabled/20260928-182850,1,87.54,62.13,12
gps_enabled/20260928-182850,1,89.54,62.3,12
gps_enabled/20260928-182850,1,91.54,62.74,12
gps_enabled/20260928-182850,1,92.54,62.96,12
gps_enabled/20260928-182850,1,93.54,63.41,12
gps_enabled/20260928-182850,1,95.54,64.93,12
gps_enabled/20260928-182850,1,97.54,69.93,12
gps_enabled/20260928-182850,1,99.54,76.5,17
gps_enabled/20260928-182850,1,101.54,80.1,17
gps_enabled/20260928-182850,1,102.54,80.98,17
gps_enabled/20260928-182850,1,103.54,81.73,17
gps_enabled/20260928-182850,1,105.54,83.32,17
gps_enabled/20260928-182850,1,106.54,83.72,17
gps_enabled/20260928-182850,1,107.54,83.87,17
gps_enabled/20260928-182850,1,109.54,84.27,17
gps_enabled/20260928-182850,1,111.54,84.62,17
gps_enabled/20260928-182850,1,112.54,84.69,17
gps_enabled/20260928-182850,1,114.54,84.8,15
gps_enabled/20260928-182850,1,115.54,84.86,15
gps_enabled/20260928-182850,1,116.54,84.98,15
gps_enabled/20260928-182850,1,117.54,85.0,15
gps_enabled/20260928-182850,1,119.54,85.11,15
gps_enabled/20260928-182850,1,121.54,85.18,15
gps_enabled/20260928-182850,1,123.54,85.24,15
gps_enabled/20260928-182850,1,125.54,85.71,15
gps_enabled/20260928-182850,1,126.54,86.08,15
gps_enabled/20260928-182850,1,127.54,87.37,15
gps_enabled/20260928-182850,1,128.54,88.69,15
gps_enabled/20260928-182850,1,130.54,97.33,15
gps_enabled/20260928-182850,1,131.54,102.08,15
gps_enabled/20260928-182850,1,132.54,105.23,15
gps_enabled/20260928-182850,1,133.55,106.47,30
gps_enabled/20260928-182850,1,135.54,107.93,30
gps_enabled/20260928-182850,1,136.55,108.45,30
gps_enabled/20260928-182850,1,138.55,109.58,30
gps_enabled/20260928-182850,1,139.55,110.01,30
gps_enabled/20260928-182850,1,140.55,110.96,30
gps_enabled/20260928-182850,1,142.54,112.85,30
gps_enabled/20260928-182850,1,143.55,114.56,30
gps_enabled/20260928-182850,1,144.55,118.77,30
gps_enabled/20260928-182850,1,146.55,122.04,30
gps_enabled/20260928-182850,1,147.55,122.95,30
gps_enabled/20260928-182850,1,149.54,124.05,30
gps_enabled/20260928-182850,1,150.55,124.33,30
gps_enabled/20260928-182850,1,151.55,124.86,30
gps_enabled/20260928-182850,1,153.55,125.97,28
gps_enabled/20260928-182850,1,154.55,127.63,28
gps_enabled/20260928-182850,1,155.55,128.75,28
gps_enabled/20260928-182850,1,156.55,132.28,28
gps_enabled/20260928-182850,1,158.55,134.77,28
gps_enabled/20260928-182850,1,159.55,135.41,28
gps_enabled/20260928-182850,1,161.55,136.31,28
gps_enabled/20260928-182850,1,163.54,136.45,28
gps_enabled/20260928-182850,1,164.55,136.51,28
gps_enabled/20260928-182850,1,166.54,136.58,30
gps_enabled/20260928-182850,1,168.54,136.69,30
gps_enabled/20260928-182850,1,169.55,136.8,30
gps_enabled/20260928-182850,1,170.55,136.94,30
gps_enabled/20260928-182850,1,172.55,137.3,30
gps_enabled/20260928-182850,1,174.55,140.26,30
gps_enabled/20260928-182850,1,176.54,144.37,30
gps_enabled/20260928-182850,1,177.54,146.82,30
gps_enabled/20260928-182850,1,178.55,147.57,30
gps_enabled/20260928-182850,1,180.55,148.43,30
gps_enabled/20260928-182850,1,181.55,149.0,30
gps_enabled/20260928-182850,1,183.55,149.31,30
gps_enabled/20260928-182850,1,184.55,149.45,32
gps_enabled/20260928-182850,1,186.55,149.76,32
gps_enabled/20260928-182850,1,187.55,149.97,32
gps_enabled/20260928-182850,1,189.55,150.49,32
gps_enabled/20260928-182850,1,191.54,151.33,32
gps_enabled/20260928-182850,1,192.55,154.14,32
gps_enabled/20260928-182850,1,194.55,162.52,32
gps_enabled/20260928-182850,1,196.55,172.09,32
gps_enabled/20260928-182850,1,198.55,174.02,32
gps_enabled/20260928-182850,1,199.55,175.31,32
gps_enabled/20260928-182850,1,201.55,178.02,32
gps_enabled/20260928-182850,1,203.55,179.11,32
gps_enabled/20260928-182850,1,204.55,180.07,32
gps_enabled/20260928-182850,1,205.55,180.45,32
gps_enabled/20260928-182850,1,207.55,180.72,52
gps_enabled/20260928-182850,1,209.55,181.64,52
gps_enabled/20260928-182850,1,210.55,181.9,52
gps_enabled/20260928-182850,1,212.55,182.27,52
gps_enabled/20260928-182850,1,213.55,182.49,52
gps_enabled/20260928-182850,1,215.55,182.78,52
gps_enabled/20260928-182850,1,216.55,182.91,52
gps_enabled/20260928-182850,1,218.55,183.17,52
gps_enabled/20260928-182850,1,219.55,183.27,52
gps_enabled/20260928-182850,1,221.55,183.7,52
gps_enabled/20260928-182850,1,222.55,184.18,52
gps_enabled/20260928-182850,1,224.55,184.83,52
gps_enabled/20260928-182850,1,226.56,187.81,52
gps_enabled/20260928-182850,1,227.56,188.99,52
gps_enabled/20260928-182850,1,228.56,190.84,31
gps_enabled/20260928-182850,1,230.56,192.75,31
gps_enabled/20260928-182850,1,232.56,194.14,31
gps_enabled/20260928-182850,1,233.56,194.58,31
gps_enabled/20260928-182850,1,235.56,195.85,31
gps_enabled/20260928-182850,1,237.56,196.4,31
gps_enabled/20260928-182850,1,238.56,196.61,31
gps_enabled/20260928-182850,1,240.56,196.78,30
gps_enabled/20260928-182850,1,242.56,197.17,30
gps_enabled/20260928-182850,1,244.56,198.03,30
gps_enabled/20260928-182850,1,246.56,199.14,30
gps_enabled/20260928-182850,1,247.56,200.03,30
gps_enabled/20260928-182850,1,249.56,200.77,30
gps_enabled/20260928-182850,1,251.56,201.8,27
gps_enabled/20260928-182850,1,252.56,202.15,27
gps_enabled/20260928-182850,1,254.55,203.57,27
gps_enabled/20260928-182850,1,256.56,204.42,27
gps_enabled/20260928-182850,1,258.56,208.23,27
gps_enabled/20260928-182850,1,260.55,213.83,27
gps_enabled/20260928-182850,1,261.56,215.85,27
gps_enabled/20260928-182850,1,262.56,216.59,27
gps_enabled/20260928-182850,1,264.56,217.17,29
gps_enabled/20260928-182850,1,265.56,217.9,29
gps_enabled/20260928-182850,1,266.57,218.15,29
gps_enabled/20260928-182850,1,268.56,219.1,29
gps_enabled/20260928-182850,1,269.56,219.24,29
gps_enabled/20260928-182850,1,270.56,219.33,29
gps_enabled/20260928-182850,1,272.56,219.46,29
gps_enabled/20260928-182850,1,273.56,219.54,29
gps_enabled/20260928-182850,1,275.56,219.61,29
gps_enabled/20260928-182850,1,276.56,219.65,29
gps_enabled/20260928-182850,1,278.56,219.77,29
gps_enabled/20260928-182850,1,279.57,219.83,5
gps_enabled/20260928-182850,1,281.56,219.86,5
gps_enabled/20260928-182850,1,283.56,219.98,5
gps_enabled/20260928-182850,1,284.56,220.0,5
gps_enabled/20260928-182850,1,285.57,220.12,5
gps_enabled/20260928-182850,1,287.56,220.17,5
gps_enabled/20260928-182850,1,288.57,220.19,5
gps_enabled/20260928-182850,1,289.57,220.2,5
gps_enabled/20260928-182850,1,291.57,220.24,5
gps_enabled/20260928-182850,1,292.57,220.25,4
gps_enabled/20260928-182850,1,294.57,220.27,4
gps_enabled/20260928-182850,1,295.57,220.28,4
gps_enabled/20260928-182850,1,297.57,220.29,4
gps_enabled/20260928-182850,1,298.57,220.31,4
gps_enabled/20260928-182850,1,300.57,220.31,4
gps_enabled/20260928-182850,1,302.57,220.31,4
gps_enabled/20260928-182850,1,304.57,220.31,4
gps_enabled/20260928-182850,1,305.57,220.31,4
gps_enabled/20260928-182850,1,307.57,220.45,4
gps_enabled/20260928-182850,1,308.57,220.46,4
gps_enabled/20260928-182850,1,310.57,220.48,4
gps_enabled/20260928-182850,1,312.56,220.49,4
gps_enabled/20260928-182850,1,314.56,220.5,4
gps_enabled/20260928-182850,1,315.57,220.5,4
gps_enabled/20260928-182850,1,316.57,220.51,4
gps_enabled/20260928-182850,1,318.57,220.52,4
gps_enabled/20260928-182850,1,319.57,220.53,4
gps_enabled/20260928-182850,1,321.57,220.53,4
gps_enabled/20260928-182850,1,322.57,220.54,4
gps_enabled/20260928-182850,1,324.57,220.54,4
gps_enabled/20260928-182850,1,326.57,220.54,4
gps_enabled/20260928-182850,1,327.57,220.54,4
gps_enabled/20260928-182850,1,328.57,220.54,4
gps_enabled/20260928-182850,1,330.57,220.55,4
gps_enabled/20260928-182850,1,331.57,220.55,4
gps_enabled/20260928-182850,1,333.57,220.56,4
gps_enabled/20260928-182850,1,334.57,220.56,4
gps_enabled/20260928-182850,1,336.57,220.58,4
gps_enabled/20260928-182850,1,337.57,220.58,4
gps_enabled/20260928-182850,1,339.57,220.6,4
gps_enabled/20260928-182850,1,341.57,220.61,4
gps_enabled/20260928-182850,1,342.57,220.62,4
gps_enabled/20260928-182850,1,343.58,220.63,4
gps_enabled/20260928-182850,1,345.57,220.63,4
gps_enabled/20260928-182850,1,346.58,220.63,4
gps_enabled/20260928-182850,1,348.57,220.63,4
gps_enabled/20260928-182850,1,350.57,220.63,4
gps_enabled/20260928-182850,1,351.57,220.63,4
gps_enabled/20260928-182850,1,352.57,220.63,4
gps_enabled/20260928-182850,1,354.57,220.69,4
gps_enabled/20260928-182850,1,355.57,220.75,4
gps_enabled/20260928-182850,1,356.57,220.75,4
gps_enabled/20260928-182850,1,358.57,220.81,4
gps_enabled/20260928-182850,1,359.58,220.84,4
gps_enabled/20260928-182850,1,361.58,220.85,4
gps_enabled/20260928-182850,1,362.58,220.87,4
gps_enabled/20260928-182850,1,363.58,220.88,4
gps_enabled/20260928-182850,1,364.58,220.89,4
gps_enabled/20260928-182850,1,366.58,220.91,4
gps_enabled/20260928-182850,1,367.58,220.92,4
gps_enabled/20260928-182850,1,368.58,220.92,4
gps_enabled/20260928-182850,1,370.58,220.93,4
gps_enabled/20260928-182850,1,372.58,220.93,4
gps_enabled/20260928-182850,1,374.57,220.94,4
gps_enabled/20260928-182850,1,375.58,220.94,4
gps_enabled/20260928-182850,1,377.58,220.95,4
gps_enabled/20260928-182850,1,379.57,220.96,4
gps_enabled/20260928-182850,1,381.57,220.96,4
gps_enabled/20260928-182850,1,382.57,220.96,4
gps_enabled/20260928-182850,1,383.58,220.97,4
gps_enabled/20260928-182850,1,384.59,220.98,4
gps_enabled/20260928-182850,1,386.58,221.01,4
gps_enabled/20260928-182850,1,387.59,221.04,4
gps_enabled/20260928-182850,1,389.58,221.08,4
gps_enabled/20260928-182850,1,391.58,221.1,4
gps_enabled/20260928-182850,1,393.59,221.11,4
gps_enabled/20260928-182850,1,395.59,221.11,4
gps_enabled/20260928-182850,1,397.58,221.12,4
gps_enabled/20260928-182850,1,399.58,221.25,4
gps_enabled/20260928-182850,1,401.58,221.29,4
gps_enabled/20260928-182850,1,403.58,221.36,2
gps_enabled/20260928-182850,1,405.58,221.45,2
gps_enabled/20260928-182850,1,406.59,221.51,2
gps_enabled/20260928-182850,1,408.58,221.75,2
gps_enabled/20260928-182850,1,409.59,222.12,2
gps_enabled/20260928-182850,1,411.58,222.48,2
gps_enabled/20260928-182850,1,412.59,222.61,2
gps_enabled/20260928-182850,1,414.59,223.01,2
gps_enabled/20260928-182850,1,415.59,223.13,2
gps_enabled/20260928-182850,1,417.59,223.19,2
gps_enabled/20260928-182850,1,419.58,223.2,2
gps_enabled/20260928-182850,1,420.59,223.21,2
gps_enabled/20260928-182850,1,422.58,223.25,2
gps_enabled/20260928-182850,1,424.58,223.35,2
gps_enabled/20260928-182850,1,425.58,223.52,2
gps_enabled/20260928-182850,1,427.58,224.2,2
gps_enabled/20260928-182850,1,428.59,225.84,2
gps_enabled/20260928-182850,1,430.57,230.43,2
gps_enabled/20260928-182850,1,431.59,230.43,7
gps_enabled/20260928-182850,1,433.58,232.61,7
gps_enabled/20260928-182850,1,435.58,235.9,7
gps_enabled/20260928-182850,1,437.58,238.45,7
gps_enabled/20260928-182850,1,439.58,240.2,7
gps_enabled/20260928-182850,1,441.57,241.6,7
gps_enabled/20260928-182850,1,442.58,241.95,7
gps_enabled/20260928-182850,1,444.58,242.9,7
gps_enabled/20260928-182850,1,445.58,243.81,7
gps_enabled/20260928-182850,1,447.59,244.99,7
gps_enabled/20260928-182850,1,449.57,245.7,7
gps_enabled/20260928-182850,1,450.58,246.02,7
gps_enabled/20260928-182850,1,451.58,246.02,9
gps_enabled/20260928-182850,1,452.58,246.27,9
gps_enabled/20260928-182850,1,454.57,246.52,9
gps_enabled/20260928-182850,1,455.58,246.68,9
gps_enabled/20260928-182850,1,456.59,246.83,9
gps_enabled/20260928-182850,1,458.58,247.3,9
gps_enabled/20260928-182850,1,459.58,247.91,9
gps_enabled/20260928-182850,1,460.59,248.38,9
gps_enabled/20260928-182850,1,461.59,249.72,9
gps_enabled/20260928-182850,1,463.59,257.57,9
gps_enabled/20260928-182850,1,465.59,266.15,9
gps_enabled/20260928-182850,1,467.58,268.28,9
gps_enabled/20260928-182850,1,469.59,269.96,9
gps_enabled/20260928-182850,1,470.59,270.07,11
gps_enabled/20260928-182850,1,472.58,270.32,11
gps_enabled/20260928-182850,1,473.59,270.41,11
gps_enabled/20260928-182850,1,475.59,270.57,11
gps_enabled/20260928-182850,1,477.58,270.66,11
gps_enabled/20260928-182850,1,479.58,270.71,11
gps_enabled/20260928-182850,1,480.58,270.74,11
gps_enabled/20260928-182850,1,481.58,270.77,11
gps_enabled/20260928-182850,1,482.58,270.79,11
gps_enabled/20260928-182850,1,484.59,270.89,11
gps_enabled/20260928-182850,1,486.58,271.03,11
gps_enabled/20260928-182850,1,487.59,271.3,11
gps_enabled/20260928-182850,1,489.58,272.16,11
gps_enabled/20260928-182850,1,490.58,272.65,7
gps_enabled/20260928-182850,1,491.58,274.71,7
gps_enabled/20260928-182850,1,493.59,285.19,7
gps_enabled/20260928-182850,1,495.58,292.4,7
gps_enabled/20260928-182850,1,496.59,296.15,7
gps_enabled/20260928-182850,1,498.58,297.47,7
gps_enabled/20260928-182850,1,499.59,298.5,29
gps_enabled/20260928-182850,1,500.59,299.47,29
gps_enabled/20260928-182850,1,501.59,300.96,29
gps_enabled/20260928-182850,1,503.58,302.25,29
gps_enabled/20260928-182850,1,504.58,302.6,29
gps_enabled/20260928-182850,1,505.59,303.08,29
gps_enabled/20260928-182850,1,506.59,303.46,29
gps_enabled/20260928-182850,1,508.6,303.69,29
gps_enabled/20260928-182850,1,509.6,303.73,29
gps_enabled/20260928-182850,1,511.59,303.82,29
gps_enabled/20260928-182850,1,512.59,303.84,29
gps_enabled/20260928-182850,1,513.6,303.86,29
gps_enabled/20260928-182850,1,515.6,303.88,11
gps_enabled/20260928-182850,1,517.59,303.89,11
gps_enabled/20260928-182850,1,519.6,303.91,11
gps_enabled/20260928-182850,1,520.6,303.93,11
gps_enabled/20260928-182850,1,522.61,303.95,11
gps_enabled/20260928-182850,1,523.61,303.96,11
gps_enabled/20260928-182850,1,525.59,303.98,11
gps_enabled/20260928-182850,1,527.6,304.03,11
gps_enabled/20260928-182850,1,529.59,304.05,11
gps_enabled/20260928-182850,1,530.6,304.06,11
gps_enabled/20260928-182850,1,532.6,304.09,11
gps_enabled/20260928-182850,1,533.61,304.13,11
gps_enabled/20260928-182850,1,534.61,304.18,11
gps_enabled/20260928-182850,1,536.6,304.24,11
gps_enabled/20260928-182850,1,537.6,304.28,11
gps_enabled/20260928-182850,1,539.61,304.37,11
gps_enabled/20260928-182850,1,541.6,304.47,11
gps_enabled/20260928-182850,1,543.61,304.61,11
gps_enabled/20260928-182850,1,544.61,304.64,11
gps_enabled/20260928-182850,1,546.61,304.72,11
gps_enabled/20260928-182850,1,548.6,304.75,11
gps_enabled/20260928-182850,1,549.61,304.77,11
gps_enabled/20260928-182850,1,551.6,304.78,11
gps_enabled/20260928-182850,1,553.6,304.78,11
gps_enabled/20260928-182850,1,554.6,304.8,4
gps_enabled/20260928-182850,1,555.61,304.8,4
gps_enabled/20260928-182850,1,557.6,304.89,4
gps_enabled/20260928-182850,1,558.61,304.92,4
gps_enabled/20260928-182850,1,560.6,305.65,4
gps_enabled/20260928-182850,1,561.61,306.28,4
gps_enabled/20260928-182850,1,563.6,306.28,4
gps_enabled/20260928-182850,2,-45.75,3.42,
gps_enabled/20260928-182850,2,-43.75,3.42,
gps_enabled/20260928-182850,2,-41.75,3.42,
gps_enabled/20260928-182850,2,-40.75,3.42,
gps_enabled/20260928-182850,2,-38.75,3.42,
gps_enabled/20260928-182850,2,-37.75,3.42,
gps_enabled/20260928-182850,2,-35.75,3.42,
gps_enabled/20260928-182850,2,-34.75,3.42,
gps_enabled/20260928-182850,2,-32.75,3.42,
gps_enabled/20260928-182850,2,-30.75,3.42,
gps_enabled/20260928-182850,2,-28.75,3.42,
gps_enabled/20260928-182850,2,-27.75,3.42,
gps_enabled/20260928-182850,2,-25.75,3.42,
gps_enabled/20260928-182850,2,-23.75,3.42,
gps_enabled/20260928-182850,2,-22.75,3.42,
gps_enabled/20260928-182850,2,-20.75,3.42,
gps_enabled/20260928-182850,2,-19.75,3.42,
gps_enabled/20260928-182850,2,-18.75,3.42,
gps_enabled/20260928-182850,2,-17.75,3.42,
gps_enabled/20260928-182850,2,-15.75,3.42,
gps_enabled/20260928-182850,2,-14.75,3.42,
gps_enabled/20260928-182850,2,-12.75,3.42,
gps_enabled/20260928-182850,2,-11.75,3.42,
gps_enabled/20260928-182850,2,-9.75,3.42,
gps_enabled/20260928-182850,2,-8.75,3.42,
gps_enabled/20260928-182850,2,-7.75,3.42,
gps_enabled/20260928-182850,2,-5.75,3.42,
gps_enabled/20260928-182850,2,-4.75,3.42,
gps_enabled/20260928-182850,2,-3.75,3.42,
gps_enabled/20260928-182850,2,-1.75,3.42,
gps_enabled/20260928-182850,2,0.25,3.42,
gps_enabled/20260928-182850,2,1.25,3.42,
gps_enabled/20260928-182850,2,3.25,3.42,
gps_enabled/20260928-182850,2,4.25,3.42,
gps_enabled/20260928-182850,2,6.25,3.42,
gps_enabled/20260928-182850,2,7.25,3.42,
gps_enabled/20260928-182850,2,9.25,3.42,
gps_enabled/20260928-182850,2,11.25,3.42,
gps_enabled/20260928-182850,2,13.25,3.42,
gps_enabled/20260928-182850,2,14.25,3.42,
gps_enabled/20260928-182850,2,16.25,3.42,
gps_enabled/20260928-182850,2,17.25,3.42,
gps_enabled/20260928-182850,2,19.25,3.42,
gps_enabled/20260928-182850,2,21.25,3.42,2
gps_enabled/20260928-182850,2,22.25,3.42,2
gps_enabled/20260928-182850,2,23.25,3.42,2
gps_enabled/20260928-182850,2,25.25,9.3,2
gps_enabled/20260928-182850,2,26.25,9.3,2
gps_enabled/20260928-182850,2,27.25,9.3,2
gps_enabled/20260928-182850,2,28.25,14.88,2
gps_enabled/20260928-182850,2,29.25,22.36,8
gps_enabled/20260928-182850,2,30.25,22.36,8
gps_enabled/20260928-182850,2,32.25,26.24,8
gps_enabled/20260928-182850,2,33.25,27.39,8
gps_enabled/20260928-182850,2,34.25,28.46,8
gps_enabled/20260928-182850,2,35.25,29.22,8
gps_enabled/20260928-182850,2,36.25,29.72,8
gps_enabled/20260928-182850,2,37.25,30.17,8
gps_enabled/20260928-182850,2,39.25,30.94,8
gps_enabled/20260928-182850,2,40.25,31.82,8
gps_enabled/20260928-182850,2,41.25,32.02,8
gps_enabled/20260928-182850,2,42.25,32.62,8
gps_enabled/20260928-182850,2,43.25,34.86,8
gps_enabled/20260928-182850,2,45.25,36.17,8
gps_enabled/20260928-182850,2,46.25,36.77,8
gps_enabled/20260928-182850,2,47.25,37.17,9
gps_enabled/20260928-182850,2,49.25,37.53,9
gps_enabled/20260928-182850,2,51.25,38.28,9
gps_enabled/20260928-182850,2,52.25,39.05,9
gps_enabled/20260928-182850,2,53.25,39.57,9
gps_enabled/20260928-182850,2,55.25,41.71,9
gps_enabled/20260928-182850,2,56.25,43.51,9
gps_enabled/20260928-182850,2,58.25,46.04,9
gps_enabled/20260928-182850,2,60.25,48.42,9
gps_enabled/20260928-182850,2,61.25,49.36,16
gps_enabled/20260928-182850,2,62.25,49.83,16
gps_enabled/20260928-182850,2,63.25,50.26,16
gps_enabled/20260928-182850,2,65.25,51.48,16
gps_enabled/20260928-182850,2,67.25,52.49,16
gps_enabled/20260928-182850,2,68.25,53.27,16
gps_enabled/20260928-182850,2,69.25,54.34,16
gps_enabled/20260928-182850,2,70.25,55.59,16
gps_enabled/20260928-182850,2,72.25,63.25,16
gps_enabled/20260928-182850,2,74.25,71.33,16
gps_enabled/20260928-182850,2,75.25,75.22,16
gps_enabled/20260928-182850,2,77.25,78.67,16
gps_enabled/20260928-182850,2,78.26,80.44,34
gps_enabled/20260928-182850,2,80.25,81.42,34
gps_enabled/20260928-182850,2,81.26,82.43,34
gps_enabled/20260928-182850,2,83.25,83.86,34
gps_enabled/20260928-182850,2,84.25,84.15,34
gps_enabled/20260928-182850,2,85.26,84.5,34
gps_enabled/20260928-182850,2,87.26,84.92,34
gps_enabled/20260928-182850,2,88.26,85.06,34
gps_enabled/20260928-182850,2,89.26,85.1,34
gps_enabled/20260928-182850,2,91.26,85.32,34
gps_enabled/20260928-182850,2,93.26,85.36,34
gps_enabled/20260928-182850,2,94.26,85.42,34
gps_enabled/20260928-182850,2,95.26,85.55,34
gps_enabled/20260928-182850,2,97.26,85.92,11
gps_enabled/20260928-182850,2,99.26,86.7,11
gps_enabled/20260928-182850,2,100.26,87.85,11
gps_enabled/20260928-182850,2,102.26,89.95,11
gps_enabled/20260928-182850,2,103.26,90.7,11
gps_enabled/20260928-182850,2,104.26,92.37,11
gps_enabled/20260928-182850,2,106.26,95.6,11
gps_enabled/20260928-182850,2,107.26,96.4,11
gps_enabled/20260928-182850,2,109.26,98.34,24
gps_enabled/20260928-182850,2,110.26,99.08,24
gps_enabled/20260928-182850,2,112.26,100.23,24
gps_enabled/20260928-182850,2,114.26,101.78,24
gps_enabled/20260928-182850,2,116.26,103.36,24
gps_enabled/20260928-182850,2,117.26,104.02,24
gps_enabled/20260928-182850,2,119.26,106.25,24
gps_enabled/20260928-182850,2,121.26,107.5,19
gps_enabled/20260928-182850,2,123.26,108.72,19
gps_enabled/20260928-182850,2,124.26,109.8,19
gps_enabled/20260928-182850,2,126.26,111.0,19
gps_enabled/20260928-182850,2,128.26,113.03,19
gps_enabled/20260928-182850,2,129.26,113.74,19
gps_enabled/20260928-182850,2,130.26,115.43,19
gps_enabled/20260928-182850,2,131.27,116.88,19
gps_enabled/20260928-182850,2,133.26,121.94,21
gps_enabled/20260928-182850,2,134.26,123.0,21
gps_enabled/20260928-182850,2,136.26,124.6,21
gps_enabled/20260928-182850,2,137.26,126.49,21
gps_enabled/20260928-182850,2,139.26,127.13,21
gps_enabled/20260928-182850,2,140.27,127.88,21
gps_enabled/20260928-182850,2,141.27,128.2,21
gps_enabled/20260928-182850,2,143.27,128.32,21
gps_enabled/20260928-182850,2,145.26,129.31,21
gps_enabled/20260928-182850,2,147.27,129.94,21
gps_enabled/20260928-182850,2,148.27,130.32,21
gps_enabled/20260928-182850,2,150.26,130.54,21
gps_enabled/20260928-182850,2,151.27,130.78,21
gps_enabled/20260928-182850,2,153.26,131.31,21
gps_enabled/20260928-182850,2,154.27,131.5,21
gps_enabled/20260928-182850,2,156.27,131.97,21
gps_enabled/20260928-182850,2,158.26,132.18,21
gps_enabled/20260928-182850,2,160.26,132.56,21
gps_enabled/20260928-182850,2,162.27,132.73,21
gps_enabled/20260928-182850,2,164.26,132.83,21
gps_enabled/20260928-182850,2,165.26,132.83,21
gps_enabled/20260928-182850,2,166.26,133.02,21
gps_enabled/20260928-182850,2,168.27,133.29,21
gps_enabled/20260928-182850,2,170.27,133.51,21
gps_enabled/20260928-182850,2,172.26,133.69,21
gps_enabled/20260928-182850,2,173.26,133.98,21
gps_enabled/20260928-182850,2,174.27,134.29,21
gps_enabled/20260928-182850,2,176.27,135.0,21
gps_enabled/20260928-182850,2,178.27,135.84,21
gps_enabled/20260928-182850,2,180.26,136.5,21
gps_enabled/20260928-182850,2,181.27,137.3,21
gps_enabled/20260928-182850,2,183.26,138.27,16
gps_enabled/20260928-182850,2,184.26,138.27,16
gps_enabled/20260928-182850,2,186.26,139.74,16
gps_enabled/20260928-182850,2,187.27,141.11,16
gps_enabled/20260928-182850,2,189.26,143.04,16
gps_enabled/20260928-182850,2,190.27,143.04,16
gps_enabled/20260928-182850,2,192.27,144.21,16
gps_enabled/20260928-182850,2,194.27,144.68,16
gps_enabled/20260928-182850,2,195.27,144.89,16
gps_enabled/20260928-182850,2,196.27,145.02,16
gps_enabled/20260928-182850,2,198.28,145.73,16
gps_enabled/20260928-182850,2,200.27,146.38,16
gps_enabled/20260928-182850,2,202.27,147.78,16
gps_enabled/20260928-182850,2,203.28,148.97,16
gps_enabled/20260928-182850,2,205.28,156.55,16
gps_enabled/20260928-182850,2,207.27,161.74,16
gps_enabled/20260928-182850,2,209.27,162.62,16
gps_enabled/20260928-182850,2,210.27,163.66,16
gps_enabled/20260928-182850,2,212.27,164.95,36
gps_enabled/20260928-182850,2,214.28,166.11,36
gps_enabled/20260928-182850,2,216.27,166.93,36
gps_enabled/20260928-182850,2,217.28,167.31,36
gps_enabled/20260928-182850,2,219.27,167.58,36
gps_enabled/20260928-182850,2,220.27,167.87,36
gps_enabled/20260928-182850,2,222.27,168.11,36
gps_enabled/20260928-182850,2,223.27,168.18,36
gps_enabled/20260928-182850,2,225.27,168.31,36
gps_enabled/20260928-182850,2,227.27,168.6,36
gps_enabled/20260928-182850,2,229.27,168.9,36
gps_enabled/20260928-182850,2,231.27,169.83,36
gps_enabled/20260928-182850,2,232.27,171.03,36
gps_enabled/20260928-182850,2,234.27,172.26,13
gps_enabled/20260928-182850,2,235.28,173.46,13
gps_enabled/20260928-182850,2,237.28,176.12,13
gps_enabled/20260928-182850,2,239.27,179.23,13
gps_enabled/20260928-182850,2,240.28,179.99,13
gps_enabled/20260928-182850,2,241.28,181.4,12
gps_enabled/20260928-182850,2,243.27,182.35,12
gps_enabled/20260928-182850,2,244.28,182.78,12
gps_enabled/20260928-182850,2,246.28,183.06,12
gps_enabled/20260928-182850,2,247.28,183.13,12
gps_enabled/20260928-182850,2,249.28,183.29,12
gps_enabled/20260928-182850,2,251.28,183.44,12
gps_enabled/20260928-182850,2,253.28,184.04,12
gps_enabled/20260928-182850,2,255.27,184.94,12
gps_enabled/20260928-182850,2,257.27,188.51,12
gps_enabled/20260928-182850,2,258.28,190.27,9
gps_enabled/20260928-182850,2,260.28,194.48,9
gps_enabled/20260928-182850,2,261.28,195.59,9
gps_enabled/20260928-182850,2,263.27,196.18,9
gps_enabled/20260928-182850,2,264.28,196.32,9
gps_enabled/20260928-182850,2,265.28,196.38,9
gps_enabled/20260928-182850,2,266.28,196.46,9
gps_enabled/20260928-182850,2,268.28,196.65,9
gps_enabled/20260928-182850,2,269.28,196.78,7
gps_enabled/20260928-182850,2,270.28,196.87,7
gps_enabled/20260928-182850,2,271.28,197.59,7
gps_enabled/20260928-182850,2,273.28,201.74,7
gps_enabled/20260928-182850,2,274.28,204.77,7
gps_enabled/20260928-182850,2,276.28,206.52,7
gps_enabled/20260928-182850,2,277.28,206.79,7
gps_enabled/20260928-182850,2,279.28,207.17,7
gps_enabled/20260928-182850,2,281.28,207.41,7
gps_enabled/20260928-182850,2,283.28,207.67,7
gps_enabled/20260928-182850,2,285.28,207.99,7
gps_enabled/20260928-182850,2,287.28,208.67,7
gps_enabled/20260928-182850,2,288.28,209.55,4
gps_enabled/20260928-182850,2,290.27,212.3,4
gps_enabled/20260928-182850,2,291.28,215.69,4
gps_enabled/20260928-182850,2,292.29,217.28,4
gps_enabled/20260928-182850,2,294.28,220.06,4
gps_enabled/20260928-182850,2,295.29,220.24,4
gps_enabled/20260928-182850,2,297.29,220.87,4
gps_enabled/20260928-182850,2,299.29,221.06,4
gps_enabled/20260928-182850,2,300.29,221.09,4
gps_enabled/20260928-182850,2,302.28,221.13,4
gps_enabled/20260928-182850,2,303.29,221.16,4
gps_enabled/20260928-182850,2,305.29,221.16,4
gps_enabled/20260928-182850,2,307.29,221.17,4
gps_enabled/20260928-182850,2,309.28,221.2,4
gps_enabled/20260928-182850,2,310.29,221.2,4
gps_enabled/20260928-182850,2,312.28,221.21,4
gps_enabled/20260928-182850,2,313.29,221.22,4
gps_enabled/20260928-182850,2,315.28,221.23,4
gps_enabled/20260928-182850,2,316.29,221.24,4
gps_enabled/20260928-182850,2,317.29,221.25,4
gps_enabled/20260928-182850,2,319.29,221.25,4
gps_enabled/20260928-182850,2,320.29,221.25,4
gps_enabled/20260928-182850,2,322.29,221.27,4
gps_enabled/20260928-182850,2,323.29,221.29,2
gps_enabled/20260928-182850,2,325.29,221.32,2
gps_enabled/20260928-182850,2,327.29,221.38,2
gps_enabled/20260928-182850,2,328.3,221.64,2
gps_enabled/20260928-182850,2,330.3,222.58,2
gps_enabled/20260928-182850,2,332.29,225.97,2
gps_enabled/20260928-182850,2,333.29,231.67,2
gps_enabled/20260928-182850,2,334.3,233.59,2
gps_enabled/20260928-182850,2,336.3,237.49,2
gps_enabled/20260928-182850,2,338.29,240.99,2
gps_enabled/20260928-182850,2,339.29,242.34,2
gps_enabled/20260928-182850,2,340.3,242.8,18
gps_enabled/20260928-182850,2,342.3,243.61,18
gps_enabled/20260928-182850,2,344.29,244.54,18
gps_enabled/20260928-182850,2,346.3,245.15,18
gps_enabled/20260928-182850,2,348.28,245.54,18
gps_enabled/20260928-182850,2,349.29,245.73,18
gps_enabled/20260928-182850,2,351.3,245.98,18
gps_enabled/20260928-182850,2,353.29,246.51,18
gps_enabled/20260928-182850,2,354.3,246.92,18
gps_enabled/20260928-182850,2,356.29,248.14,18
gps_enabled/20260928-182850,2,357.29,248.78,18
gps_enabled/20260928-182850,2,359.3,258.26,18
gps_enabled/20260928-182850,2,361.29,265.65,12
gps_enabled/20260928-182850,2,362.3,266.91,12
gps_enabled/20260928-182850,2,364.3,268.53,12
gps_enabled/20260928-182850,2,366.29,269.46,12
gps_enabled/20260928-182850,2,367.31,269.68,12
gps_enabled/20260928-182850,2,369.3,270.54,12
gps_enabled/20260928-182850,2,370.3,271.5,12
gps_enabled/20260928-182850,2,372.29,272.86,10
gps_enabled/20260928-182850,2,373.3,273.98,10
gps_enabled/20260928-182850,2,374.3,276.52,10
gps_enabled/20260928-182850,2,375.3,280.33,10
gps_enabled/20260928-182850,2,377.29,289.83,10
gps_enabled/20260928-182850,2,378.29,292.86,10
gps_enabled/20260928-182850,2,380.29,298.04,10
gps_enabled/20260928-182850,2,382.3,300.05,46
gps_enabled/20260928-182850,2,384.31,301.31,46
gps_enabled/20260928-182850,2,386.3,302.48,46
gps_enabled/20260928-182850,2,387.3,302.66,46
gps_enabled/20260928-182850,2,389.29,303.08,46
gps_enabled/20260928-182850,2,390.29,303.25,46
gps_enabled/20260928-182850,2,391.3,303.36,46
gps_enabled/20260928-182850,2,393.3,303.43,46
gps_enabled/20260928-182850,2,395.3,303.49,46
gps_enabled/20260928-182850,2,396.31,303.52,46
gps_enabled/20260928-182850,2,398.3,303.55,12
gps_enabled/20260928-182850,2,400.3,303.55,12
gps_enabled/20260928-182850,2,402.3,303.56,12
gps_enabled/20260928-182850,2,403.3,303.58,12
gps_enabled/20260928-182850,2,405.3,303.61,12
gps_enabled/20260928-182850,2,406.3,303.61,12
gps_enabled/20260928-182850,2,407.31,303.62,12
gps_enabled/20260928-182850,2,409.31,303.63,12
gps_enabled/20260928-182850,2,411.3,303.66,12
gps_enabled/20260928-182850,2,412.31,303.67,12
gps_enabled/20260928-182850,2,414.31,303.68,12
gps_enabled/20260928-182850,2,416.3,303.7,12
gps_enabled/20260928-182850,2,417.3,303.73,12
gps_enabled/20260928-182850,2,418.3,303.77,10
gps_enabled/20260928-182850,2,419.31,303.8,10
gps_enabled/20260928-182850,2,421.3,303.85,10
gps_enabled/20260928-182850,2,422.3,303.87,10
gps_enabled/20260928-182850,2,424.29,303.9,10
gps_enabled/20260928-182850,2,425.29,303.93,10
gps_enabled/20260928-182850,2,426.29,303.94,10
gps_enabled/20260928-182850,2,427.3,303.95,10
gps_enabled/20260928-182850,2,429.3,304.0,10
gps_enabled/20260928-182850,2,431.29,304.21,6
gps_enabled/20260928-182850,2,432.3,304.21,5
gps_enabled/20260928-182850,2,434.29,304.21,5
gps_enabled/20260928-182850,2,435.3,304.24,5
gps_enabled/20260928-182850,2,437.3,304.34,4
gps_enabled/20260928-182850,2,438.3,304.82,0
gps_enabled/20260928-182850,2,440.3,306.28,6
gps_enabled/20260928-182850,2,441.3,306.28,4
gps_enabled/20260928-182850,2,442.31,307.8,4
gps_enabled/20260928-182850,2,443.31,307.8,4
gps_enabled/20260928-182850,2,444.31,307.8,4
gps_enabled/20260928-182850,2,446.31,307.8,4
gps_enabled/20260928-182850,2,448.31,307.8,4
gps_enabled/20260928-182850,2,450.31,307.8,4
gps_enabled/20260928-182850,2,452.3,307.8,4
gps_enabled/20260928-182850,2,453.31,307.8,4
gps_enabled/20260928-182850,2,455.31,307.8,4
gps_enabled/20260928-182850,2,457.3,307.8,4
gps_enabled/20260928-182850,2,458.31,307.8,4
gps_enabled/20260928-182850,2,460.3,307.8,4
gps_enabled/20260928-182850,2,462.3,307.8,4
gps_enabled/20260928-182850,2,464.3,307.8,4
gps_enabled/20260928-182850,2,465.31,307.8,4
gps_enabled/20260928-182850,2,467.3,307.8,4
gps_enabled/20260928-182850,2,469.3,307.8,4
gps_enabled/20260928-182850,2,470.31,307.8,4
gps_enabled/20260928-182850,2,472.3,307.8,4
gps_enabled/20260928-182850,2,473.31,307.8,4
gps_enabled/20260928-182850,2,475.31,307.8,4
gps_enabled/20260928-182850,2,477.31,307.8,4
gps_enabled/20260928-182850,2,479.3,307.8,4
gps_enabled/20260928-182850,2,481.3,307.8,4
gps_enabled/20260928-182850,2,483.29,307.8,4
gps_enabled/20260928-182850,2,484.3,307.8,4
gps_enabled/20260928-182850,2,485.3,307.8,4
gps_enabled/20260928-182850,2,487.29,307.8,4
gps_enabled/20260928-182850,2,489.3,307.8,4
gps_enabled/20260928-182850,2,491.31,307.8,4
gps_enabled/20260928-182850,2,493.3,307.8,4
gps_enabled/20260928-182850,2,495.3,307.8,4
gps_enabled/20260928-182850,2,497.29,307.8,4
gps_enabled/20260928-182850,2,498.3,307.8,4
gps_enabled/20260928-182850,2,500.3,307.8,4
gps_enabled/20260928-182850,2,502.3,307.8,4
gps_enabled/20260928-182850,2,503.31,307.8,4
gps_enabled/20260928-182850,2,505.31,307.8,4
gps_enabled/20260928-182850,2,507.31,307.8,4
gps_enabled/20260928-182850,2,509.31,307.8,4
gps_enabled/20260928-182850,2,511.31,307.8,4
gps_enabled/20260928-182850,2,513.3,307.8,4
gps_enabled/20260928-182850,2,514.3,307.8,4
gps_enabled/20260928-182850,2,515.31,307.8,4
gps_enabled/20260928-182850,2,516.31,307.8,4
gps_enabled/20260928-182850,2,517.31,307.8,4
gps_enabled/20260928-182850,2,518.31,307.8,4
gps_enabled/20260928-182850,2,520.3,307.8,4
gps_enabled/20260928-182850,2,522.3,307.8,4
gps_enabled/20260928-182850,2,523.3,307.8,4
gps_enabled/20260928-182850,2,525.31,307.8,4
gps_enabled/20260928-182850,2,527.31,307.8,4
gps_enabled/20260928-182850,2,529.3,307.8,4
gps_enabled/20260928-182850,2,530.31,307.8,4
gps_enabled/20260928-182850,2,532.3,307.8,4
gps_enabled/20260928-182850,2,533.31,307.8,4
gps_enabled/20260928-182850,2,534.31,307.8,4
gps_enabled/20260928-182850,2,535.31,307.8,4
gps_enabled/20260928-182850,2,537.31,307.8,4
gps_enabled/20260928-182850,2,539.31,307.8,4
gps_enabled/20260928-182850,2,540.31,307.8,4
gps_enabled/20260928-182850,2,542.3,307.8,4
gps_enabled/20260928-182850,2,543.31,307.8,4
gps_enabled/20260928-182850,2,545.31,307.8,4
gps_enabled/20260928-182850,2,546.32,307.8,4
gps_enabled/20260928-182850,2,548.31,307.8,4
gps_enabled/20260928-182850,2,550.31,307.8,4
gps_enabled/20260928-182850,2,551.31,307.8,4
gps_enabled/20260928-182850,2,553.3,307.8,4
gps_enabled/20260928-182850,2,554.3,307.8,4
gps_enabled/20260928-182850,2,555.31,307.8,4
gps_enabled/20260928-182850,2,557.3,307.8,4
gps_enabled/20260928-182850,2,558.31,307.8,4
gps_enabled/20260928-182850,2,560.31,307.8,4
gps_enabled/20260928-182850,2,562.31,307.8,4
